variant,gene,effect_type
792,LMF1,pathogenic_variant
143993,LMF1,pathogenic_variant
915345,LMF1,pathogenic_variant
2961040,LMF1,pathogenic_variant
1074820,LMF1,pathogenic_variant
1334397,LMF1,pathogenic_variant
1341517,LMF1,pathogenic_variant
1675593,LMF1,pathogenic_variant
1677611,LMF1,pathogenic_variant
1677682,LMF1,likely_pathogenic_variant
1677693,LMF1,likely_pathogenic_variant
1677881,LMF1,pathogenic_variant
1677919,LMF1,likely_pathogenic_variant
1767730,LMF1,likely_pathogenic_variant
2426772,LMF1,pathogenic_variant
2426773,LMF1,pathogenic_variant
1936829,LMF1,pathogenic_variant
2633536,LMF1,likely_pathogenic_variant
2788856,LMF1,pathogenic_variant
2789167,LMF1,pathogenic_variant
2910386,LMF1,likely_pathogenic_variant
3011463,LMF1,pathogenic_variant
3227807,LMF1,pathogenic_variant
3391618,LMF1,likely_pathogenic_variant
3609264,LMF1,pathogenic_variant
3645095,LMF1,pathogenic_variant
3682280,LMF1,pathogenic_variant
4075909,LMF1,pathogenic_variant
4703175,LMF1,pathogenic_variant
4748684,LMF1,pathogenic_variant
1519,LPL,likely_pathogenic_variant
1520,LPL,pathogenic_variant
1521,LPL,pathogenic_variant
1522,LPL,pathogenic_variant
1523,LPL,pathogenic_variant
1524,LPL,pathogenic_variant
1525,LPL,pathogenic_variant
1526,LPL,pathogenic_variant
1527,LPL,pathogenic_variant
1528,LPL,pathogenic_variant
1530,LPL,pathogenic_variant
1531,LPL,pathogenic_variant
1532,LPL,pathogenic_variant
1533,LPL,pathogenic_variant
1535,LPL,pathogenic_variant
1536,LPL,pathogenic_variant
1537,LPL,pathogenic_variant
1538,LPL,pathogenic_variant
1539,LPL,pathogenic_variant
1540,LPL,pathogenic_variant
1541,LPL,pathogenic_variant
1542,LPL,pathogenic_variant
1543,LPL,pathogenic_variant
1544,LPL,pathogenic_variant
1545,LPL,pathogenic_variant
1546,LPL,pathogenic_variant
1547,LPL,likely_pathogenic_variant
1548,LPL,pathogenic_variant
1551,LPL,likely_pathogenic_variant
1553,LPL,pathogenic_variant
1554,LPL,pathogenic_variant
1556,LPL,pathogenic_variant
1557,LPL,pathogenic_variant
1558,LPL,pathogenic_variant
226449,LPL,likely_pathogenic_variant
424622,LPL,likely_pathogenic_variant
522719,LPL,likely_pathogenic_variant
643218,LPL,pathogenic_variant
855588,LPL,pathogenic_variant
851236,LPL,pathogenic_variant
950321,LPL,pathogenic_variant
948095,LPL,pathogenic_variant
968107,LPL,pathogenic_variant
973587,LPL,likely_pathogenic_variant
973588,LPL,likely_pathogenic_variant
979021,LPL,likely_pathogenic_variant
995957,LPL,pathogenic_variant
1030690,LPL,pathogenic_variant
1066635,LPL,pathogenic_variant
1066136,LPL,likely_pathogenic_variant
1066636,LPL,pathogenic_variant
1076886,LPL,pathogenic_variant
1069128,LPL,pathogenic_variant
1072728,LPL,pathogenic_variant
1076739,LPL,pathogenic_variant
1075531,LPL,pathogenic_variant
1070373,LPL,pathogenic_variant
1196534,LPL,likely_pathogenic_variant
1203042,LPL,pathogenic_variant
1210341,LPL,likely_pathogenic_variant
1212446,LPL,likely_pathogenic_variant
1236167,LPL,pathogenic_variant
1284647,LPL,likely_pathogenic_variant
1324675,LPL,likely_pathogenic_variant
1324676,LPL,likely_pathogenic_variant
1494261,LPL,pathogenic_variant
1399464,LPL,pathogenic_variant
1455947,LPL,pathogenic_variant
1471786,LPL,likely_pathogenic_variant
1418720,LPL,pathogenic_variant
1500351,LPL,likely_pathogenic_variant
1366216,LPL,pathogenic_variant
1423003,LPL,pathogenic_variant
1448765,LPL,pathogenic_variant
1370928,LPL,pathogenic_variant
1452004,LPL,pathogenic_variant
1452072,LPL,pathogenic_variant
1427499,LPL,pathogenic_variant
1401888,LPL,pathogenic_variant
1456311,LPL,pathogenic_variant
1455355,LPL,pathogenic_variant
1431010,LPL,pathogenic_variant
1457932,LPL,pathogenic_variant
1458039,LPL,pathogenic_variant
1459737,LPL,pathogenic_variant
1392632,LPL,likely_pathogenic_variant
1492400,LPL,pathogenic_variant
1677766,LPL,pathogenic_variant
1685369,LPL,likely_pathogenic_variant
1685928,LPL,pathogenic_variant
1685930,LPL,pathogenic_variant
1685932,LPL,pathogenic_variant
1693264,LPL,pathogenic_variant
1749778,LPL,pathogenic_variant
1769926,LPL,pathogenic_variant
1803250,LPL,likely_pathogenic_variant
2136643,LPL,likely_pathogenic_variant
2136644,LPL,likely_pathogenic_variant
2422620,LPL,pathogenic_variant
2006935,LPL,likely_pathogenic_variant
2026484,LPL,pathogenic_variant
2085152,LPL,pathogenic_variant
2133466,LPL,pathogenic_variant
2429741,LPL,pathogenic_variant
2429774,LPL,pathogenic_variant
2441229,LPL,likely_pathogenic_variant
2484764,LPL,pathogenic_variant
2582665,LPL,pathogenic_variant
2583060,LPL,likely_pathogenic_variant
2735123,LPL,pathogenic_variant
2735125,LPL,pathogenic_variant
2735126,LPL,likely_pathogenic_variant
2735128,LPL,likely_pathogenic_variant
2735129,LPL,likely_pathogenic_variant
2735131,LPL,likely_pathogenic_variant
2769182,LPL,pathogenic_variant
2768165,LPL,pathogenic_variant
2793081,LPL,pathogenic_variant
2795633,LPL,pathogenic_variant
2814855,LPL,pathogenic_variant
2823414,LPL,likely_pathogenic_variant
2843115,LPL,likely_pathogenic_variant
2840731,LPL,pathogenic_variant
2849043,LPL,pathogenic_variant
2863224,LPL,pathogenic_variant
2972813,LPL,pathogenic_variant
2988064,LPL,likely_pathogenic_variant
2992733,LPL,likely_pathogenic_variant
3066297,LPL,likely_pathogenic_variant
3068354,LPL,pathogenic_variant
3245547,LPL,pathogenic_variant
3245549,LPL,pathogenic_variant
3245550,LPL,pathogenic_variant
3251541,LPL,likely_pathogenic_variant
3340534,LPL,pathogenic_variant
3376967,LPL,likely_pathogenic_variant
3391032,LPL,likely_pathogenic_variant
3595455,LPL,pathogenic_variant
3595456,LPL,likely_pathogenic_variant
3595457,LPL,likely_pathogenic_variant
3595458,LPL,likely_pathogenic_variant
3595459,LPL,likely_pathogenic_variant
3630603,LPL,pathogenic_variant
3638649,LPL,pathogenic_variant
3691103,LPL,pathogenic_variant
3720801,LPL,pathogenic_variant
3894920,LPL,likely_pathogenic_variant
3895920,LPL,likely_pathogenic_variant
3896141,LPL,pathogenic_variant
3902607,LPL,likely_pathogenic_variant
4070182,LPL,likely_pathogenic_variant
4070186,LPL,likely_pathogenic_variant
4070188,LPL,likely_pathogenic_variant
4070161,LPL,pathogenic_variant
4086158,LPL,likely_pathogenic_variant
4278626,LPL,likely_pathogenic_variant
4526506,LPL,likely_pathogenic_variant
4531218,LPL,likely_pathogenic_variant
4541346,LPL,likely_pathogenic_variant
4709571,LPL,likely_pathogenic_variant
4731933,LPL,likely_pathogenic_variant
4817963,LPL,pathogenic_variant
4817964,LPL,likely_pathogenic_variant
4817965,LPL,pathogenic_variant
4817966,LPL,likely_pathogenic_variant
4817967,LPL,pathogenic_variant
4817968,LPL,likely_pathogenic_variant
4850521,LPL,likely_pathogenic_variant
2576,APOC2,pathogenic_variant
2579,APOC2,likely_pathogenic_variant
2583,APOC2,pathogenic_variant
280159,APOC2,pathogenic_variant
1685529,APOC2,pathogenic_variant
2423146,APOC2,pathogenic_variant
1937520,APOC2,pathogenic_variant
2992672,APOC2,pathogenic_variant
3237335,APOC2,pathogenic_variant
3362701,APOC2,pathogenic_variant
4126902,APOC2,likely_pathogenic_variant
2873,PCSK9,pathogenic_variant
2874,PCSK9,pathogenic_variant
2875,PCSK9,pathogenic_variant
201127,PCSK9,pathogenic_variant
265939,PCSK9,pathogenic_variant
297692,PCSK9,pathogenic_variant
431555,PCSK9,pathogenic_variant
438337,PCSK9,likely_pathogenic_variant
440706,PCSK9,pathogenic_variant
440712,PCSK9,pathogenic_variant
440715,PCSK9,pathogenic_variant
440721,PCSK9,pathogenic_variant
440722,PCSK9,pathogenic_variant
440725,PCSK9,pathogenic_variant
1015123,PCSK9,likely_pathogenic_variant
1120257,PCSK9,likely_pathogenic_variant
2027927,PCSK9,pathogenic_variant
4277664,PCSK9,likely_pathogenic_variant
3656,LCAT,pathogenic_variant
3657,LCAT,pathogenic_variant
3658,LCAT,pathogenic_variant
3659,LCAT,pathogenic_variant
3660,LCAT,pathogenic_variant
3661,LCAT,pathogenic_variant
3662,LCAT,pathogenic_variant
3665,LCAT,pathogenic_variant
3666,LCAT,pathogenic_variant
3668,LCAT,likely_pathogenic_variant
3669,LCAT,pathogenic_variant
3670,LCAT,pathogenic_variant
3671,LCAT,pathogenic_variant
3672,LCAT,pathogenic_variant
3673,LCAT,pathogenic_variant
3674,LCAT,pathogenic_variant
626357,LCAT,pathogenic_variant
626358,LCAT,pathogenic_variant
632262,LCAT,likely_pathogenic_variant
1338728,LCAT,likely_pathogenic_variant
1454135,LCAT,pathogenic_variant
1458807,LCAT,pathogenic_variant
1764448,LCAT,likely_pathogenic_variant
1969478,LCAT,pathogenic_variant
2585273,LCAT,likely_pathogenic_variant
2631093,LCAT,likely_pathogenic_variant
2736369,LCAT,pathogenic_variant
2879462,LCAT,pathogenic_variant
3067749,LCAT,likely_pathogenic_variant
3581201,LCAT,likely_pathogenic_variant
3581202,LCAT,likely_pathogenic_variant
3581207,LCAT,pathogenic_variant
3581208,LCAT,pathogenic_variant
3581209,LCAT,likely_pathogenic_variant
3581214,LCAT,likely_pathogenic_variant
3581217,LCAT,likely_pathogenic_variant
3581220,LCAT,likely_pathogenic_variant
4081488,LCAT,likely_pathogenic_variant
4614481,LCAT,likely_pathogenic_variant
3683,LDLR,pathogenic_variant
3685,LDLR,pathogenic_variant
3686,LDLR,pathogenic_variant
3688,LDLR,pathogenic_variant
3689,LDLR,likely_pathogenic_variant
3690,LDLR,pathogenic_variant
3691,LDLR,pathogenic_variant
3692,LDLR,pathogenic_variant
3695,LDLR,pathogenic_variant
3696,LDLR,pathogenic_variant
3697,LDLR,pathogenic_variant
3698,LDLR,pathogenic_variant
3699,LDLR,pathogenic_variant
3701,LDLR,pathogenic_variant
3702,LDLR,pathogenic_variant
3703,LDLR,pathogenic_variant
3704,LDLR,pathogenic_variant
3705,LDLR,pathogenic_variant
3706,LDLR,pathogenic_variant
3709,LDLR,pathogenic_variant
3711,LDLR,pathogenic_variant
3713,LDLR,pathogenic_variant
3715,LDLR,pathogenic_variant
3716,LDLR,pathogenic_variant
3722,LDLR,pathogenic_variant
3723,LDLR,pathogenic_variant
3724,LDLR,pathogenic_variant
3726,LDLR,pathogenic_variant
3727,LDLR,pathogenic_variant
3729,LDLR,pathogenic_variant
3730,LDLR,pathogenic_variant
3731,LDLR,pathogenic_variant
3732,LDLR,pathogenic_variant
3733,LDLR,pathogenic_variant
3734,LDLR,likely_pathogenic_variant
3736,LDLR,pathogenic_variant
3738,LDLR,pathogenic_variant
3739,LDLR,pathogenic_variant
3740,LDLR,pathogenic_variant
3741,LDLR,pathogenic_variant
3742,LDLR,likely_pathogenic_variant
3743,LDLR,likely_pathogenic_variant
3744,LDLR,pathogenic_variant
3746,LDLR,likely_pathogenic_variant
3747,LDLR,pathogenic_variant
30627,LDLR,pathogenic_variant
36450,LDLR,likely_pathogenic_variant
36453,LDLR,likely_pathogenic_variant
36454,LDLR,likely_pathogenic_variant
36455,LDLR,pathogenic_variant
36458,LDLR,pathogenic_variant
36463,LDLR,likely_pathogenic_variant
68100,LDLR,pathogenic_variant
68103,LDLR,pathogenic_variant
161269,LDLR,pathogenic_variant
161266,LDLR,pathogenic_variant
161287,LDLR,pathogenic_variant
161268,LDLR,pathogenic_variant
161267,LDLR,pathogenic_variant
161276,LDLR,likely_pathogenic_variant
161277,LDLR,pathogenic_variant
161284,LDLR,pathogenic_variant
161270,LDLR,pathogenic_variant
161285,LDLR,pathogenic_variant
161271,LDLR,pathogenic_variant
161290,LDLR,pathogenic_variant
161265,LDLR,likely_pathogenic_variant
162499,LDLR,pathogenic_variant
180403,LDLR,pathogenic_variant
180402,LDLR,pathogenic_variant
183083,LDLR,likely_pathogenic_variant
183085,LDLR,likely_pathogenic_variant
183136,LDLR,pathogenic_variant
183089,LDLR,likely_pathogenic_variant
183091,LDLR,pathogenic_variant
183092,LDLR,pathogenic_variant
183093,LDLR,pathogenic_variant
183098,LDLR,likely_pathogenic_variant
183105,LDLR,likely_pathogenic_variant
183106,LDLR,pathogenic_variant
183108,LDLR,likely_pathogenic_variant
183109,LDLR,likely_pathogenic_variant
183110,LDLR,pathogenic_variant
183113,LDLR,likely_pathogenic_variant
183116,LDLR,pathogenic_variant
183124,LDLR,likely_pathogenic_variant
183126,LDLR,pathogenic_variant
183128,LDLR,likely_pathogenic_variant
189296,LDLR,pathogenic_variant
189298,LDLR,pathogenic_variant
200924,LDLR,pathogenic_variant
200918,LDLR,pathogenic_variant
200919,LDLR,pathogenic_variant
200920,LDLR,pathogenic_variant
200921,LDLR,pathogenic_variant
200922,LDLR,pathogenic_variant
200923,LDLR,likely_pathogenic_variant
222688,LDLR,pathogenic_variant
222689,LDLR,pathogenic_variant
224616,LDLR,pathogenic_variant
225097,LDLR,likely_pathogenic_variant
225180,LDLR,likely_pathogenic_variant
225182,LDLR,pathogenic_variant
225183,LDLR,pathogenic_variant
226404,LDLR,pathogenic_variant
226405,LDLR,pathogenic_variant
226407,LDLR,pathogenic_variant
226400,LDLR,pathogenic_variant
226401,LDLR,pathogenic_variant
226397,LDLR,pathogenic_variant
226403,LDLR,pathogenic_variant
226399,LDLR,pathogenic_variant
226406,LDLR,pathogenic_variant
226303,LDLR,pathogenic_variant
226304,LDLR,pathogenic_variant
226305,LDLR,pathogenic_variant
226306,LDLR,pathogenic_variant
226307,LDLR,pathogenic_variant
226308,LDLR,likely_pathogenic_variant
226309,LDLR,pathogenic_variant
226311,LDLR,pathogenic_variant
226312,LDLR,pathogenic_variant
226313,LDLR,pathogenic_variant
226314,LDLR,pathogenic_variant
226315,LDLR,pathogenic_variant
226316,LDLR,pathogenic_variant
226317,LDLR,pathogenic_variant
226318,LDLR,pathogenic_variant
226319,LDLR,pathogenic_variant
226320,LDLR,pathogenic_variant
226322,LDLR,pathogenic_variant
226323,LDLR,likely_pathogenic_variant
226324,LDLR,pathogenic_variant
226325,LDLR,pathogenic_variant
226326,LDLR,pathogenic_variant
226328,LDLR,pathogenic_variant
226329,LDLR,pathogenic_variant
226330,LDLR,pathogenic_variant
226331,LDLR,pathogenic_variant
226332,LDLR,likely_pathogenic_variant
226333,LDLR,pathogenic_variant
226334,LDLR,pathogenic_variant
226335,LDLR,pathogenic_variant
226336,LDLR,likely_pathogenic_variant
226337,LDLR,pathogenic_variant
226339,LDLR,pathogenic_variant
226338,LDLR,pathogenic_variant
226340,LDLR,pathogenic_variant
226344,LDLR,pathogenic_variant
226341,LDLR,pathogenic_variant
226342,LDLR,pathogenic_variant
226343,LDLR,likely_pathogenic_variant
226345,LDLR,pathogenic_variant
226346,LDLR,pathogenic_variant
226347,LDLR,pathogenic_variant
226348,LDLR,pathogenic_variant
226349,LDLR,pathogenic_variant
226350,LDLR,likely_pathogenic_variant
226351,LDLR,pathogenic_variant
226352,LDLR,likely_pathogenic_variant
226353,LDLR,pathogenic_variant
226355,LDLR,pathogenic_variant
226356,LDLR,pathogenic_variant
226357,LDLR,pathogenic_variant
226358,LDLR,pathogenic_variant
226363,LDLR,pathogenic_variant
226364,LDLR,pathogenic_variant
226366,LDLR,pathogenic_variant
226367,LDLR,pathogenic_variant
226369,LDLR,pathogenic_variant
226370,LDLR,pathogenic_variant
226371,LDLR,pathogenic_variant
226372,LDLR,pathogenic_variant
226374,LDLR,likely_pathogenic_variant
226375,LDLR,pathogenic_variant
226298,LDLR,pathogenic_variant
226377,LDLR,pathogenic_variant
226379,LDLR,pathogenic_variant
226380,LDLR,pathogenic_variant
226381,LDLR,pathogenic_variant
226382,LDLR,likely_pathogenic_variant
226383,LDLR,pathogenic_variant
226384,LDLR,pathogenic_variant
226385,LDLR,pathogenic_variant
226386,LDLR,likely_pathogenic_variant
226388,LDLR,pathogenic_variant
226390,LDLR,pathogenic_variant
226391,LDLR,pathogenic_variant
226392,LDLR,pathogenic_variant
226393,LDLR,pathogenic_variant
226395,LDLR,likely_pathogenic_variant
226398,LDLR,pathogenic_variant
228798,LDLR,likely_pathogenic_variant
228357,LDLR,pathogenic_variant
237860,LDLR,pathogenic_variant
237864,LDLR,pathogenic_variant
237872,LDLR,pathogenic_variant
237870,LDLR,pathogenic_variant
237865,LDLR,pathogenic_variant
250924,LDLR,pathogenic_variant
250941,LDLR,likely_pathogenic_variant
250945,LDLR,pathogenic_variant
250946,LDLR,likely_pathogenic_variant
250966,LDLR,pathogenic_variant
250967,LDLR,likely_pathogenic_variant
250968,LDLR,pathogenic_variant
250969,LDLR,likely_pathogenic_variant
250972,LDLR,pathogenic_variant
250975,LDLR,likely_pathogenic_variant
250976,LDLR,pathogenic_variant
250974,LDLR,pathogenic_variant
250977,LDLR,pathogenic_variant
250978,LDLR,pathogenic_variant
250979,LDLR,pathogenic_variant
250981,LDLR,likely_pathogenic_variant
250986,LDLR,pathogenic_variant
250987,LDLR,pathogenic_variant
250990,LDLR,pathogenic_variant
250991,LDLR,likely_pathogenic_variant
250992,LDLR,pathogenic_variant
250993,LDLR,pathogenic_variant
251005,LDLR,pathogenic_variant
251006,LDLR,pathogenic_variant
251007,LDLR,pathogenic_variant
251008,LDLR,pathogenic_variant
251009,LDLR,pathogenic_variant
251011,LDLR,pathogenic_variant
251014,LDLR,pathogenic_variant
251015,LDLR,pathogenic_variant
251016,LDLR,likely_pathogenic_variant
251017,LDLR,pathogenic_variant
251018,LDLR,pathogenic_variant
251019,LDLR,likely_pathogenic_variant
251020,LDLR,pathogenic_variant
251021,LDLR,pathogenic_variant
251023,LDLR,pathogenic_variant
251024,LDLR,pathogenic_variant
251025,LDLR,pathogenic_variant
251026,LDLR,pathogenic_variant
251027,LDLR,pathogenic_variant
251028,LDLR,pathogenic_variant
251029,LDLR,pathogenic_variant
251030,LDLR,pathogenic_variant
251031,LDLR,likely_pathogenic_variant
251032,LDLR,pathogenic_variant
251033,LDLR,likely_pathogenic_variant
251036,LDLR,pathogenic_variant
251039,LDLR,pathogenic_variant
251043,LDLR,likely_pathogenic_variant
251042,LDLR,pathogenic_variant
251044,LDLR,likely_pathogenic_variant
251045,LDLR,pathogenic_variant
251046,LDLR,pathogenic_variant
251048,LDLR,pathogenic_variant
251049,LDLR,pathogenic_variant
251051,LDLR,pathogenic_variant
251050,LDLR,pathogenic_variant
251054,LDLR,pathogenic_variant
251055,LDLR,pathogenic_variant
251057,LDLR,pathogenic_variant
251071,LDLR,pathogenic_variant
251072,LDLR,pathogenic_variant
251073,LDLR,pathogenic_variant
251074,LDLR,pathogenic_variant
251075,LDLR,pathogenic_variant
251076,LDLR,pathogenic_variant
251077,LDLR,pathogenic_variant
251078,LDLR,pathogenic_variant
251079,LDLR,pathogenic_variant
251080,LDLR,likely_pathogenic_variant
251082,LDLR,pathogenic_variant
251083,LDLR,pathogenic_variant
251084,LDLR,pathogenic_variant
251086,LDLR,pathogenic_variant
251089,LDLR,pathogenic_variant
251091,LDLR,pathogenic_variant
251090,LDLR,pathogenic_variant
251092,LDLR,pathogenic_variant
251093,LDLR,pathogenic_variant
251098,LDLR,pathogenic_variant
251100,LDLR,pathogenic_variant
251099,LDLR,pathogenic_variant
251102,LDLR,likely_pathogenic_variant
251103,LDLR,likely_pathogenic_variant
251104,LDLR,pathogenic_variant
251105,LDLR,pathogenic_variant
251106,LDLR,likely_pathogenic_variant
251107,LDLR,pathogenic_variant
251109,LDLR,likely_pathogenic_variant
251110,LDLR,pathogenic_variant
251111,LDLR,pathogenic_variant
251112,LDLR,likely_pathogenic_variant
251113,LDLR,likely_pathogenic_variant
251114,LDLR,pathogenic_variant
251115,LDLR,pathogenic_variant
251120,LDLR,pathogenic_variant
251121,LDLR,likely_pathogenic_variant
251122,LDLR,likely_pathogenic_variant
251125,LDLR,pathogenic_variant
251124,LDLR,pathogenic_variant
251126,LDLR,pathogenic_variant
251129,LDLR,pathogenic_variant
251128,LDLR,pathogenic_variant
251130,LDLR,likely_pathogenic_variant
251131,LDLR,likely_pathogenic_variant
251134,LDLR,pathogenic_variant
251133,LDLR,pathogenic_variant
251135,LDLR,pathogenic_variant
251136,LDLR,pathogenic_variant
251137,LDLR,likely_pathogenic_variant
251140,LDLR,pathogenic_variant
251142,LDLR,pathogenic_variant
251148,LDLR,pathogenic_variant
251149,LDLR,likely_pathogenic_variant
251150,LDLR,pathogenic_variant
251151,LDLR,pathogenic_variant
251152,LDLR,pathogenic_variant
251154,LDLR,pathogenic_variant
251155,LDLR,pathogenic_variant
251157,LDLR,pathogenic_variant
251158,LDLR,pathogenic_variant
251159,LDLR,pathogenic_variant
251160,LDLR,pathogenic_variant
251161,LDLR,pathogenic_variant
251162,LDLR,likely_pathogenic_variant
251163,LDLR,pathogenic_variant
251166,LDLR,likely_pathogenic_variant
251164,LDLR,likely_pathogenic_variant
251165,LDLR,likely_pathogenic_variant
251168,LDLR,pathogenic_variant
251169,LDLR,pathogenic_variant
251170,LDLR,likely_pathogenic_variant
251171,LDLR,pathogenic_variant
251172,LDLR,pathogenic_variant
251173,LDLR,likely_pathogenic_variant
251174,LDLR,pathogenic_variant
251175,LDLR,likely_pathogenic_variant
251176,LDLR,pathogenic_variant
251177,LDLR,likely_pathogenic_variant
251178,LDLR,likely_pathogenic_variant
251179,LDLR,pathogenic_variant
251182,LDLR,pathogenic_variant
251183,LDLR,pathogenic_variant
251186,LDLR,pathogenic_variant
251187,LDLR,pathogenic_variant
251188,LDLR,pathogenic_variant
251189,LDLR,likely_pathogenic_variant
251190,LDLR,likely_pathogenic_variant
251191,LDLR,pathogenic_variant
251193,LDLR,pathogenic_variant
251192,LDLR,pathogenic_variant
251194,LDLR,likely_pathogenic_variant
251195,LDLR,likely_pathogenic_variant
251198,LDLR,pathogenic_variant
251199,LDLR,pathogenic_variant
251201,LDLR,pathogenic_variant
251203,LDLR,pathogenic_variant
251204,LDLR,pathogenic_variant
251205,LDLR,likely_pathogenic_variant
251206,LDLR,likely_pathogenic_variant
251208,LDLR,pathogenic_variant
251209,LDLR,likely_pathogenic_variant
251210,LDLR,likely_pathogenic_variant
251211,LDLR,pathogenic_variant
251212,LDLR,pathogenic_variant
251213,LDLR,pathogenic_variant
251214,LDLR,pathogenic_variant
251215,LDLR,pathogenic_variant
251216,LDLR,pathogenic_variant
251217,LDLR,pathogenic_variant
251218,LDLR,pathogenic_variant
251219,LDLR,pathogenic_variant
251220,LDLR,pathogenic_variant
251221,LDLR,pathogenic_variant
251223,LDLR,likely_pathogenic_variant
251224,LDLR,pathogenic_variant
251225,LDLR,pathogenic_variant
251227,LDLR,pathogenic_variant
251228,LDLR,likely_pathogenic_variant
251231,LDLR,pathogenic_variant
251232,LDLR,likely_pathogenic_variant
251235,LDLR,likely_pathogenic_variant
251236,LDLR,likely_pathogenic_variant
251237,LDLR,pathogenic_variant
251238,LDLR,pathogenic_variant
251239,LDLR,pathogenic_variant
251240,LDLR,pathogenic_variant
251241,LDLR,likely_pathogenic_variant
251242,LDLR,pathogenic_variant
251243,LDLR,pathogenic_variant
251244,LDLR,pathogenic_variant
251245,LDLR,likely_pathogenic_variant
251247,LDLR,pathogenic_variant
251248,LDLR,pathogenic_variant
251250,LDLR,pathogenic_variant
251253,LDLR,likely_pathogenic_variant
251254,LDLR,pathogenic_variant
251255,LDLR,pathogenic_variant
251256,LDLR,pathogenic_variant
251257,LDLR,pathogenic_variant
251258,LDLR,pathogenic_variant
251259,LDLR,pathogenic_variant
251260,LDLR,likely_pathogenic_variant
251262,LDLR,likely_pathogenic_variant
251263,LDLR,pathogenic_variant
251264,LDLR,pathogenic_variant
251265,LDLR,pathogenic_variant
251266,LDLR,pathogenic_variant
251267,LDLR,pathogenic_variant
251268,LDLR,pathogenic_variant
251269,LDLR,pathogenic_variant
251271,LDLR,likely_pathogenic_variant
251270,LDLR,likely_pathogenic_variant
251272,LDLR,pathogenic_variant
251273,LDLR,likely_pathogenic_variant
251275,LDLR,likely_pathogenic_variant
251274,LDLR,pathogenic_variant
251276,LDLR,pathogenic_variant
251277,LDLR,pathogenic_variant
251278,LDLR,likely_pathogenic_variant
251279,LDLR,likely_pathogenic_variant
251280,LDLR,pathogenic_variant
251281,LDLR,likely_pathogenic_variant
251283,LDLR,likely_pathogenic_variant
251284,LDLR,pathogenic_variant
251285,LDLR,likely_pathogenic_variant
251282,LDLR,pathogenic_variant
251286,LDLR,pathogenic_variant
251287,LDLR,pathogenic_variant
251289,LDLR,pathogenic_variant
251290,LDLR,likely_pathogenic_variant
251291,LDLR,pathogenic_variant
251292,LDLR,pathogenic_variant
251294,LDLR,pathogenic_variant
251293,LDLR,likely_pathogenic_variant
251295,LDLR,pathogenic_variant
251296,LDLR,pathogenic_variant
251297,LDLR,pathogenic_variant
251298,LDLR,pathogenic_variant
251299,LDLR,pathogenic_variant
251301,LDLR,pathogenic_variant
251302,LDLR,pathogenic_variant
251303,LDLR,pathogenic_variant
251304,LDLR,pathogenic_variant
251305,LDLR,pathogenic_variant
251306,LDLR,pathogenic_variant
251308,LDLR,pathogenic_variant
251309,LDLR,likely_pathogenic_variant
251310,LDLR,pathogenic_variant
251311,LDLR,pathogenic_variant
251312,LDLR,pathogenic_variant
251316,LDLR,pathogenic_variant
251317,LDLR,likely_pathogenic_variant
251319,LDLR,pathogenic_variant
251320,LDLR,likely_pathogenic_variant
251321,LDLR,likely_pathogenic_variant
251322,LDLR,likely_pathogenic_variant
251323,LDLR,pathogenic_variant
251324,LDLR,pathogenic_variant
251325,LDLR,pathogenic_variant
251326,LDLR,likely_pathogenic_variant
251328,LDLR,pathogenic_variant
251329,LDLR,pathogenic_variant
251330,LDLR,pathogenic_variant
251331,LDLR,pathogenic_variant
251332,LDLR,pathogenic_variant
251335,LDLR,pathogenic_variant
251337,LDLR,pathogenic_variant
251336,LDLR,pathogenic_variant
251339,LDLR,likely_pathogenic_variant
251340,LDLR,pathogenic_variant
251342,LDLR,likely_pathogenic_variant
251341,LDLR,likely_pathogenic_variant
251343,LDLR,pathogenic_variant
251345,LDLR,pathogenic_variant
251344,LDLR,pathogenic_variant
251346,LDLR,pathogenic_variant
251348,LDLR,pathogenic_variant
251349,LDLR,likely_pathogenic_variant
251350,LDLR,pathogenic_variant
251351,LDLR,pathogenic_variant
251352,LDLR,likely_pathogenic_variant
251359,LDLR,pathogenic_variant
251356,LDLR,pathogenic_variant
251354,LDLR,pathogenic_variant
251355,LDLR,pathogenic_variant
251357,LDLR,likely_pathogenic_variant
251358,LDLR,pathogenic_variant
251361,LDLR,likely_pathogenic_variant
251360,LDLR,pathogenic_variant
251362,LDLR,likely_pathogenic_variant
251364,LDLR,pathogenic_variant
251365,LDLR,likely_pathogenic_variant
251363,LDLR,pathogenic_variant
251366,LDLR,likely_pathogenic_variant
251367,LDLR,pathogenic_variant
251370,LDLR,likely_pathogenic_variant
251368,LDLR,pathogenic_variant
251369,LDLR,likely_pathogenic_variant
251372,LDLR,pathogenic_variant
251373,LDLR,likely_pathogenic_variant
251374,LDLR,pathogenic_variant
251375,LDLR,pathogenic_variant
251376,LDLR,likely_pathogenic_variant
251377,LDLR,likely_pathogenic_variant
251378,LDLR,pathogenic_variant
251379,LDLR,pathogenic_variant
251380,LDLR,pathogenic_variant
251381,LDLR,likely_pathogenic_variant
251382,LDLR,pathogenic_variant
251384,LDLR,pathogenic_variant
251383,LDLR,likely_pathogenic_variant
251385,LDLR,likely_pathogenic_variant
251388,LDLR,pathogenic_variant
251386,LDLR,likely_pathogenic_variant
251387,LDLR,pathogenic_variant
251389,LDLR,pathogenic_variant
251390,LDLR,pathogenic_variant
251393,LDLR,pathogenic_variant
251391,LDLR,pathogenic_variant
251392,LDLR,likely_pathogenic_variant
251394,LDLR,pathogenic_variant
251396,LDLR,pathogenic_variant
251397,LDLR,pathogenic_variant
251398,LDLR,pathogenic_variant
251400,LDLR,likely_pathogenic_variant
251399,LDLR,pathogenic_variant
251401,LDLR,pathogenic_variant
251402,LDLR,pathogenic_variant
251403,LDLR,pathogenic_variant
251404,LDLR,likely_pathogenic_variant
251407,LDLR,pathogenic_variant
251409,LDLR,pathogenic_variant
251411,LDLR,pathogenic_variant
251415,LDLR,pathogenic_variant
251416,LDLR,pathogenic_variant
251417,LDLR,likely_pathogenic_variant
251418,LDLR,pathogenic_variant
251419,LDLR,likely_pathogenic_variant
251420,LDLR,pathogenic_variant
251422,LDLR,pathogenic_variant
251424,LDLR,pathogenic_variant
251425,LDLR,likely_pathogenic_variant
251426,LDLR,pathogenic_variant
251428,LDLR,likely_pathogenic_variant
251429,LDLR,likely_pathogenic_variant
251430,LDLR,pathogenic_variant
251431,LDLR,pathogenic_variant
251434,LDLR,pathogenic_variant
251436,LDLR,pathogenic_variant
251437,LDLR,pathogenic_variant
251438,LDLR,likely_pathogenic_variant
251440,LDLR,likely_pathogenic_variant
251441,LDLR,pathogenic_variant
251443,LDLR,likely_pathogenic_variant
251444,LDLR,pathogenic_variant
251445,LDLR,likely_pathogenic_variant
251449,LDLR,pathogenic_variant
251450,LDLR,pathogenic_variant
251451,LDLR,pathogenic_variant
251452,LDLR,pathogenic_variant
251456,LDLR,pathogenic_variant
251455,LDLR,pathogenic_variant
251457,LDLR,likely_pathogenic_variant
251458,LDLR,likely_pathogenic_variant
251461,LDLR,likely_pathogenic_variant
251462,LDLR,likely_pathogenic_variant
251464,LDLR,pathogenic_variant
251465,LDLR,pathogenic_variant
251467,LDLR,pathogenic_variant
251469,LDLR,pathogenic_variant
251470,LDLR,likely_pathogenic_variant
251471,LDLR,pathogenic_variant
251475,LDLR,pathogenic_variant
251476,LDLR,pathogenic_variant
251478,LDLR,pathogenic_variant
251479,LDLR,likely_pathogenic_variant
251480,LDLR,likely_pathogenic_variant
251481,LDLR,pathogenic_variant
251482,LDLR,pathogenic_variant
251484,LDLR,pathogenic_variant
251485,LDLR,likely_pathogenic_variant
251488,LDLR,likely_pathogenic_variant
251489,LDLR,pathogenic_variant
251490,LDLR,pathogenic_variant
251492,LDLR,likely_pathogenic_variant
251491,LDLR,pathogenic_variant
251494,LDLR,likely_pathogenic_variant
251495,LDLR,pathogenic_variant
251496,LDLR,pathogenic_variant
251497,LDLR,pathogenic_variant
251498,LDLR,likely_pathogenic_variant
251499,LDLR,pathogenic_variant
251500,LDLR,pathogenic_variant
251501,LDLR,pathogenic_variant
251504,LDLR,pathogenic_variant
251506,LDLR,pathogenic_variant
251509,LDLR,pathogenic_variant
251510,LDLR,likely_pathogenic_variant
251511,LDLR,pathogenic_variant
251512,LDLR,pathogenic_variant
251513,LDLR,likely_pathogenic_variant
251514,LDLR,pathogenic_variant
251515,LDLR,likely_pathogenic_variant
251516,LDLR,pathogenic_variant
251517,LDLR,likely_pathogenic_variant
251518,LDLR,pathogenic_variant
251520,LDLR,pathogenic_variant
251522,LDLR,pathogenic_variant
251523,LDLR,pathogenic_variant
251524,LDLR,pathogenic_variant
251526,LDLR,likely_pathogenic_variant
251527,LDLR,pathogenic_variant
251528,LDLR,likely_pathogenic_variant
251530,LDLR,pathogenic_variant
251533,LDLR,pathogenic_variant
251534,LDLR,pathogenic_variant
251535,LDLR,pathogenic_variant
251536,LDLR,pathogenic_variant
251537,LDLR,likely_pathogenic_variant
251538,LDLR,likely_pathogenic_variant
251539,LDLR,pathogenic_variant
251541,LDLR,pathogenic_variant
251542,LDLR,pathogenic_variant
251543,LDLR,pathogenic_variant
251546,LDLR,pathogenic_variant
251547,LDLR,likely_pathogenic_variant
251552,LDLR,likely_pathogenic_variant
251553,LDLR,pathogenic_variant
251554,LDLR,pathogenic_variant
251564,LDLR,pathogenic_variant
251565,LDLR,pathogenic_variant
251568,LDLR,pathogenic_variant
251569,LDLR,pathogenic_variant
251570,LDLR,pathogenic_variant
251571,LDLR,likely_pathogenic_variant
251572,LDLR,pathogenic_variant
251573,LDLR,pathogenic_variant
251574,LDLR,pathogenic_variant
251576,LDLR,pathogenic_variant
251578,LDLR,pathogenic_variant
251579,LDLR,pathogenic_variant
251580,LDLR,likely_pathogenic_variant
251581,LDLR,pathogenic_variant
251582,LDLR,likely_pathogenic_variant
251584,LDLR,pathogenic_variant
251585,LDLR,pathogenic_variant
251586,LDLR,likely_pathogenic_variant
251589,LDLR,pathogenic_variant
251590,LDLR,pathogenic_variant
251591,LDLR,likely_pathogenic_variant
251592,LDLR,pathogenic_variant
251593,LDLR,likely_pathogenic_variant
251594,LDLR,pathogenic_variant
251595,LDLR,pathogenic_variant
251596,LDLR,pathogenic_variant
251598,LDLR,pathogenic_variant
251600,LDLR,pathogenic_variant
251599,LDLR,pathogenic_variant
251601,LDLR,pathogenic_variant
251605,LDLR,pathogenic_variant
251606,LDLR,likely_pathogenic_variant
251607,LDLR,pathogenic_variant
251608,LDLR,pathogenic_variant
251609,LDLR,pathogenic_variant
251610,LDLR,pathogenic_variant
251611,LDLR,pathogenic_variant
251612,LDLR,pathogenic_variant
251613,LDLR,pathogenic_variant
251614,LDLR,pathogenic_variant
251615,LDLR,pathogenic_variant
251617,LDLR,likely_pathogenic_variant
251618,LDLR,likely_pathogenic_variant
251616,LDLR,pathogenic_variant
251619,LDLR,pathogenic_variant
251621,LDLR,pathogenic_variant
251622,LDLR,pathogenic_variant
251620,LDLR,pathogenic_variant
251623,LDLR,pathogenic_variant
251624,LDLR,pathogenic_variant
251632,LDLR,pathogenic_variant
251636,LDLR,pathogenic_variant
251637,LDLR,pathogenic_variant
251638,LDLR,likely_pathogenic_variant
251639,LDLR,pathogenic_variant
251640,LDLR,pathogenic_variant
251641,LDLR,pathogenic_variant
251645,LDLR,likely_pathogenic_variant
251646,LDLR,pathogenic_variant
251649,LDLR,likely_pathogenic_variant
251648,LDLR,likely_pathogenic_variant
251650,LDLR,pathogenic_variant
251652,LDLR,pathogenic_variant
251653,LDLR,pathogenic_variant
251655,LDLR,pathogenic_variant
251657,LDLR,likely_pathogenic_variant
251658,LDLR,likely_pathogenic_variant
251659,LDLR,likely_pathogenic_variant
251660,LDLR,pathogenic_variant
251661,LDLR,likely_pathogenic_variant
251663,LDLR,pathogenic_variant
251664,LDLR,likely_pathogenic_variant
251665,LDLR,pathogenic_variant
251666,LDLR,likely_pathogenic_variant
251667,LDLR,pathogenic_variant
251668,LDLR,pathogenic_variant
251670,LDLR,pathogenic_variant
251672,LDLR,likely_pathogenic_variant
251673,LDLR,pathogenic_variant
251674,LDLR,pathogenic_variant
251676,LDLR,pathogenic_variant
251677,LDLR,pathogenic_variant
251678,LDLR,pathogenic_variant
251679,LDLR,pathogenic_variant
251680,LDLR,pathogenic_variant
251681,LDLR,pathogenic_variant
251682,LDLR,pathogenic_variant
251683,LDLR,pathogenic_variant
251684,LDLR,pathogenic_variant
251685,LDLR,pathogenic_variant
251686,LDLR,pathogenic_variant
251688,LDLR,pathogenic_variant
251690,LDLR,pathogenic_variant
251689,LDLR,likely_pathogenic_variant
251694,LDLR,pathogenic_variant
251695,LDLR,pathogenic_variant
251697,LDLR,pathogenic_variant
251696,LDLR,pathogenic_variant
251699,LDLR,pathogenic_variant
251698,LDLR,pathogenic_variant
251701,LDLR,pathogenic_variant
251704,LDLR,likely_pathogenic_variant
251703,LDLR,pathogenic_variant
251705,LDLR,pathogenic_variant
251706,LDLR,likely_pathogenic_variant
251711,LDLR,pathogenic_variant
251712,LDLR,pathogenic_variant
251713,LDLR,pathogenic_variant
251723,LDLR,pathogenic_variant
251724,LDLR,pathogenic_variant
251726,LDLR,pathogenic_variant
251727,LDLR,likely_pathogenic_variant
251728,LDLR,pathogenic_variant
251729,LDLR,pathogenic_variant
251730,LDLR,pathogenic_variant
251731,LDLR,likely_pathogenic_variant
251733,LDLR,pathogenic_variant
251734,LDLR,pathogenic_variant
251736,LDLR,likely_pathogenic_variant
251738,LDLR,pathogenic_variant
251740,LDLR,likely_pathogenic_variant
251742,LDLR,likely_pathogenic_variant
251743,LDLR,likely_pathogenic_variant
251744,LDLR,pathogenic_variant
251745,LDLR,pathogenic_variant
251748,LDLR,likely_pathogenic_variant
251749,LDLR,likely_pathogenic_variant
251751,LDLR,pathogenic_variant
251752,LDLR,pathogenic_variant
251753,LDLR,likely_pathogenic_variant
251754,LDLR,likely_pathogenic_variant
251755,LDLR,pathogenic_variant
251756,LDLR,pathogenic_variant
251757,LDLR,pathogenic_variant
251758,LDLR,pathogenic_variant
251760,LDLR,pathogenic_variant
251761,LDLR,likely_pathogenic_variant
251763,LDLR,likely_pathogenic_variant
251767,LDLR,pathogenic_variant
251769,LDLR,pathogenic_variant
251770,LDLR,likely_pathogenic_variant
251771,LDLR,likely_pathogenic_variant
251772,LDLR,likely_pathogenic_variant
251773,LDLR,likely_pathogenic_variant
251774,LDLR,pathogenic_variant
251776,LDLR,pathogenic_variant
251777,LDLR,pathogenic_variant
251778,LDLR,pathogenic_variant
251779,LDLR,pathogenic_variant
251783,LDLR,pathogenic_variant
251785,LDLR,likely_pathogenic_variant
251787,LDLR,pathogenic_variant
251788,LDLR,pathogenic_variant
251789,LDLR,pathogenic_variant
251790,LDLR,likely_pathogenic_variant
251791,LDLR,pathogenic_variant
251792,LDLR,pathogenic_variant
251793,LDLR,likely_pathogenic_variant
251795,LDLR,pathogenic_variant
251796,LDLR,likely_pathogenic_variant
251798,LDLR,pathogenic_variant
251799,LDLR,pathogenic_variant
251800,LDLR,likely_pathogenic_variant
251801,LDLR,pathogenic_variant
251802,LDLR,pathogenic_variant
251803,LDLR,pathogenic_variant
251804,LDLR,likely_pathogenic_variant
251808,LDLR,likely_pathogenic_variant
251811,LDLR,pathogenic_variant
251812,LDLR,likely_pathogenic_variant
251813,LDLR,pathogenic_variant
251814,LDLR,pathogenic_variant
251815,LDLR,pathogenic_variant
251816,LDLR,pathogenic_variant
251818,LDLR,pathogenic_variant
251820,LDLR,pathogenic_variant
251821,LDLR,pathogenic_variant
251822,LDLR,pathogenic_variant
251825,LDLR,pathogenic_variant
251830,LDLR,pathogenic_variant
251831,LDLR,likely_pathogenic_variant
251834,LDLR,pathogenic_variant
251835,LDLR,pathogenic_variant
251837,LDLR,likely_pathogenic_variant
251839,LDLR,pathogenic_variant
251841,LDLR,likely_pathogenic_variant
251842,LDLR,pathogenic_variant
251844,LDLR,likely_pathogenic_variant
251846,LDLR,likely_pathogenic_variant
251849,LDLR,pathogenic_variant
251856,LDLR,likely_pathogenic_variant
251857,LDLR,pathogenic_variant
251860,LDLR,likely_pathogenic_variant
251861,LDLR,pathogenic_variant
251862,LDLR,pathogenic_variant
251865,LDLR,likely_pathogenic_variant
251866,LDLR,pathogenic_variant
251867,LDLR,pathogenic_variant
251870,LDLR,likely_pathogenic_variant
251871,LDLR,pathogenic_variant
251872,LDLR,pathogenic_variant
251873,LDLR,pathogenic_variant
251874,LDLR,pathogenic_variant
251875,LDLR,pathogenic_variant
251878,LDLR,pathogenic_variant
251880,LDLR,pathogenic_variant
251883,LDLR,likely_pathogenic_variant
251884,LDLR,pathogenic_variant
251885,LDLR,likely_pathogenic_variant
251887,LDLR,likely_pathogenic_variant
251888,LDLR,pathogenic_variant
251889,LDLR,pathogenic_variant
251892,LDLR,pathogenic_variant
251897,LDLR,pathogenic_variant
251900,LDLR,likely_pathogenic_variant
251899,LDLR,likely_pathogenic_variant
251902,LDLR,likely_pathogenic_variant
251905,LDLR,pathogenic_variant
251906,LDLR,likely_pathogenic_variant
251907,LDLR,pathogenic_variant
251908,LDLR,pathogenic_variant
251911,LDLR,pathogenic_variant
251912,LDLR,pathogenic_variant
251922,LDLR,pathogenic_variant
251923,LDLR,pathogenic_variant
251924,LDLR,likely_pathogenic_variant
251925,LDLR,pathogenic_variant
251926,LDLR,pathogenic_variant
251927,LDLR,pathogenic_variant
251930,LDLR,likely_pathogenic_variant
251931,LDLR,likely_pathogenic_variant
251932,LDLR,pathogenic_variant
251933,LDLR,pathogenic_variant
251934,LDLR,pathogenic_variant
251938,LDLR,likely_pathogenic_variant
251939,LDLR,pathogenic_variant
251940,LDLR,pathogenic_variant
251941,LDLR,pathogenic_variant
251942,LDLR,pathogenic_variant
251943,LDLR,pathogenic_variant
251944,LDLR,likely_pathogenic_variant
251945,LDLR,pathogenic_variant
251946,LDLR,pathogenic_variant
251947,LDLR,pathogenic_variant
251948,LDLR,pathogenic_variant
251951,LDLR,likely_pathogenic_variant
251952,LDLR,likely_pathogenic_variant
251950,LDLR,pathogenic_variant
251953,LDLR,pathogenic_variant
251955,LDLR,likely_pathogenic_variant
251956,LDLR,pathogenic_variant
251954,LDLR,pathogenic_variant
251958,LDLR,pathogenic_variant
251959,LDLR,pathogenic_variant
251961,LDLR,pathogenic_variant
251962,LDLR,likely_pathogenic_variant
251963,LDLR,pathogenic_variant
251964,LDLR,pathogenic_variant
251965,LDLR,pathogenic_variant
251966,LDLR,pathogenic_variant
251969,LDLR,pathogenic_variant
251968,LDLR,pathogenic_variant
251970,LDLR,pathogenic_variant
251972,LDLR,pathogenic_variant
251973,LDLR,pathogenic_variant
251974,LDLR,pathogenic_variant
251976,LDLR,pathogenic_variant
251975,LDLR,pathogenic_variant
251977,LDLR,pathogenic_variant
251980,LDLR,pathogenic_variant
251981,LDLR,pathogenic_variant
251982,LDLR,pathogenic_variant
251987,LDLR,pathogenic_variant
251992,LDLR,likely_pathogenic_variant
251993,LDLR,pathogenic_variant
251995,LDLR,pathogenic_variant
251996,LDLR,likely_pathogenic_variant
251998,LDLR,likely_pathogenic_variant
251999,LDLR,pathogenic_variant
252001,LDLR,pathogenic_variant
252000,LDLR,pathogenic_variant
252003,LDLR,pathogenic_variant
252002,LDLR,likely_pathogenic_variant
252007,LDLR,likely_pathogenic_variant
252008,LDLR,likely_pathogenic_variant
252009,LDLR,likely_pathogenic_variant
252010,LDLR,pathogenic_variant
252011,LDLR,pathogenic_variant
252012,LDLR,likely_pathogenic_variant
252014,LDLR,likely_pathogenic_variant
252013,LDLR,pathogenic_variant
252015,LDLR,likely_pathogenic_variant
252016,LDLR,pathogenic_variant
252017,LDLR,likely_pathogenic_variant
252018,LDLR,pathogenic_variant
252019,LDLR,pathogenic_variant
252020,LDLR,pathogenic_variant
252023,LDLR,pathogenic_variant
252024,LDLR,pathogenic_variant
252025,LDLR,pathogenic_variant
252026,LDLR,pathogenic_variant
252027,LDLR,pathogenic_variant
252029,LDLR,likely_pathogenic_variant
252028,LDLR,pathogenic_variant
252030,LDLR,pathogenic_variant
252031,LDLR,pathogenic_variant
252035,LDLR,likely_pathogenic_variant
252037,LDLR,pathogenic_variant
252039,LDLR,likely_pathogenic_variant
252040,LDLR,likely_pathogenic_variant
252041,LDLR,pathogenic_variant
252042,LDLR,pathogenic_variant
252044,LDLR,pathogenic_variant
252045,LDLR,pathogenic_variant
252047,LDLR,likely_pathogenic_variant
252048,LDLR,pathogenic_variant
252049,LDLR,pathogenic_variant
252050,LDLR,likely_pathogenic_variant
252051,LDLR,pathogenic_variant
252054,LDLR,likely_pathogenic_variant
252053,LDLR,pathogenic_variant
252056,LDLR,pathogenic_variant
252058,LDLR,pathogenic_variant
252059,LDLR,likely_pathogenic_variant
252061,LDLR,likely_pathogenic_variant
252062,LDLR,pathogenic_variant
252064,LDLR,pathogenic_variant
252067,LDLR,pathogenic_variant
252068,LDLR,pathogenic_variant
252069,LDLR,pathogenic_variant
252066,LDLR,pathogenic_variant
252070,LDLR,pathogenic_variant
252073,LDLR,likely_pathogenic_variant
252079,LDLR,pathogenic_variant
252080,LDLR,likely_pathogenic_variant
252081,LDLR,likely_pathogenic_variant
252083,LDLR,likely_pathogenic_variant
252082,LDLR,pathogenic_variant
252084,LDLR,likely_pathogenic_variant
252085,LDLR,likely_pathogenic_variant
252086,LDLR,likely_pathogenic_variant
252087,LDLR,pathogenic_variant
252089,LDLR,pathogenic_variant
252090,LDLR,likely_pathogenic_variant
252088,LDLR,pathogenic_variant
252091,LDLR,pathogenic_variant
252092,LDLR,pathogenic_variant
252093,LDLR,likely_pathogenic_variant
252095,LDLR,pathogenic_variant
252097,LDLR,pathogenic_variant
252098,LDLR,pathogenic_variant
252100,LDLR,pathogenic_variant
252101,LDLR,pathogenic_variant
252102,LDLR,likely_pathogenic_variant
252105,LDLR,likely_pathogenic_variant
252104,LDLR,pathogenic_variant
252106,LDLR,likely_pathogenic_variant
252107,LDLR,likely_pathogenic_variant
252112,LDLR,likely_pathogenic_variant
252113,LDLR,likely_pathogenic_variant
252116,LDLR,pathogenic_variant
252117,LDLR,pathogenic_variant
252119,LDLR,pathogenic_variant
252120,LDLR,likely_pathogenic_variant
252123,LDLR,pathogenic_variant
252124,LDLR,pathogenic_variant
252125,LDLR,pathogenic_variant
252127,LDLR,likely_pathogenic_variant
252133,LDLR,pathogenic_variant
252134,LDLR,pathogenic_variant
252135,LDLR,likely_pathogenic_variant
252138,LDLR,likely_pathogenic_variant
252140,LDLR,likely_pathogenic_variant
252139,LDLR,pathogenic_variant
252143,LDLR,likely_pathogenic_variant
252145,LDLR,pathogenic_variant
252146,LDLR,pathogenic_variant
252147,LDLR,likely_pathogenic_variant
252150,LDLR,pathogenic_variant
252153,LDLR,pathogenic_variant
252155,LDLR,likely_pathogenic_variant
252157,LDLR,pathogenic_variant
252158,LDLR,pathogenic_variant
252161,LDLR,pathogenic_variant
252160,LDLR,pathogenic_variant
252162,LDLR,likely_pathogenic_variant
252163,LDLR,pathogenic_variant
252165,LDLR,likely_pathogenic_variant
252164,LDLR,pathogenic_variant
252167,LDLR,pathogenic_variant
252168,LDLR,pathogenic_variant
252166,LDLR,pathogenic_variant
252169,LDLR,pathogenic_variant
252170,LDLR,pathogenic_variant
252171,LDLR,pathogenic_variant
252173,LDLR,likely_pathogenic_variant
252176,LDLR,pathogenic_variant
252178,LDLR,pathogenic_variant
252177,LDLR,pathogenic_variant
252179,LDLR,pathogenic_variant
252180,LDLR,likely_pathogenic_variant
252181,LDLR,pathogenic_variant
252182,LDLR,pathogenic_variant
252183,LDLR,pathogenic_variant
252185,LDLR,likely_pathogenic_variant
252186,LDLR,pathogenic_variant
252187,LDLR,pathogenic_variant
252188,LDLR,pathogenic_variant
252190,LDLR,pathogenic_variant
252191,LDLR,pathogenic_variant
252193,LDLR,likely_pathogenic_variant
252194,LDLR,pathogenic_variant
252195,LDLR,pathogenic_variant
252196,LDLR,pathogenic_variant
252197,LDLR,pathogenic_variant
252199,LDLR,pathogenic_variant
252198,LDLR,pathogenic_variant
252200,LDLR,pathogenic_variant
252201,LDLR,pathogenic_variant
252202,LDLR,pathogenic_variant
252203,LDLR,pathogenic_variant
252205,LDLR,pathogenic_variant
252206,LDLR,pathogenic_variant
252207,LDLR,pathogenic_variant
252208,LDLR,likely_pathogenic_variant
252209,LDLR,pathogenic_variant
252210,LDLR,pathogenic_variant
252211,LDLR,pathogenic_variant
252212,LDLR,likely_pathogenic_variant
252213,LDLR,likely_pathogenic_variant
252214,LDLR,pathogenic_variant
252215,LDLR,pathogenic_variant
252216,LDLR,pathogenic_variant
252218,LDLR,pathogenic_variant
252220,LDLR,likely_pathogenic_variant
252222,LDLR,pathogenic_variant
252223,LDLR,pathogenic_variant
252226,LDLR,likely_pathogenic_variant
252228,LDLR,likely_pathogenic_variant
252229,LDLR,pathogenic_variant
252230,LDLR,likely_pathogenic_variant
252231,LDLR,likely_pathogenic_variant
252232,LDLR,pathogenic_variant
252233,LDLR,likely_pathogenic_variant
252234,LDLR,likely_pathogenic_variant
252235,LDLR,pathogenic_variant
252236,LDLR,likely_pathogenic_variant
252237,LDLR,pathogenic_variant
252244,LDLR,pathogenic_variant
252245,LDLR,pathogenic_variant
252247,LDLR,pathogenic_variant
252248,LDLR,pathogenic_variant
252249,LDLR,pathogenic_variant
252250,LDLR,pathogenic_variant
252251,LDLR,pathogenic_variant
252252,LDLR,pathogenic_variant
252253,LDLR,pathogenic_variant
252255,LDLR,pathogenic_variant
252256,LDLR,pathogenic_variant
252258,LDLR,pathogenic_variant
252260,LDLR,pathogenic_variant
252261,LDLR,pathogenic_variant
252263,LDLR,pathogenic_variant
252264,LDLR,pathogenic_variant
252268,LDLR,pathogenic_variant
252270,LDLR,pathogenic_variant
252271,LDLR,pathogenic_variant
252272,LDLR,pathogenic_variant
252273,LDLR,likely_pathogenic_variant
252274,LDLR,pathogenic_variant
252275,LDLR,pathogenic_variant
252285,LDLR,pathogenic_variant
252286,LDLR,pathogenic_variant
252288,LDLR,pathogenic_variant
252289,LDLR,pathogenic_variant
252297,LDLR,pathogenic_variant
252298,LDLR,pathogenic_variant
252299,LDLR,pathogenic_variant
252300,LDLR,pathogenic_variant
252302,LDLR,pathogenic_variant
252301,LDLR,likely_pathogenic_variant
252313,LDLR,pathogenic_variant
252316,LDLR,pathogenic_variant
252317,LDLR,pathogenic_variant
252318,LDLR,likely_pathogenic_variant
252320,LDLR,likely_pathogenic_variant
252321,LDLR,likely_pathogenic_variant
252322,LDLR,pathogenic_variant
252324,LDLR,pathogenic_variant
252326,LDLR,pathogenic_variant
252328,LDLR,likely_pathogenic_variant
252329,LDLR,pathogenic_variant
252330,LDLR,pathogenic_variant
252331,LDLR,pathogenic_variant
252332,LDLR,pathogenic_variant
252334,LDLR,pathogenic_variant
252335,LDLR,pathogenic_variant
252336,LDLR,pathogenic_variant
252337,LDLR,pathogenic_variant
252338,LDLR,pathogenic_variant
252340,LDLR,likely_pathogenic_variant
252341,LDLR,pathogenic_variant
252342,LDLR,pathogenic_variant
252344,LDLR,pathogenic_variant
252345,LDLR,likely_pathogenic_variant
252346,LDLR,pathogenic_variant
252348,LDLR,pathogenic_variant
252349,LDLR,pathogenic_variant
252350,LDLR,likely_pathogenic_variant
252351,LDLR,pathogenic_variant
252352,LDLR,pathogenic_variant
252357,LDLR,likely_pathogenic_variant
252359,LDLR,pathogenic_variant
250931,LDLR,likely_pathogenic_variant
250932,LDLR,pathogenic_variant
250934,LDLR,pathogenic_variant
250935,LDLR,pathogenic_variant
250936,LDLR,pathogenic_variant
250937,LDLR,pathogenic_variant
250938,LDLR,pathogenic_variant
250939,LDLR,pathogenic_variant
250940,LDLR,pathogenic_variant
250994,LDLR,pathogenic_variant
250995,LDLR,pathogenic_variant
250996,LDLR,pathogenic_variant
250997,LDLR,likely_pathogenic_variant
250999,LDLR,pathogenic_variant
251000,LDLR,pathogenic_variant
251001,LDLR,pathogenic_variant
251002,LDLR,pathogenic_variant
251003,LDLR,likely_pathogenic_variant
251004,LDLR,pathogenic_variant
251058,LDLR,pathogenic_variant
251059,LDLR,pathogenic_variant
251061,LDLR,pathogenic_variant
251062,LDLR,likely_pathogenic_variant
251063,LDLR,pathogenic_variant
251064,LDLR,likely_pathogenic_variant
251065,LDLR,pathogenic_variant
251066,LDLR,likely_pathogenic_variant
251067,LDLR,pathogenic_variant
251068,LDLR,pathogenic_variant
251069,LDLR,pathogenic_variant
251070,LDLR,likely_pathogenic_variant
251143,LDLR,pathogenic_variant
251144,LDLR,likely_pathogenic_variant
251145,LDLR,likely_pathogenic_variant
251146,LDLR,pathogenic_variant
251412,LDLR,pathogenic_variant
251413,LDLR,pathogenic_variant
251414,LDLR,pathogenic_variant
251472,LDLR,pathogenic_variant
251473,LDLR,pathogenic_variant
251474,LDLR,pathogenic_variant
251555,LDLR,likely_pathogenic_variant
251556,LDLR,likely_pathogenic_variant
251557,LDLR,pathogenic_variant
251558,LDLR,pathogenic_variant
251559,LDLR,pathogenic_variant
251560,LDLR,pathogenic_variant
251561,LDLR,pathogenic_variant
251562,LDLR,pathogenic_variant
251563,LDLR,pathogenic_variant
251633,LDLR,pathogenic_variant
251634,LDLR,pathogenic_variant
251635,LDLR,pathogenic_variant
251714,LDLR,pathogenic_variant
251715,LDLR,pathogenic_variant
251716,LDLR,pathogenic_variant
251717,LDLR,pathogenic_variant
251718,LDLR,pathogenic_variant
251719,LDLR,pathogenic_variant
251720,LDLR,pathogenic_variant
251722,LDLR,pathogenic_variant
251913,LDLR,pathogenic_variant
251914,LDLR,pathogenic_variant
251916,LDLR,pathogenic_variant
251917,LDLR,pathogenic_variant
251918,LDLR,pathogenic_variant
251919,LDLR,pathogenic_variant
251920,LDLR,pathogenic_variant
251921,LDLR,pathogenic_variant
251988,LDLR,pathogenic_variant
251989,LDLR,pathogenic_variant
251990,LDLR,pathogenic_variant
251991,LDLR,pathogenic_variant
252074,LDLR,pathogenic_variant
252075,LDLR,pathogenic_variant
252076,LDLR,pathogenic_variant
252078,LDLR,pathogenic_variant
252154,LDLR,pathogenic_variant
252239,LDLR,pathogenic_variant
252240,LDLR,pathogenic_variant
252279,LDLR,pathogenic_variant
252280,LDLR,likely_pathogenic_variant
252281,LDLR,pathogenic_variant
252282,LDLR,pathogenic_variant
252283,LDLR,pathogenic_variant
252284,LDLR,pathogenic_variant
252314,LDLR,pathogenic_variant
252315,LDLR,pathogenic_variant
254031,LDLR,pathogenic_variant
265901,LDLR,pathogenic_variant
265906,LDLR,pathogenic_variant
265899,LDLR,pathogenic_variant
265900,LDLR,likely_pathogenic_variant
265904,LDLR,likely_pathogenic_variant
369864,LDLR,likely_pathogenic_variant
369858,LDLR,pathogenic_variant
369866,LDLR,pathogenic_variant
369854,LDLR,pathogenic_variant
369870,LDLR,pathogenic_variant
369871,LDLR,likely_pathogenic_variant
369851,LDLR,pathogenic_variant
369873,LDLR,pathogenic_variant
369850,LDLR,pathogenic_variant
369859,LDLR,pathogenic_variant
369863,LDLR,pathogenic_variant
369867,LDLR,pathogenic_variant
369860,LDLR,pathogenic_variant
369852,LDLR,pathogenic_variant
369848,LDLR,pathogenic_variant
369853,LDLR,pathogenic_variant
369872,LDLR,pathogenic_variant
369869,LDLR,pathogenic_variant
369849,LDLR,pathogenic_variant
369874,LDLR,likely_pathogenic_variant
372121,LDLR,pathogenic_variant
372122,LDLR,pathogenic_variant
373769,LDLR,likely_pathogenic_variant
375769,LDLR,likely_pathogenic_variant
375770,LDLR,likely_pathogenic_variant
375772,LDLR,likely_pathogenic_variant
375774,LDLR,pathogenic_variant
375776,LDLR,pathogenic_variant
375777,LDLR,likely_pathogenic_variant
375779,LDLR,pathogenic_variant
375780,LDLR,pathogenic_variant
375781,LDLR,pathogenic_variant
375782,LDLR,pathogenic_variant
375783,LDLR,pathogenic_variant
375784,LDLR,likely_pathogenic_variant
375785,LDLR,likely_pathogenic_variant
375786,LDLR,pathogenic_variant
375787,LDLR,likely_pathogenic_variant
375789,LDLR,likely_pathogenic_variant
375788,LDLR,likely_pathogenic_variant
375795,LDLR,pathogenic_variant
375790,LDLR,pathogenic_variant
375791,LDLR,likely_pathogenic_variant
375792,LDLR,likely_pathogenic_variant
375793,LDLR,pathogenic_variant
375794,LDLR,pathogenic_variant
375796,LDLR,pathogenic_variant
375797,LDLR,likely_pathogenic_variant
375799,LDLR,likely_pathogenic_variant
375801,LDLR,pathogenic_variant
375802,LDLR,likely_pathogenic_variant
375803,LDLR,pathogenic_variant
375804,LDLR,pathogenic_variant
375805,LDLR,pathogenic_variant
375806,LDLR,likely_pathogenic_variant
375807,LDLR,likely_pathogenic_variant
375808,LDLR,likely_pathogenic_variant
375810,LDLR,pathogenic_variant
375811,LDLR,likely_pathogenic_variant
375812,LDLR,likely_pathogenic_variant
375813,LDLR,likely_pathogenic_variant
375814,LDLR,pathogenic_variant
375816,LDLR,pathogenic_variant
375817,LDLR,pathogenic_variant
375818,LDLR,pathogenic_variant
375819,LDLR,likely_pathogenic_variant
375820,LDLR,likely_pathogenic_variant
375821,LDLR,pathogenic_variant
375823,LDLR,pathogenic_variant
375826,LDLR,pathogenic_variant
375828,LDLR,pathogenic_variant
375829,LDLR,likely_pathogenic_variant
375830,LDLR,pathogenic_variant
375831,LDLR,pathogenic_variant
375832,LDLR,pathogenic_variant
375834,LDLR,pathogenic_variant
375836,LDLR,likely_pathogenic_variant
375837,LDLR,pathogenic_variant
375841,LDLR,pathogenic_variant
403630,LDLR,likely_pathogenic_variant
403662,LDLR,likely_pathogenic_variant
403631,LDLR,likely_pathogenic_variant
403632,LDLR,pathogenic_variant
403633,LDLR,pathogenic_variant
403636,LDLR,likely_pathogenic_variant
403637,LDLR,pathogenic_variant
403639,LDLR,likely_pathogenic_variant
403638,LDLR,pathogenic_variant
403640,LDLR,pathogenic_variant
403642,LDLR,pathogenic_variant
403643,LDLR,pathogenic_variant
403646,LDLR,pathogenic_variant
403647,LDLR,pathogenic_variant
403648,LDLR,likely_pathogenic_variant
403645,LDLR,pathogenic_variant
403649,LDLR,pathogenic_variant
403650,LDLR,pathogenic_variant
403651,LDLR,pathogenic_variant
403652,LDLR,pathogenic_variant
403653,LDLR,pathogenic_variant
403654,LDLR,pathogenic_variant
403655,LDLR,pathogenic_variant
403656,LDLR,pathogenic_variant
403657,LDLR,pathogenic_variant
403658,LDLR,pathogenic_variant
403659,LDLR,pathogenic_variant
403660,LDLR,pathogenic_variant
403661,LDLR,pathogenic_variant
417369,LDLR,pathogenic_variant
417372,LDLR,likely_pathogenic_variant
417373,LDLR,pathogenic_variant
417371,LDLR,pathogenic_variant
406164,LDLR,likely_pathogenic_variant
406170,LDLR,pathogenic_variant
406166,LDLR,likely_pathogenic_variant
406168,LDLR,pathogenic_variant
419334,LDLR,likely_pathogenic_variant
422951,LDLR,pathogenic_variant
420052,LDLR,pathogenic_variant
420598,LDLR,pathogenic_variant
426401,LDLR,likely_pathogenic_variant
430287,LDLR,likely_pathogenic_variant
430741,LDLR,pathogenic_variant
430746,LDLR,pathogenic_variant
430747,LDLR,pathogenic_variant
430749,LDLR,pathogenic_variant
430750,LDLR,pathogenic_variant
430751,LDLR,pathogenic_variant
430752,LDLR,pathogenic_variant
430753,LDLR,pathogenic_variant
430754,LDLR,pathogenic_variant
430755,LDLR,pathogenic_variant
430756,LDLR,likely_pathogenic_variant
430757,LDLR,likely_pathogenic_variant
430758,LDLR,pathogenic_variant
430760,LDLR,pathogenic_variant
430761,LDLR,pathogenic_variant
430762,LDLR,pathogenic_variant
430764,LDLR,pathogenic_variant
430766,LDLR,pathogenic_variant
430767,LDLR,pathogenic_variant
430768,LDLR,pathogenic_variant
430770,LDLR,pathogenic_variant
430771,LDLR,pathogenic_variant
430772,LDLR,pathogenic_variant
430773,LDLR,pathogenic_variant
430775,LDLR,pathogenic_variant
430778,LDLR,pathogenic_variant
430779,LDLR,pathogenic_variant
430780,LDLR,pathogenic_variant
430781,LDLR,pathogenic_variant
430784,LDLR,pathogenic_variant
430785,LDLR,pathogenic_variant
430787,LDLR,pathogenic_variant
430788,LDLR,pathogenic_variant
430789,LDLR,pathogenic_variant
430790,LDLR,likely_pathogenic_variant
430791,LDLR,pathogenic_variant
430792,LDLR,pathogenic_variant
430793,LDLR,pathogenic_variant
430795,LDLR,pathogenic_variant
430798,LDLR,pathogenic_variant
430799,LDLR,pathogenic_variant
430801,LDLR,pathogenic_variant
430802,LDLR,pathogenic_variant
431541,LDLR,pathogenic_variant
431546,LDLR,pathogenic_variant
431507,LDLR,pathogenic_variant
431510,LDLR,likely_pathogenic_variant
431511,LDLR,pathogenic_variant
431512,LDLR,pathogenic_variant
431517,LDLR,pathogenic_variant
431521,LDLR,pathogenic_variant
431522,LDLR,pathogenic_variant
431528,LDLR,pathogenic_variant
431530,LDLR,pathogenic_variant
431534,LDLR,pathogenic_variant
431536,LDLR,pathogenic_variant
431537,LDLR,pathogenic_variant
431542,LDLR,pathogenic_variant
431549,LDLR,pathogenic_variant
431550,LDLR,pathogenic_variant
432366,LDLR,pathogenic_variant
438328,LDLR,pathogenic_variant
438316,LDLR,likely_pathogenic_variant
438323,LDLR,pathogenic_variant
438325,LDLR,likely_pathogenic_variant
438326,LDLR,pathogenic_variant
438329,LDLR,pathogenic_variant
438315,LDLR,pathogenic_variant
438317,LDLR,pathogenic_variant
438318,LDLR,pathogenic_variant
438319,LDLR,pathogenic_variant
438695,LDLR,likely_pathogenic_variant
438696,LDLR,pathogenic_variant
440486,LDLR,pathogenic_variant
440531,LDLR,pathogenic_variant
440533,LDLR,pathogenic_variant
440535,LDLR,pathogenic_variant
440536,LDLR,likely_pathogenic_variant
440539,LDLR,pathogenic_variant
440540,LDLR,pathogenic_variant
440541,LDLR,pathogenic_variant
440545,LDLR,pathogenic_variant
440547,LDLR,pathogenic_variant
440550,LDLR,pathogenic_variant
440553,LDLR,pathogenic_variant
440554,LDLR,pathogenic_variant
440555,LDLR,likely_pathogenic_variant
440560,LDLR,pathogenic_variant
440563,LDLR,pathogenic_variant
440565,LDLR,pathogenic_variant
440566,LDLR,pathogenic_variant
440573,LDLR,pathogenic_variant
440575,LDLR,pathogenic_variant
440577,LDLR,pathogenic_variant
440578,LDLR,pathogenic_variant
440581,LDLR,pathogenic_variant
440582,LDLR,pathogenic_variant
440584,LDLR,pathogenic_variant
440585,LDLR,pathogenic_variant
440586,LDLR,pathogenic_variant
440589,LDLR,pathogenic_variant
440591,LDLR,pathogenic_variant
440593,LDLR,pathogenic_variant
440594,LDLR,pathogenic_variant
440596,LDLR,pathogenic_variant
440597,LDLR,pathogenic_variant
440603,LDLR,pathogenic_variant
440726,LDLR,pathogenic_variant
440604,LDLR,likely_pathogenic_variant
440607,LDLR,pathogenic_variant
440608,LDLR,pathogenic_variant
440610,LDLR,pathogenic_variant
440614,LDLR,pathogenic_variant
440615,LDLR,pathogenic_variant
440616,LDLR,likely_pathogenic_variant
440618,LDLR,likely_pathogenic_variant
440622,LDLR,pathogenic_variant
440623,LDLR,likely_pathogenic_variant
440632,LDLR,likely_pathogenic_variant
440633,LDLR,pathogenic_variant
440635,LDLR,pathogenic_variant
440638,LDLR,pathogenic_variant
440639,LDLR,pathogenic_variant
440640,LDLR,pathogenic_variant
440642,LDLR,likely_pathogenic_variant
440644,LDLR,likely_pathogenic_variant
440647,LDLR,pathogenic_variant
440649,LDLR,pathogenic_variant
440650,LDLR,likely_pathogenic_variant
440651,LDLR,pathogenic_variant
440653,LDLR,pathogenic_variant
440654,LDLR,pathogenic_variant
440656,LDLR,likely_pathogenic_variant
440659,LDLR,pathogenic_variant
440660,LDLR,pathogenic_variant
440666,LDLR,pathogenic_variant
440667,LDLR,pathogenic_variant
440669,LDLR,pathogenic_variant
440672,LDLR,pathogenic_variant
440673,LDLR,pathogenic_variant
440675,LDLR,pathogenic_variant
440676,LDLR,pathogenic_variant
440677,LDLR,pathogenic_variant
440679,LDLR,pathogenic_variant
440680,LDLR,pathogenic_variant
440681,LDLR,pathogenic_variant
440683,LDLR,pathogenic_variant
440684,LDLR,pathogenic_variant
440685,LDLR,pathogenic_variant
440686,LDLR,pathogenic_variant
440688,LDLR,pathogenic_variant
440689,LDLR,pathogenic_variant
440690,LDLR,pathogenic_variant
440692,LDLR,pathogenic_variant
440693,LDLR,pathogenic_variant
440694,LDLR,pathogenic_variant
440695,LDLR,pathogenic_variant
440699,LDLR,pathogenic_variant
441182,LDLR,pathogenic_variant
441174,LDLR,likely_pathogenic_variant
441175,LDLR,pathogenic_variant
441176,LDLR,pathogenic_variant
441179,LDLR,pathogenic_variant
441184,LDLR,likely_pathogenic_variant
441185,LDLR,pathogenic_variant
441187,LDLR,likely_pathogenic_variant
441188,LDLR,pathogenic_variant
441189,LDLR,pathogenic_variant
441190,LDLR,likely_pathogenic_variant
441191,LDLR,likely_pathogenic_variant
441193,LDLR,pathogenic_variant
441200,LDLR,pathogenic_variant
441206,LDLR,pathogenic_variant
441207,LDLR,likely_pathogenic_variant
441208,LDLR,likely_pathogenic_variant
441209,LDLR,pathogenic_variant
441216,LDLR,pathogenic_variant
441217,LDLR,pathogenic_variant
441221,LDLR,pathogenic_variant
441226,LDLR,pathogenic_variant
441227,LDLR,likely_pathogenic_variant
441230,LDLR,pathogenic_variant
441215,LDLR,pathogenic_variant
446149,LDLR,pathogenic_variant
453194,LDLR,pathogenic_variant
456642,LDLR,pathogenic_variant
456645,LDLR,pathogenic_variant
456643,LDLR,pathogenic_variant
456644,LDLR,pathogenic_variant
456651,LDLR,pathogenic_variant
496015,LDLR,pathogenic_variant
496021,LDLR,pathogenic_variant
504222,LDLR,pathogenic_variant
504145,LDLR,pathogenic_variant
523721,LDLR,pathogenic_variant
523723,LDLR,pathogenic_variant
523724,LDLR,pathogenic_variant
523725,LDLR,pathogenic_variant
523733,LDLR,pathogenic_variant
523734,LDLR,pathogenic_variant
523735,LDLR,pathogenic_variant
523852,LDLR,pathogenic_variant
526768,LDLR,pathogenic_variant
526770,LDLR,likely_pathogenic_variant
526767,LDLR,pathogenic_variant
526754,LDLR,pathogenic_variant
526771,LDLR,pathogenic_variant
548079,LDLR,pathogenic_variant
548088,LDLR,pathogenic_variant
548089,LDLR,likely_pathogenic_variant
548090,LDLR,pathogenic_variant
548091,LDLR,pathogenic_variant
548092,LDLR,pathogenic_variant
548093,LDLR,pathogenic_variant
548094,LDLR,pathogenic_variant
548095,LDLR,pathogenic_variant
548096,LDLR,pathogenic_variant
548097,LDLR,pathogenic_variant
548098,LDLR,pathogenic_variant
548099,LDLR,likely_pathogenic_variant
548100,LDLR,pathogenic_variant
548101,LDLR,pathogenic_variant
548102,LDLR,likely_pathogenic_variant
584042,LDLR,pathogenic_variant
584070,LDLR,pathogenic_variant
583946,LDLR,pathogenic_variant
579747,LDLR,likely_pathogenic_variant
574051,LDLR,likely_pathogenic_variant
584079,LDLR,pathogenic_variant
583897,LDLR,pathogenic_variant
583555,LDLR,pathogenic_variant
584371,LDLR,pathogenic_variant
571377,LDLR,pathogenic_variant
565474,LDLR,pathogenic_variant
580835,LDLR,pathogenic_variant
582591,LDLR,pathogenic_variant
578041,LDLR,pathogenic_variant
590264,LDLR,pathogenic_variant
619688,LDLR,likely_pathogenic_variant
623312,LDLR,pathogenic_variant
627856,LDLR,pathogenic_variant
629952,LDLR,likely_pathogenic_variant
629644,LDLR,pathogenic_variant
631318,LDLR,pathogenic_variant
627979,LDLR,likely_pathogenic_variant
630543,LDLR,pathogenic_variant
635246,LDLR,likely_pathogenic_variant
664091,LDLR,pathogenic_variant
660717,LDLR,pathogenic_variant
652345,LDLR,pathogenic_variant
640361,LDLR,pathogenic_variant
646922,LDLR,pathogenic_variant
647342,LDLR,pathogenic_variant
643071,LDLR,pathogenic_variant
660216,LDLR,pathogenic_variant
651247,LDLR,pathogenic_variant
662848,LDLR,pathogenic_variant
665036,LDLR,pathogenic_variant
649634,LDLR,pathogenic_variant
654906,LDLR,likely_pathogenic_variant
663429,LDLR,pathogenic_variant
644845,LDLR,pathogenic_variant
656812,LDLR,pathogenic_variant
640998,LDLR,pathogenic_variant
658984,LDLR,pathogenic_variant
654664,LDLR,pathogenic_variant
648525,LDLR,pathogenic_variant
664087,LDLR,pathogenic_variant
650699,LDLR,pathogenic_variant
658446,LDLR,pathogenic_variant
639860,LDLR,pathogenic_variant
653198,LDLR,pathogenic_variant
653926,LDLR,likely_pathogenic_variant
684426,LDLR,pathogenic_variant
684567,LDLR,likely_pathogenic_variant
684864,LDLR,likely_pathogenic_variant
684843,LDLR,pathogenic_variant
689345,LDLR,pathogenic_variant
689346,LDLR,pathogenic_variant
689351,LDLR,pathogenic_variant
689352,LDLR,pathogenic_variant
801200,LDLR,likely_pathogenic_variant
810851,LDLR,pathogenic_variant
810849,LDLR,likely_pathogenic_variant
817785,LDLR,pathogenic_variant
833382,LDLR,pathogenic_variant
832568,LDLR,pathogenic_variant
832264,LDLR,pathogenic_variant
831216,LDLR,pathogenic_variant
831736,LDLR,pathogenic_variant
831219,LDLR,pathogenic_variant
832779,LDLR,pathogenic_variant
830959,LDLR,pathogenic_variant
832527,LDLR,pathogenic_variant
832107,LDLR,pathogenic_variant
830441,LDLR,pathogenic_variant
840015,LDLR,likely_pathogenic_variant
841728,LDLR,pathogenic_variant
863180,LDLR,pathogenic_variant
836656,LDLR,pathogenic_variant
851708,LDLR,likely_pathogenic_variant
838240,LDLR,pathogenic_variant
840389,LDLR,pathogenic_variant
840525,LDLR,pathogenic_variant
841257,LDLR,pathogenic_variant
858533,LDLR,pathogenic_variant
851998,LDLR,pathogenic_variant
835547,LDLR,pathogenic_variant
844243,LDLR,pathogenic_variant
844410,LDLR,pathogenic_variant
852369,LDLR,likely_pathogenic_variant
835638,LDLR,pathogenic_variant
839359,LDLR,pathogenic_variant
869387,LDLR,likely_pathogenic_variant
869391,LDLR,pathogenic_variant
869390,LDLR,pathogenic_variant
870320,LDLR,pathogenic_variant
921285,LDLR,likely_pathogenic_variant
920596,LDLR,pathogenic_variant
920229,LDLR,pathogenic_variant
922819,LDLR,pathogenic_variant
928776,LDLR,pathogenic_variant
928775,LDLR,likely_pathogenic_variant
947606,LDLR,pathogenic_variant
951687,LDLR,pathogenic_variant
946724,LDLR,pathogenic_variant
942579,LDLR,pathogenic_variant
948222,LDLR,pathogenic_variant
955172,LDLR,pathogenic_variant
960398,LDLR,pathogenic_variant
960667,LDLR,pathogenic_variant
962562,LDLR,pathogenic_variant
955980,LDLR,pathogenic_variant
961072,LDLR,pathogenic_variant
971107,LDLR,pathogenic_variant
972902,LDLR,pathogenic_variant
972903,LDLR,pathogenic_variant
975980,LDLR,pathogenic_variant
976329,LDLR,likely_pathogenic_variant
977991,LDLR,likely_pathogenic_variant
977988,LDLR,pathogenic_variant
977984,LDLR,likely_pathogenic_variant
977995,LDLR,pathogenic_variant
977998,LDLR,likely_pathogenic_variant
977999,LDLR,pathogenic_variant
977987,LDLR,pathogenic_variant
977989,LDLR,pathogenic_variant
977993,LDLR,pathogenic_variant
977992,LDLR,likely_pathogenic_variant
977981,LDLR,pathogenic_variant
977982,LDLR,likely_pathogenic_variant
977983,LDLR,pathogenic_variant
978377,LDLR,pathogenic_variant
979066,LDLR,likely_pathogenic_variant
979067,LDLR,likely_pathogenic_variant
982979,LDLR,likely_pathogenic_variant
985904,LDLR,likely_pathogenic_variant
986739,LDLR,pathogenic_variant
988768,LDLR,pathogenic_variant
992900,LDLR,likely_pathogenic_variant
993226,LDLR,likely_pathogenic_variant
998054,LDLR,likely_pathogenic_variant
998052,LDLR,likely_pathogenic_variant
2524408,LDLR,likely_pathogenic_variant
1052293,LDLR,pathogenic_variant
1067553,LDLR,likely_pathogenic_variant
1066271,LDLR,likely_pathogenic_variant
1066036,LDLR,likely_pathogenic_variant
1065909,LDLR,likely_pathogenic_variant
1070723,LDLR,pathogenic_variant
1070724,LDLR,pathogenic_variant
1076614,LDLR,pathogenic_variant
1070725,LDLR,pathogenic_variant
1076616,LDLR,pathogenic_variant
1074804,LDLR,pathogenic_variant
1074805,LDLR,pathogenic_variant
1074663,LDLR,pathogenic_variant
1075416,LDLR,pathogenic_variant
1068547,LDLR,pathogenic_variant
1072924,LDLR,pathogenic_variant
1071946,LDLR,pathogenic_variant
1069255,LDLR,pathogenic_variant
1073028,LDLR,pathogenic_variant
1076861,LDLR,pathogenic_variant
1073362,LDLR,pathogenic_variant
1074682,LDLR,pathogenic_variant
1076971,LDLR,pathogenic_variant
1069978,LDLR,pathogenic_variant
1075455,LDLR,pathogenic_variant
1120146,LDLR,pathogenic_variant
1120147,LDLR,pathogenic_variant
1120148,LDLR,pathogenic_variant
1120149,LDLR,pathogenic_variant
1120150,LDLR,pathogenic_variant
1120145,LDLR,pathogenic_variant
1120251,LDLR,pathogenic_variant
1120255,LDLR,pathogenic_variant
1120250,LDLR,pathogenic_variant
1120252,LDLR,pathogenic_variant
1120253,LDLR,pathogenic_variant
1120254,LDLR,pathogenic_variant
1120248,LDLR,likely_pathogenic_variant
1120258,LDLR,pathogenic_variant
1120259,LDLR,pathogenic_variant
1120245,LDLR,likely_pathogenic_variant
1120246,LDLR,likely_pathogenic_variant
1120249,LDLR,pathogenic_variant
1120256,LDLR,pathogenic_variant
1163620,LDLR,pathogenic_variant
1163722,LDLR,pathogenic_variant
1163724,LDLR,likely_pathogenic_variant
1171040,LDLR,likely_pathogenic_variant
1180494,LDLR,pathogenic_variant
1180495,LDLR,likely_pathogenic_variant
1192228,LDLR,pathogenic_variant
1220548,LDLR,pathogenic_variant
1284721,LDLR,likely_pathogenic_variant
1300030,LDLR,likely_pathogenic_variant
1300653,LDLR,pathogenic_variant
1321217,LDLR,pathogenic_variant
1321218,LDLR,pathogenic_variant
1321221,LDLR,pathogenic_variant
1321222,LDLR,likely_pathogenic_variant
1321223,LDLR,pathogenic_variant
1321224,LDLR,pathogenic_variant
1321225,LDLR,pathogenic_variant
1321226,LDLR,likely_pathogenic_variant
1321227,LDLR,pathogenic_variant
1321228,LDLR,pathogenic_variant
1321229,LDLR,likely_pathogenic_variant
1330203,LDLR,likely_pathogenic_variant
1334394,LDLR,likely_pathogenic_variant
1334395,LDLR,likely_pathogenic_variant
1334396,LDLR,pathogenic_variant
1334399,LDLR,pathogenic_variant
1341564,LDLR,pathogenic_variant
1341565,LDLR,likely_pathogenic_variant
1341566,LDLR,likely_pathogenic_variant
1341567,LDLR,likely_pathogenic_variant
1341570,LDLR,likely_pathogenic_variant
1341581,LDLR,pathogenic_variant
1343370,LDLR,pathogenic_variant
1371905,LDLR,pathogenic_variant
1454247,LDLR,pathogenic_variant
1455835,LDLR,pathogenic_variant
1512785,LDLR,likely_pathogenic_variant
1457589,LDLR,pathogenic_variant
1457599,LDLR,pathogenic_variant
1457613,LDLR,pathogenic_variant
1498802,LDLR,pathogenic_variant
1362872,LDLR,pathogenic_variant
1420888,LDLR,pathogenic_variant
1459377,LDLR,pathogenic_variant
1500501,LDLR,likely_pathogenic_variant
1474520,LDLR,pathogenic_variant
1423897,LDLR,pathogenic_variant
1394742,LDLR,pathogenic_variant
1395739,LDLR,likely_pathogenic_variant
1452737,LDLR,pathogenic_variant
1436912,LDLR,likely_pathogenic_variant
1452256,LDLR,pathogenic_variant
1372829,LDLR,pathogenic_variant
1454897,LDLR,pathogenic_variant
1455062,LDLR,pathogenic_variant
1455072,LDLR,pathogenic_variant
1455437,LDLR,pathogenic_variant
1455439,LDLR,pathogenic_variant
1458332,LDLR,pathogenic_variant
1497238,LDLR,likely_pathogenic_variant
1460038,LDLR,pathogenic_variant
1460041,LDLR,pathogenic_variant
1498943,LDLR,likely_pathogenic_variant
1418589,LDLR,pathogenic_variant
1460327,LDLR,pathogenic_variant
3248378,LDLR,pathogenic_variant
1460372,LDLR,pathogenic_variant
1434758,LDLR,likely_pathogenic_variant
1518023,LDLR,likely_pathogenic_variant
1410201,LDLR,pathogenic_variant
1520258,LDLR,likely_pathogenic_variant
1676657,LDLR,pathogenic_variant
1677968,LDLR,likely_pathogenic_variant
1683260,LDLR,likely_pathogenic_variant
1685923,LDLR,pathogenic_variant
1686778,LDLR,pathogenic_variant
1701351,LDLR,likely_pathogenic_variant
1703193,LDLR,pathogenic_variant
1703194,LDLR,pathogenic_variant
1705272,LDLR,pathogenic_variant
1705273,LDLR,likely_pathogenic_variant
1709599,LDLR,pathogenic_variant
1712251,LDLR,pathogenic_variant
1737803,LDLR,pathogenic_variant
1738982,LDLR,pathogenic_variant
1730412,LDLR,pathogenic_variant
1740423,LDLR,likely_pathogenic_variant
1737013,LDLR,pathogenic_variant
1727785,LDLR,pathogenic_variant
1738257,LDLR,pathogenic_variant
1753763,LDLR,pathogenic_variant
1740990,LDLR,pathogenic_variant
1754692,LDLR,likely_pathogenic_variant
1756297,LDLR,pathogenic_variant
1761428,LDLR,pathogenic_variant
1755426,LDLR,pathogenic_variant
1758997,LDLR,pathogenic_variant
1763717,LDLR,likely_pathogenic_variant
1755040,LDLR,likely_pathogenic_variant
1764981,LDLR,likely_pathogenic_variant
1770817,LDLR,pathogenic_variant
1776031,LDLR,pathogenic_variant
1777552,LDLR,likely_pathogenic_variant
1780568,LDLR,pathogenic_variant
1778445,LDLR,pathogenic_variant
1781789,LDLR,pathogenic_variant
1769469,LDLR,likely_pathogenic_variant
1776435,LDLR,pathogenic_variant
1778186,LDLR,likely_pathogenic_variant
1779868,LDLR,likely_pathogenic_variant
1792272,LDLR,pathogenic_variant
1783245,LDLR,likely_pathogenic_variant
1783294,LDLR,pathogenic_variant
1791746,LDLR,likely_pathogenic_variant
1782873,LDLR,pathogenic_variant
1789858,LDLR,pathogenic_variant
1783896,LDLR,pathogenic_variant
1783984,LDLR,likely_pathogenic_variant
1785647,LDLR,likely_pathogenic_variant
1785835,LDLR,pathogenic_variant
1789452,LDLR,likely_pathogenic_variant
1792888,LDLR,pathogenic_variant
1798997,LDLR,pathogenic_variant
1804138,LDLR,pathogenic_variant
1809532,LDLR,pathogenic_variant
1809533,LDLR,pathogenic_variant
1809781,LDLR,likely_pathogenic_variant
2138225,LDLR,likely_pathogenic_variant
2138230,LDLR,pathogenic_variant
2152306,LDLR,pathogenic_variant
2152308,LDLR,pathogenic_variant
2152309,LDLR,likely_pathogenic_variant
2169607,LDLR,pathogenic_variant
2174859,LDLR,pathogenic_variant
2193196,LDLR,likely_pathogenic_variant
2423205,LDLR,pathogenic_variant
2423206,LDLR,pathogenic_variant
2423207,LDLR,pathogenic_variant
2423208,LDLR,pathogenic_variant
2423209,LDLR,pathogenic_variant
2423210,LDLR,pathogenic_variant
2423211,LDLR,pathogenic_variant
2423214,LDLR,pathogenic_variant
2423215,LDLR,pathogenic_variant
2423216,LDLR,pathogenic_variant
2423218,LDLR,likely_pathogenic_variant
2423219,LDLR,pathogenic_variant
2423220,LDLR,pathogenic_variant
2423221,LDLR,pathogenic_variant
2423222,LDLR,pathogenic_variant
2423223,LDLR,likely_pathogenic_variant
1924983,LDLR,likely_pathogenic_variant
1975487,LDLR,likely_pathogenic_variant
1972135,LDLR,likely_pathogenic_variant
1996374,LDLR,likely_pathogenic_variant
1994295,LDLR,pathogenic_variant
2004497,LDLR,pathogenic_variant
2036616,LDLR,likely_pathogenic_variant
2083068,LDLR,pathogenic_variant
2099294,LDLR,likely_pathogenic_variant
2091981,LDLR,pathogenic_variant
2109937,LDLR,pathogenic_variant
2125438,LDLR,pathogenic_variant
2118340,LDLR,likely_pathogenic_variant
2132481,LDLR,pathogenic_variant
2133944,LDLR,likely_pathogenic_variant
2133381,LDLR,pathogenic_variant
2430372,LDLR,pathogenic_variant
2441111,LDLR,pathogenic_variant
2441124,LDLR,likely_pathogenic_variant
2453916,LDLR,pathogenic_variant
2453917,LDLR,pathogenic_variant
2453918,LDLR,likely_pathogenic_variant
2453919,LDLR,pathogenic_variant
2491048,LDLR,pathogenic_variant
2498754,LDLR,pathogenic_variant
2500308,LDLR,likely_pathogenic_variant
2500336,LDLR,likely_pathogenic_variant
2514788,LDLR,likely_pathogenic_variant
2568142,LDLR,likely_pathogenic_variant
2568145,LDLR,likely_pathogenic_variant
2568146,LDLR,likely_pathogenic_variant
2571060,LDLR,pathogenic_variant
2571061,LDLR,pathogenic_variant
2574174,LDLR,likely_pathogenic_variant
2574175,LDLR,pathogenic_variant
2574176,LDLR,likely_pathogenic_variant
2574177,LDLR,likely_pathogenic_variant
2574178,LDLR,pathogenic_variant
2577317,LDLR,likely_pathogenic_variant
2578842,LDLR,pathogenic_variant
2627788,LDLR,likely_pathogenic_variant
2630476,LDLR,likely_pathogenic_variant
2633776,LDLR,pathogenic_variant
2636939,LDLR,pathogenic_variant
2662464,LDLR,pathogenic_variant
2672294,LDLR,likely_pathogenic_variant
2681997,LDLR,pathogenic_variant
2682001,LDLR,likely_pathogenic_variant
2682002,LDLR,likely_pathogenic_variant
2682634,LDLR,pathogenic_variant
2692366,LDLR,likely_pathogenic_variant
2700653,LDLR,pathogenic_variant
2696786,LDLR,likely_pathogenic_variant
2701718,LDLR,pathogenic_variant
2704792,LDLR,pathogenic_variant
2719652,LDLR,likely_pathogenic_variant
2706780,LDLR,likely_pathogenic_variant
2713545,LDLR,likely_pathogenic_variant
2713547,LDLR,likely_pathogenic_variant
2725293,LDLR,pathogenic_variant
2719688,LDLR,likely_pathogenic_variant
2725110,LDLR,pathogenic_variant
2735808,LDLR,likely_pathogenic_variant
2744437,LDLR,pathogenic_variant
2744449,LDLR,likely_pathogenic_variant
2736774,LDLR,pathogenic_variant
2736797,LDLR,pathogenic_variant
2736801,LDLR,pathogenic_variant
2740380,LDLR,pathogenic_variant
2753412,LDLR,likely_pathogenic_variant
2749132,LDLR,likely_pathogenic_variant
2751116,LDLR,likely_pathogenic_variant
2765602,LDLR,pathogenic_variant
2768817,LDLR,pathogenic_variant
2771714,LDLR,pathogenic_variant
2769386,LDLR,pathogenic_variant
2772644,LDLR,pathogenic_variant
2773491,LDLR,pathogenic_variant
2775431,LDLR,likely_pathogenic_variant
2777596,LDLR,likely_pathogenic_variant
2790080,LDLR,pathogenic_variant
2824015,LDLR,pathogenic_variant
2825678,LDLR,pathogenic_variant
2823437,LDLR,pathogenic_variant
2822853,LDLR,pathogenic_variant
2839825,LDLR,pathogenic_variant
2842836,LDLR,pathogenic_variant
2833142,LDLR,pathogenic_variant
2843275,LDLR,pathogenic_variant
2847986,LDLR,pathogenic_variant
2848117,LDLR,pathogenic_variant
2856762,LDLR,pathogenic_variant
2858988,LDLR,pathogenic_variant
2858488,LDLR,pathogenic_variant
2882133,LDLR,pathogenic_variant
2921174,LDLR,likely_pathogenic_variant
2972903,LDLR,pathogenic_variant
3062327,LDLR,pathogenic_variant
3075748,LDLR,likely_pathogenic_variant
3075749,LDLR,likely_pathogenic_variant
3075750,LDLR,likely_pathogenic_variant
3075751,LDLR,likely_pathogenic_variant
3075778,LDLR,pathogenic_variant
3075824,LDLR,likely_pathogenic_variant
3076048,LDLR,pathogenic_variant
3076054,LDLR,likely_pathogenic_variant
3076055,LDLR,likely_pathogenic_variant
3076062,LDLR,likely_pathogenic_variant
3076070,LDLR,likely_pathogenic_variant
3118259,LDLR,pathogenic_variant
3118260,LDLR,pathogenic_variant
3231947,LDLR,likely_pathogenic_variant
3231948,LDLR,likely_pathogenic_variant
3231951,LDLR,pathogenic_variant
3231959,LDLR,likely_pathogenic_variant
3231961,LDLR,likely_pathogenic_variant
3231963,LDLR,pathogenic_variant
3248369,LDLR,pathogenic_variant
3248370,LDLR,pathogenic_variant
3248371,LDLR,pathogenic_variant
3248372,LDLR,pathogenic_variant
3248373,LDLR,pathogenic_variant
3248375,LDLR,pathogenic_variant
3248379,LDLR,pathogenic_variant
3248380,LDLR,pathogenic_variant
3248381,LDLR,pathogenic_variant
3248382,LDLR,pathogenic_variant
3248383,LDLR,pathogenic_variant
3248384,LDLR,pathogenic_variant
3248386,LDLR,pathogenic_variant
3248387,LDLR,pathogenic_variant
3248389,LDLR,pathogenic_variant
3248390,LDLR,likely_pathogenic_variant
3248391,LDLR,likely_pathogenic_variant
3248392,LDLR,likely_pathogenic_variant
3248393,LDLR,pathogenic_variant
3248394,LDLR,pathogenic_variant
3251087,LDLR,pathogenic_variant
3251242,LDLR,pathogenic_variant
3256915,LDLR,pathogenic_variant
3258107,LDLR,pathogenic_variant
3290391,LDLR,pathogenic_variant
3290395,LDLR,pathogenic_variant
3290402,LDLR,pathogenic_variant
3339147,LDLR,likely_pathogenic_variant
3340080,LDLR,pathogenic_variant
3340100,LDLR,likely_pathogenic_variant
3359096,LDLR,likely_pathogenic_variant
3360686,LDLR,pathogenic_variant
3366495,LDLR,pathogenic_variant
3374772,LDLR,likely_pathogenic_variant
3376573,LDLR,pathogenic_variant
3376633,LDLR,pathogenic_variant
3377107,LDLR,likely_pathogenic_variant
3377358,LDLR,pathogenic_variant
3377558,LDLR,likely_pathogenic_variant
3386979,LDLR,likely_pathogenic_variant
3393076,LDLR,pathogenic_variant
3537730,LDLR,pathogenic_variant
3537736,LDLR,pathogenic_variant
3537746,LDLR,likely_pathogenic_variant
4278948,LDLR,pathogenic_variant
3572132,LDLR,likely_pathogenic_variant
3600610,LDLR,pathogenic_variant
3629931,LDLR,pathogenic_variant
3642923,LDLR,pathogenic_variant
3639450,LDLR,pathogenic_variant
3636898,LDLR,likely_pathogenic_variant
3636900,LDLR,likely_pathogenic_variant
3636903,LDLR,likely_pathogenic_variant
3636904,LDLR,likely_pathogenic_variant
3636910,LDLR,likely_pathogenic_variant
3636911,LDLR,likely_pathogenic_variant
3645738,LDLR,pathogenic_variant
3655986,LDLR,pathogenic_variant
3655773,LDLR,pathogenic_variant
3655240,LDLR,pathogenic_variant
3656834,LDLR,pathogenic_variant
3657376,LDLR,pathogenic_variant
3667465,LDLR,likely_pathogenic_variant
3658602,LDLR,pathogenic_variant
3683876,LDLR,likely_pathogenic_variant
3677175,LDLR,pathogenic_variant
3706408,LDLR,pathogenic_variant
3721826,LDLR,pathogenic_variant
3723280,LDLR,pathogenic_variant
3723319,LDLR,pathogenic_variant
3721368,LDLR,pathogenic_variant
3721460,LDLR,pathogenic_variant
3724389,LDLR,pathogenic_variant
3729364,LDLR,pathogenic_variant
3729528,LDLR,pathogenic_variant
3724050,LDLR,pathogenic_variant
3764540,LDLR,pathogenic_variant
3767245,LDLR,pathogenic_variant
3767246,LDLR,pathogenic_variant
3768668,LDLR,pathogenic_variant
3769563,LDLR,pathogenic_variant
3772642,LDLR,pathogenic_variant
3772652,LDLR,pathogenic_variant
3773676,LDLR,pathogenic_variant
3775024,LDLR,pathogenic_variant
3776094,LDLR,likely_pathogenic_variant
3893685,LDLR,likely_pathogenic_variant
3894793,LDLR,likely_pathogenic_variant
3895054,LDLR,pathogenic_variant
3895055,LDLR,pathogenic_variant
3895056,LDLR,likely_pathogenic_variant
3895057,LDLR,pathogenic_variant
3895059,LDLR,likely_pathogenic_variant
3895221,LDLR,likely_pathogenic_variant
3895383,LDLR,likely_pathogenic_variant
3895384,LDLR,pathogenic_variant
3895428,LDLR,likely_pathogenic_variant
3895464,LDLR,pathogenic_variant
3895565,LDLR,pathogenic_variant
3896748,LDLR,likely_pathogenic_variant
3897928,LDLR,likely_pathogenic_variant
3902573,LDLR,pathogenic_variant
3907151,LDLR,pathogenic_variant
3911896,LDLR,likely_pathogenic_variant
4046733,LDLR,likely_pathogenic_variant
4046743,LDLR,pathogenic_variant
4046748,LDLR,pathogenic_variant
4069778,LDLR,likely_pathogenic_variant
4069780,LDLR,pathogenic_variant
4072195,LDLR,pathogenic_variant
4075804,LDLR,pathogenic_variant
4076978,LDLR,likely_pathogenic_variant
4076979,LDLR,likely_pathogenic_variant
4076980,LDLR,likely_pathogenic_variant
4076981,LDLR,likely_pathogenic_variant
4076982,LDLR,likely_pathogenic_variant
4076983,LDLR,likely_pathogenic_variant
4076984,LDLR,likely_pathogenic_variant
4076985,LDLR,likely_pathogenic_variant
4076986,LDLR,likely_pathogenic_variant
4076987,LDLR,likely_pathogenic_variant
4081489,LDLR,likely_pathogenic_variant
4081490,LDLR,likely_pathogenic_variant
4082332,LDLR,likely_pathogenic_variant
4087736,LDLR,likely_pathogenic_variant
4097140,LDLR,pathogenic_variant
4097141,LDLR,pathogenic_variant
4097144,LDLR,pathogenic_variant
4291087,LDLR,pathogenic_variant
4291088,LDLR,likely_pathogenic_variant
4291089,LDLR,pathogenic_variant
4291090,LDLR,pathogenic_variant
4291091,LDLR,pathogenic_variant
4291092,LDLR,pathogenic_variant
4525752,LDLR,likely_pathogenic_variant
4526396,LDLR,likely_pathogenic_variant
4526397,LDLR,likely_pathogenic_variant
4526398,LDLR,likely_pathogenic_variant
4526399,LDLR,likely_pathogenic_variant
4526400,LDLR,likely_pathogenic_variant
4526401,LDLR,likely_pathogenic_variant
4526402,LDLR,likely_pathogenic_variant
4526682,LDLR,likely_pathogenic_variant
4526720,LDLR,pathogenic_variant
4526913,LDLR,pathogenic_variant
4528366,LDLR,pathogenic_variant
4530625,LDLR,likely_pathogenic_variant
4532973,LDLR,pathogenic_variant
4533277,LDLR,likely_pathogenic_variant
4535448,LDLR,pathogenic_variant
4538560,LDLR,pathogenic_variant
4538561,LDLR,pathogenic_variant
4538562,LDLR,likely_pathogenic_variant
4538563,LDLR,pathogenic_variant
4538564,LDLR,pathogenic_variant
4538565,LDLR,pathogenic_variant
4538566,LDLR,pathogenic_variant
4538567,LDLR,pathogenic_variant
4540592,LDLR,likely_pathogenic_variant
4540594,LDLR,likely_pathogenic_variant
4540597,LDLR,likely_pathogenic_variant
4614505,LDLR,pathogenic_variant
4683166,LDLR,pathogenic_variant
4683172,LDLR,pathogenic_variant
4683175,LDLR,pathogenic_variant
4683176,LDLR,likely_pathogenic_variant
4687151,LDLR,pathogenic_variant
4690271,LDLR,likely_pathogenic_variant
4695160,LDLR,pathogenic_variant
4708249,LDLR,likely_pathogenic_variant
4710494,LDLR,pathogenic_variant
4715103,LDLR,pathogenic_variant
4721653,LDLR,pathogenic_variant
4713364,LDLR,pathogenic_variant
4712681,LDLR,pathogenic_variant
4714333,LDLR,pathogenic_variant
4726831,LDLR,pathogenic_variant
4728244,LDLR,pathogenic_variant
4733629,LDLR,pathogenic_variant
4735252,LDLR,pathogenic_variant
4722996,LDLR,pathogenic_variant
4729680,LDLR,pathogenic_variant
4725725,LDLR,pathogenic_variant
4727644,LDLR,pathogenic_variant
4727742,LDLR,pathogenic_variant
4733870,LDLR,pathogenic_variant
4755539,LDLR,pathogenic_variant
4758041,LDLR,likely_pathogenic_variant
4763895,LDLR,pathogenic_variant
4771976,LDLR,likely_pathogenic_variant
4812851,LDLR,likely_pathogenic_variant
4812849,LDLR,likely_pathogenic_variant
4812842,LDLR,likely_pathogenic_variant
4812843,LDLR,likely_pathogenic_variant
4796812,LDLR,likely_pathogenic_variant
4802594,LDLR,likely_pathogenic_variant
4802595,LDLR,likely_pathogenic_variant
4802598,LDLR,likely_pathogenic_variant
4802599,LDLR,likely_pathogenic_variant
4802602,LDLR,likely_pathogenic_variant
4802604,LDLR,likely_pathogenic_variant
4802605,LDLR,likely_pathogenic_variant
4810747,LDLR,likely_pathogenic_variant
4812827,LDLR,pathogenic_variant
4812828,LDLR,pathogenic_variant
4812837,LDLR,pathogenic_variant
4812872,LDLR,pathogenic_variant
4812875,LDLR,pathogenic_variant
4812876,LDLR,likely_pathogenic_variant
4812877,LDLR,pathogenic_variant
4813275,LDLR,pathogenic_variant
4813276,LDLR,likely_pathogenic_variant
4813630,LDLR,likely_pathogenic_variant
4814302,LDLR,likely_pathogenic_variant
4814303,LDLR,likely_pathogenic_variant
4819958,LDLR,likely_pathogenic_variant
4819959,LDLR,likely_pathogenic_variant
4820289,LDLR,pathogenic_variant
4820447,LDLR,pathogenic_variant
4820448,LDLR,pathogenic_variant
4820564,LDLR,pathogenic_variant
4823870,LDLR,pathogenic_variant
4825489,LDLR,pathogenic_variant
4825490,LDLR,likely_pathogenic_variant
4845403,LDLR,pathogenic_variant
4847740,LDLR,pathogenic_variant
4848586,LDLR,pathogenic_variant
4850741,LDLR,likely_pathogenic_variant
4851367,LDLR,pathogenic_variant
4852367,LDLR,likely_pathogenic_variant
4853802,LDLR,pathogenic_variant
4367,DHCR24,likely_pathogenic_variant
4369,DHCR24,likely_pathogenic_variant
30576,DHCR24,pathogenic_variant
30577,DHCR24,likely_pathogenic_variant
1027890,DHCR24,likely_pathogenic_variant
1065507,DHCR24,pathogenic_variant
4404,APOA5,pathogenic_variant
381733,APOA5,pathogenic_variant
978324,APOA5,pathogenic_variant
995944,APOA5,pathogenic_variant
1678124,APOA5,likely_pathogenic_variant
1742314,APOA5,likely_pathogenic_variant
1760482,APOA5,likely_pathogenic_variant
1775030,APOA5,likely_pathogenic_variant
2434519,APOA5,likely_pathogenic_variant
2587093,APOA5,pathogenic_variant
3884283,APOA5,pathogenic_variant
4075749,APOA5,likely_pathogenic_variant
4850156,APOA5,likely_pathogenic_variant
4773,LDLRAP1,pathogenic_variant
4774,LDLRAP1,pathogenic_variant
4775,LDLRAP1,pathogenic_variant
4777,LDLRAP1,pathogenic_variant
4779,LDLRAP1,pathogenic_variant
4780,LDLRAP1,likely_pathogenic_variant
4781,LDLRAP1,pathogenic_variant
296981,LDLRAP1,pathogenic_variant
468290,LDLRAP1,pathogenic_variant
620519,LDLRAP1,pathogenic_variant
662264,LDLRAP1,pathogenic_variant
806092,LDLRAP1,likely_pathogenic_variant
817252,LDLRAP1,pathogenic_variant
830746,LDLRAP1,pathogenic_variant
860136,LDLRAP1,pathogenic_variant
847427,LDLRAP1,likely_pathogenic_variant
935692,LDLRAP1,pathogenic_variant
981055,LDLRAP1,pathogenic_variant
1373822,LDLRAP1,pathogenic_variant
1072550,PAFAH2,pathogenic_variant
1074905,LDLRAP1,pathogenic_variant
1072018,LDLRAP1,pathogenic_variant
1324659,LDLRAP1,pathogenic_variant
1394189,LDLRAP1,pathogenic_variant
1399626,LDLRAP1,pathogenic_variant
1471714,LDLRAP1,pathogenic_variant
1366160,LDLRAP1,pathogenic_variant
1455119,LDLRAP1,pathogenic_variant
1456558,LDLRAP1,pathogenic_variant
1457973,LDLRAP1,pathogenic_variant
1677405,LDLRAP1,likely_pathogenic_variant
1751270,LDLRAP1,pathogenic_variant
1759118,LDLRAP1,likely_pathogenic_variant
1792217,LDLRAP1,pathogenic_variant
2154296,LDLRAP1,pathogenic_variant
2045810,LDLRAP1,likely_pathogenic_variant
2441145,LDLRAP1,likely_pathogenic_variant
2441149,LDLRAP1,likely_pathogenic_variant
2441153,LDLRAP1,likely_pathogenic_variant
2441156,LDLRAP1,likely_pathogenic_variant
2437212,LDLRAP1,pathogenic_variant
2698048,LDLRAP1,pathogenic_variant
2697613,LDLRAP1,pathogenic_variant
2789329,LDLRAP1,pathogenic_variant
2804597,LDLRAP1,pathogenic_variant
2832489,LDLRAP1,pathogenic_variant
2835248,LDLRAP1,pathogenic_variant
2831407,LDLRAP1,pathogenic_variant
2850621,LDLRAP1,pathogenic_variant
2855236,LDLRAP1,pathogenic_variant
2976227,LDLRAP1,likely_pathogenic_variant
2994776,LDLRAP1,likely_pathogenic_variant
3247771,LDLRAP1,pathogenic_variant
3247772,LDLRAP1,pathogenic_variant
3247773,LDLRAP1,pathogenic_variant
3583488,LDLRAP1,likely_pathogenic_variant
3583492,LDLRAP1,likely_pathogenic_variant
3611168,LDLRAP1,pathogenic_variant
3633064,LDLRAP1,pathogenic_variant
3720184,LDLRAP1,pathogenic_variant
3728969,LDLRAP1,likely_pathogenic_variant
4526515,LDLRAP1,likely_pathogenic_variant
4687614,LDLRAP1,pathogenic_variant
4766926,LDLRAP1,pathogenic_variant
4815875,LDLRAP1,likely_pathogenic_variant
4815876,LDLRAP1,likely_pathogenic_variant
4815877,LDLRAP1,likely_pathogenic_variant
4815879,LDLRAP1,likely_pathogenic_variant
4815880,LDLRAP1,likely_pathogenic_variant
4847843,LDLRAP1,likely_pathogenic_variant
4848184,LDLRAP1,pathogenic_variant
6776,DHCR7,likely_pathogenic_variant
6777,DHCR7,pathogenic_variant
6778,DHCR7,pathogenic_variant
6779,DHCR7,pathogenic_variant
6780,DHCR7,pathogenic_variant
6781,DHCR7,pathogenic_variant
6782,DHCR7,pathogenic_variant
6783,DHCR7,pathogenic_variant
6784,DHCR7,pathogenic_variant
6785,DHCR7,pathogenic_variant
6787,DHCR7,pathogenic_variant
6788,DHCR7,pathogenic_variant
6789,DHCR7,pathogenic_variant
6790,DHCR7,pathogenic_variant
6791,DHCR7,pathogenic_variant
6792,DHCR7,pathogenic_variant
6794,DHCR7,pathogenic_variant
6795,DHCR7,pathogenic_variant
21272,DHCR7,pathogenic_variant
21273,DHCR7,pathogenic_variant
21274,DHCR7,pathogenic_variant
21275,DHCR7,pathogenic_variant
21276,DHCR7,pathogenic_variant
21277,DHCR7,pathogenic_variant
30278,DHCR7,likely_pathogenic_variant
93712,DHCR7,pathogenic_variant
93724,DHCR7,pathogenic_variant
93725,DHCR7,pathogenic_variant
166988,DHCR7,pathogenic_variant
189069,DHCR7,pathogenic_variant
188923,DHCR7,pathogenic_variant
188723,DHCR7,pathogenic_variant
189168,DHCR7,pathogenic_variant
198773,DHCR7,pathogenic_variant
265097,DHCR7,pathogenic_variant
280065,DHCR7,pathogenic_variant
282268,DHCR7,pathogenic_variant
284527,DHCR7,pathogenic_variant
305956,DHCR7,pathogenic_variant
305955,DHCR7,pathogenic_variant
370443,DHCR7,likely_pathogenic_variant
370598,DHCR7,pathogenic_variant
370597,DHCR7,likely_pathogenic_variant
370588,DHCR7,pathogenic_variant
370286,DHCR7,likely_pathogenic_variant
371183,DHCR7,pathogenic_variant
371059,DHCR7,pathogenic_variant
370988,DHCR7,pathogenic_variant
370808,DHCR7,likely_pathogenic_variant
371358,DHCR7,likely_pathogenic_variant
371480,DHCR7,likely_pathogenic_variant
370449,DHCR7,pathogenic_variant
370573,DHCR7,pathogenic_variant
371066,DHCR7,pathogenic_variant
374209,DHCR7,likely_pathogenic_variant
381657,DHCR7,pathogenic_variant
394257,DHCR7,pathogenic_variant
397519,DHCR7,pathogenic_variant
427052,DHCR7,likely_pathogenic_variant
431994,DHCR7,pathogenic_variant
458678,DHCR7,pathogenic_variant
488492,DHCR7,pathogenic_variant
520690,DHCR7,pathogenic_variant
558380,DHCR7,likely_pathogenic_variant
558447,DHCR7,likely_pathogenic_variant
553336,DHCR7,pathogenic_variant
551481,DHCR7,pathogenic_variant
558432,DHCR7,pathogenic_variant
556307,DHCR7,pathogenic_variant
550877,DHCR7,pathogenic_variant
549919,DHCR7,likely_pathogenic_variant
550951,DHCR7,pathogenic_variant
557359,DHCR7,pathogenic_variant
554159,DHCR7,likely_pathogenic_variant
552616,DHCR7,pathogenic_variant
551712,DHCR7,pathogenic_variant
553880,DHCR7,pathogenic_variant
549916,DHCR7,pathogenic_variant
554204,DHCR7,likely_pathogenic_variant
558708,DHCR7,likely_pathogenic_variant
553296,DHCR7,pathogenic_variant
554965,DHCR7,likely_pathogenic_variant
552200,DHCR7,pathogenic_variant
556525,DHCR7,pathogenic_variant
552757,DHCR7,likely_pathogenic_variant
552520,DHCR7,pathogenic_variant
558335,DHCR7,pathogenic_variant
557305,DHCR7,likely_pathogenic_variant
558361,DHCR7,pathogenic_variant
552797,DHCR7,likely_pathogenic_variant
552371,DHCR7,pathogenic_variant
555540,DHCR7,likely_pathogenic_variant
552228,DHCR7,pathogenic_variant
557422,DHCR7,likely_pathogenic_variant
558625,DHCR7,pathogenic_variant
558319,DHCR7,likely_pathogenic_variant
550263,DHCR7,likely_pathogenic_variant
562391,DHCR7,likely_pathogenic_variant
587952,DHCR7,pathogenic_variant
595087,DHCR7,pathogenic_variant
620411,DHCR7,likely_pathogenic_variant
623647,DHCR7,pathogenic_variant
632172,DHCR7,pathogenic_variant
633186,DHCR7,pathogenic_variant
652894,DHCR7,pathogenic_variant
658626,DHCR7,pathogenic_variant
694691,DHCR7,pathogenic_variant
813422,DHCR7,likely_pathogenic_variant
813482,DHCR7,pathogenic_variant
813483,DHCR7,pathogenic_variant
813484,DHCR7,pathogenic_variant
813485,DHCR7,pathogenic_variant
813423,DHCR7,pathogenic_variant
813424,DHCR7,likely_pathogenic_variant
813425,DHCR7,pathogenic_variant
831165,DHCR7,pathogenic_variant
830646,DHCR7,pathogenic_variant
832024,DHCR7,pathogenic_variant
845176,DHCR7,likely_pathogenic_variant
845177,DHCR7,pathogenic_variant
854087,DHCR7,pathogenic_variant
928932,DHCR7,likely_pathogenic_variant
970420,DHCR7,pathogenic_variant
961893,DHCR7,likely_pathogenic_variant
983645,DHCR7,likely_pathogenic_variant
983926,DHCR7,pathogenic_variant
983927,DHCR7,likely_pathogenic_variant
983928,DHCR7,likely_pathogenic_variant
993946,DHCR7,likely_pathogenic_variant
1027907,DHCR7,likely_pathogenic_variant
1066937,DHCR7,likely_pathogenic_variant
1066741,DHCR7,likely_pathogenic_variant
1066076,DHCR7,likely_pathogenic_variant
1066908,DHCR7,likely_pathogenic_variant
1073442,DHCR7,pathogenic_variant
1071907,DHCR7,pathogenic_variant
1076651,DHCR7,pathogenic_variant
1076413,DHCR7,pathogenic_variant
1074358,DHCR7,pathogenic_variant
1179170,DHCR7,likely_pathogenic_variant
1333506,DHCR7,likely_pathogenic_variant
1338543,DHCR7,likely_pathogenic_variant
1342621,DHCR7,pathogenic_variant
1476545,DHCR7,likely_pathogenic_variant
1478024,DHCR7,likely_pathogenic_variant
1441328,DHCR7,pathogenic_variant
1481528,DHCR7,likely_pathogenic_variant
1414460,DHCR7,pathogenic_variant
1497817,DHCR7,likely_pathogenic_variant
1506319,DHCR7,likely_pathogenic_variant
1477868,DHCR7,likely_pathogenic_variant
1452130,DHCR7,pathogenic_variant
1455236,DHCR7,pathogenic_variant
1457935,DHCR7,pathogenic_variant
1457937,DHCR7,pathogenic_variant
1458037,DHCR7,pathogenic_variant
1361572,DHCR7,pathogenic_variant
1457187,DHCR7,pathogenic_variant
1487172,DHCR7,likely_pathogenic_variant
1392687,DHCR7,pathogenic_variant
1383040,DHCR7,pathogenic_variant
1675468,DHCR7,likely_pathogenic_variant
1685298,DHCR7,likely_pathogenic_variant
1709241,DHCR7,pathogenic_variant
1723309,DHCR7,likely_pathogenic_variant
1723988,DHCR7,likely_pathogenic_variant
1724221,DHCR7,likely_pathogenic_variant
1724668,DHCR7,likely_pathogenic_variant
1725061,DHCR7,likely_pathogenic_variant
1725240,DHCR7,likely_pathogenic_variant
1726149,DHCR7,likely_pathogenic_variant
1726512,DHCR7,likely_pathogenic_variant
1726797,DHCR7,likely_pathogenic_variant
1738885,DHCR7,pathogenic_variant
2137189,DHCR7,pathogenic_variant
2137192,DHCR7,pathogenic_variant
2137194,DHCR7,likely_pathogenic_variant
2149234,DHCR7,likely_pathogenic_variant
2174465,DHCR7,likely_pathogenic_variant
2424132,DHCR7,pathogenic_variant
2424133,DHCR7,pathogenic_variant
2424134,DHCR7,pathogenic_variant
1949695,DHCR7,pathogenic_variant
1984076,DHCR7,likely_pathogenic_variant
1999612,DHCR7,pathogenic_variant
2027738,DHCR7,likely_pathogenic_variant
2030429,DHCR7,pathogenic_variant
2034234,DHCR7,pathogenic_variant
2036105,DHCR7,likely_pathogenic_variant
2098111,DHCR7,pathogenic_variant
2113572,DHCR7,likely_pathogenic_variant
2108087,DHCR7,pathogenic_variant
2119342,DHCR7,likely_pathogenic_variant
2135337,DHCR7,pathogenic_variant
2442157,DHCR7,likely_pathogenic_variant
2444619,DHCR7,likely_pathogenic_variant
2500785,DHCR7,pathogenic_variant
2705375,DHCR7,pathogenic_variant
2707266,DHCR7,pathogenic_variant
2709156,DHCR7,pathogenic_variant
2718976,DHCR7,likely_pathogenic_variant
2713214,DHCR7,pathogenic_variant
2712742,DHCR7,pathogenic_variant
2720743,DHCR7,likely_pathogenic_variant
2734739,DHCR7,pathogenic_variant
2738216,DHCR7,likely_pathogenic_variant
2735694,DHCR7,pathogenic_variant
2735696,DHCR7,likely_pathogenic_variant
2742143,DHCR7,likely_pathogenic_variant
2751498,DHCR7,pathogenic_variant
2756505,DHCR7,pathogenic_variant
2752700,DHCR7,pathogenic_variant
2748684,DHCR7,likely_pathogenic_variant
2765084,DHCR7,pathogenic_variant
2776868,DHCR7,pathogenic_variant
2785310,DHCR7,pathogenic_variant
2789912,DHCR7,likely_pathogenic_variant
2793342,DHCR7,pathogenic_variant
2790179,DHCR7,pathogenic_variant
2798881,DHCR7,likely_pathogenic_variant
2802434,DHCR7,pathogenic_variant
2815506,DHCR7,pathogenic_variant
2810893,DHCR7,pathogenic_variant
2812732,DHCR7,likely_pathogenic_variant
2829355,DHCR7,pathogenic_variant
2820023,DHCR7,likely_pathogenic_variant
2823123,DHCR7,likely_pathogenic_variant
2830940,DHCR7,pathogenic_variant
2854167,DHCR7,likely_pathogenic_variant
2858320,DHCR7,pathogenic_variant
2872676,DHCR7,pathogenic_variant
2883701,DHCR7,pathogenic_variant
2918569,DHCR7,pathogenic_variant
2968929,DHCR7,likely_pathogenic_variant
2993642,DHCR7,likely_pathogenic_variant
3052442,DHCR7,likely_pathogenic_variant
3233720,DHCR7,likely_pathogenic_variant
3244559,DHCR7,pathogenic_variant
3336096,DHCR7,likely_pathogenic_variant
3340265,DHCR7,pathogenic_variant
3345666,DHCR7,likely_pathogenic_variant
3573962,DHCR7,pathogenic_variant
3573964,DHCR7,likely_pathogenic_variant
3573967,DHCR7,likely_pathogenic_variant
3573968,DHCR7,likely_pathogenic_variant
3573972,DHCR7,likely_pathogenic_variant
3573973,DHCR7,likely_pathogenic_variant
3573975,DHCR7,pathogenic_variant
3573983,DHCR7,likely_pathogenic_variant
3573985,DHCR7,likely_pathogenic_variant
3573987,DHCR7,likely_pathogenic_variant
3573994,DHCR7,likely_pathogenic_variant
3649433,DHCR7,likely_pathogenic_variant
3695689,DHCR7,pathogenic_variant
3709909,DHCR7,pathogenic_variant
3720830,DHCR7,likely_pathogenic_variant
3902470,DHCR7,pathogenic_variant
4065832,DHCR7,likely_pathogenic_variant
4065858,DHCR7,likely_pathogenic_variant
4065882,DHCR7,likely_pathogenic_variant
4065893,DHCR7,likely_pathogenic_variant
4071555,DHCR7,likely_pathogenic_variant
4540440,DHCR7,likely_pathogenic_variant
4709607,DHCR7,likely_pathogenic_variant
4733688,DHCR7,pathogenic_variant
4735424,DHCR7,pathogenic_variant
4776999,DHCR7,likely_pathogenic_variant
4795135,DHCR7,likely_pathogenic_variant
4814802,DHCR7,likely_pathogenic_variant
4814803,DHCR7,likely_pathogenic_variant
4814804,DHCR7,likely_pathogenic_variant
4814805,DHCR7,likely_pathogenic_variant
4814806,DHCR7,likely_pathogenic_variant
4814807,DHCR7,likely_pathogenic_variant
4814808,DHCR7,likely_pathogenic_variant
4814809,DHCR7,likely_pathogenic_variant
4814810,DHCR7,likely_pathogenic_variant
4814811,DHCR7,likely_pathogenic_variant
4814812,DHCR7,likely_pathogenic_variant
4814813,DHCR7,likely_pathogenic_variant
4814814,DHCR7,likely_pathogenic_variant
4814815,DHCR7,likely_pathogenic_variant
4814816,DHCR7,likely_pathogenic_variant
4814817,DHCR7,likely_pathogenic_variant
4814818,DHCR7,likely_pathogenic_variant
4814819,DHCR7,likely_pathogenic_variant
4814820,DHCR7,likely_pathogenic_variant
4814821,DHCR7,likely_pathogenic_variant
4814822,DHCR7,likely_pathogenic_variant
4814823,DHCR7,likely_pathogenic_variant
4814824,DHCR7,likely_pathogenic_variant
4814825,DHCR7,likely_pathogenic_variant
4814826,DHCR7,likely_pathogenic_variant
4814827,DHCR7,likely_pathogenic_variant
4814828,DHCR7,likely_pathogenic_variant
4814829,DHCR7,likely_pathogenic_variant
4814830,DHCR7,likely_pathogenic_variant
4814831,DHCR7,likely_pathogenic_variant
4814832,DHCR7,likely_pathogenic_variant
4814833,DHCR7,likely_pathogenic_variant
4814834,DHCR7,likely_pathogenic_variant
4814835,DHCR7,likely_pathogenic_variant
4814836,DHCR7,likely_pathogenic_variant
4814837,DHCR7,likely_pathogenic_variant
4814838,DHCR7,pathogenic_variant
4814839,DHCR7,likely_pathogenic_variant
4814840,DHCR7,likely_pathogenic_variant
4814841,DHCR7,likely_pathogenic_variant
4814842,DHCR7,likely_pathogenic_variant
4814843,DHCR7,likely_pathogenic_variant
4814844,DHCR7,likely_pathogenic_variant
4814845,DHCR7,likely_pathogenic_variant
4814846,DHCR7,likely_pathogenic_variant
4814847,DHCR7,likely_pathogenic_variant
4847783,DHCR7,pathogenic_variant
7354,SC5D,likely_pathogenic_variant
7355,SC5D,likely_pathogenic_variant
7356,SC5D,pathogenic_variant
916041,SC5D,pathogenic_variant
916042,SC5D,pathogenic_variant
9257,HMGCS2,pathogenic_variant
9258,HMGCS2,pathogenic_variant
9259,HMGCS2,pathogenic_variant
9260,HMGCS2,pathogenic_variant
9261,HMGCS2,likely_pathogenic_variant
9262,HMGCS2,pathogenic_variant
203781,HMGCS2,likely_pathogenic_variant
280473,HMGCS2,pathogenic_variant
452101,HMGCS2,pathogenic_variant
449457,HMGCS2,pathogenic_variant
488532,HMGCS2,pathogenic_variant
488533,HMGCS2,pathogenic_variant
590814,HMGCS2,likely_pathogenic_variant
644135,HMGCS2,pathogenic_variant
827683,HMGCS2,pathogenic_variant
832206,HMGCS2,pathogenic_variant
859739,HMGCS2,pathogenic_variant
859738,HMGCS2,pathogenic_variant
870424,HMGCS2,likely_pathogenic_variant
870423,HMGCS2,likely_pathogenic_variant
915425,HMGCS2,pathogenic_variant
2194069,HMGCS2,pathogenic_variant
2080601,HMGCS2,pathogenic_variant
3730215,HMGCS2,pathogenic_variant
1120051,HMGCS2,pathogenic_variant
1175190,HMGCS2,likely_pathogenic_variant
1175191,HMGCS2,likely_pathogenic_variant
1184725,HMGCS2,pathogenic_variant
1327460,HMGCS2,pathogenic_variant
1327461,HMGCS2,pathogenic_variant
1327462,HMGCS2,likely_pathogenic_variant
1327463,HMGCS2,likely_pathogenic_variant
1327465,HMGCS2,pathogenic_variant
1327466,HMGCS2,likely_pathogenic_variant
1327467,HMGCS2,pathogenic_variant
1327468,HMGCS2,likely_pathogenic_variant
1327469,HMGCS2,pathogenic_variant
1342318,HMGCS2,likely_pathogenic_variant
1453176,HMGCS2,pathogenic_variant
1424635,HMGCS2,pathogenic_variant
1458530,HMGCS2,pathogenic_variant
2149225,HMGCS2,pathogenic_variant
2230120,HMGCS2,pathogenic_variant
2628076,HMGCS2,likely_pathogenic_variant
2964858,HMGCS2,pathogenic_variant
3370433,HMGCS2,likely_pathogenic_variant
3382317,HMGCS2,likely_pathogenic_variant
3383101,HMGCS2,likely_pathogenic_variant
3693126,HMGCS2,pathogenic_variant
3896593,HMGCS2,likely_pathogenic_variant
4278221,HMGCS2,likely_pathogenic_variant
4278298,HMGCS2,likely_pathogenic_variant
4706223,HMGCS2,pathogenic_variant
4742331,HMGCS2,pathogenic_variant
4805929,HMGCS2,likely_pathogenic_variant
4850041,HMGCS2,likely_pathogenic_variant
4852948,HMGCS2,pathogenic_variant
9483,ABCA1,likely_pathogenic_variant
9484,ABCA1,pathogenic_variant
9485,ABCA1,pathogenic_variant
9486,ABCA1,pathogenic_variant
9487,ABCA1,pathogenic_variant
9488,ABCA1,pathogenic_variant
9489,ABCA1,pathogenic_variant
9492,ABCA1,pathogenic_variant
9493,ABCA1,pathogenic_variant
9494,NIPSNAP3B,likely_pathogenic_variant
9495,ABCA1,pathogenic_variant
9496,ABCA1,likely_pathogenic_variant
9498,ABCA1,pathogenic_variant
9499,ABCA1,pathogenic_variant
9500,ABCA1,pathogenic_variant
9502,NIPSNAP3B,pathogenic_variant
9504,ABCA1,pathogenic_variant
9505,ABCA1,pathogenic_variant
364389,ABCA1,pathogenic_variant
374312,ABCA1,likely_pathogenic_variant
504124,ABCA1,pathogenic_variant
632033,ABCA1,pathogenic_variant
872555,ABCA1,pathogenic_variant
933215,ABCA1,likely_pathogenic_variant
2136803,ABCA1,likely_pathogenic_variant
1064620,ABCA1,likely_pathogenic_variant
3720890,ABCA1,pathogenic_variant
4813697,ABCA1,pathogenic_variant
2735310,ABCA1,pathogenic_variant
4709684,ABCA1,pathogenic_variant
2735311,ABCA1,pathogenic_variant
1360777,ABCA1,pathogenic_variant
1443024,ABCA1,pathogenic_variant
1503632,ABCA1,likely_pathogenic_variant
1456561,ABCA1,pathogenic_variant
1457817,ABCA1,pathogenic_variant
1803827,ABCA1,likely_pathogenic_variant
1803885,ABCA1,likely_pathogenic_variant
2136800,ABCA1,likely_pathogenic_variant
2425359,ABCA1,likely_pathogenic_variant
1929414,ABCA1,pathogenic_variant
1969031,ABCA1,likely_pathogenic_variant
2087161,ABCA1,pathogenic_variant
2110925,ABCA1,likely_pathogenic_variant
2627928,ABCA1,pathogenic_variant
2683744,ABCA1,likely_pathogenic_variant
2735312,ABCA1,pathogenic_variant
2735314,ABCA1,pathogenic_variant
2794859,ABCA1,pathogenic_variant
2806056,ABCA1,pathogenic_variant
2847432,ABCA1,pathogenic_variant
2862987,ABCA1,pathogenic_variant
2976199,ABCA1,likely_pathogenic_variant
3063714,ABCA1,likely_pathogenic_variant
3078691,ABCA1,likely_pathogenic_variant
3224730,ABCA1,pathogenic_variant
3256126,ABCA1,pathogenic_variant
3339293,ABCA1,pathogenic_variant
3490013,ABCA1,likely_pathogenic_variant
3492444,ABCA1,likely_pathogenic_variant
3573478,ABCA1,pathogenic_variant
3618784,ABCA1,pathogenic_variant
3618082,ABCA1,pathogenic_variant
3642246,ABCA1,likely_pathogenic_variant
3650081,ABCA1,likely_pathogenic_variant
3673493,ABCA1,pathogenic_variant
3720893,ABCA1,pathogenic_variant
3729642,ABCA1,likely_pathogenic_variant
3779318,ABCA1,likely_pathogenic_variant
3892960,ABCA1,likely_pathogenic_variant
3911242,ABCA1,likely_pathogenic_variant
4081070,ABCA1,likely_pathogenic_variant
4715168,ABCA1,pathogenic_variant
4709686,ABCA1,pathogenic_variant
4725075,ABCA1,pathogenic_variant
4730816,ABCA1,pathogenic_variant
4727208,ABCA1,pathogenic_variant
4813698,ABCA1,pathogenic_variant
4849334,ABCA1,likely_pathogenic_variant
11426,NSDHL,likely_pathogenic_variant
11427,NSDHL,pathogenic_variant
11428,NSDHL,pathogenic_variant
11429,NSDHL,pathogenic_variant
11430,NSDHL,pathogenic_variant
11431,NSDHL,pathogenic_variant
21265,NSDHL,likely_pathogenic_variant
21266,NSDHL,pathogenic_variant
21268,NSDHL,pathogenic_variant
159454,NSDHL,pathogenic_variant
159456,NSDHL,pathogenic_variant
159457,NSDHL,pathogenic_variant
159449,NSDHL,likely_pathogenic_variant
211748,NSDHL,pathogenic_variant
800901,NSDHL,likely_pathogenic_variant
958137,NSDHL,likely_pathogenic_variant
1013083,NSDHL,pathogenic_variant
1066388,NSDHL,likely_pathogenic_variant
1214891,NSDHL,likely_pathogenic_variant
2441794,NSDHL,likely_pathogenic_variant
4082153,NSDHL,pathogenic_variant
11928,MVK,pathogenic_variant
11929,MVK,pathogenic_variant
11930,MVK,pathogenic_variant
11931,MVK,pathogenic_variant
11932,MVK,pathogenic_variant
11933,MVK,likely_pathogenic_variant
11934,MVK,pathogenic_variant
11935,MVK,pathogenic_variant
39724,MVK,pathogenic_variant
39725,MVK,pathogenic_variant
39726,MVK,pathogenic_variant
39727,MVK,pathogenic_variant
39728,MVK,pathogenic_variant
39729,MVK,pathogenic_variant
39730,MVK,pathogenic_variant
88836,MVK,pathogenic_variant
88837,MVK,pathogenic_variant
97561,MVK,pathogenic_variant
97569,MVK,pathogenic_variant
97572,MVK,pathogenic_variant
97574,MVK,pathogenic_variant
97576,MVK,pathogenic_variant
97579,MVK,pathogenic_variant
97580,MVK,pathogenic_variant
97581,MVK,pathogenic_variant
97585,MVK,pathogenic_variant
97587,MVK,pathogenic_variant
97589,MVK,pathogenic_variant
97591,MVK,likely_pathogenic_variant
97592,MVK,pathogenic_variant
97593,MVK,pathogenic_variant
97597,MVK,pathogenic_variant
97601,MVK,pathogenic_variant
97602,MVK,pathogenic_variant
97603,MVK,pathogenic_variant
97608,MVK,pathogenic_variant
97612,MVK,pathogenic_variant
97616,MVK,likely_pathogenic_variant
97625,MVK,pathogenic_variant
97627,MVK,likely_pathogenic_variant
97630,MVK,pathogenic_variant
97631,MVK,pathogenic_variant
97637,MVK,likely_pathogenic_variant
97639,MVK,pathogenic_variant
217749,MVK,pathogenic_variant
234379,MVK,pathogenic_variant
307100,MVK,pathogenic_variant
488556,MVK,likely_pathogenic_variant
573681,MVK,pathogenic_variant
636691,MVK,pathogenic_variant
649235,MVK,pathogenic_variant
802890,MVK,likely_pathogenic_variant
812112,MVK,pathogenic_variant
871146,MVK,pathogenic_variant
943304,MVK,likely_pathogenic_variant
954760,MVK,pathogenic_variant
960301,MVK,likely_pathogenic_variant
987381,MVK,likely_pathogenic_variant
1044056,MVK,likely_pathogenic_variant
1067488,MVK,likely_pathogenic_variant
1075609,MVK,pathogenic_variant
1071478,MVK,pathogenic_variant
1460450,MVK,pathogenic_variant
1683508,MVK,likely_pathogenic_variant
1694354,MVK,likely_pathogenic_variant
1695892,MVK,likely_pathogenic_variant
1801199,MVK,likely_pathogenic_variant
2137420,MVK,pathogenic_variant
2137423,MVK,likely_pathogenic_variant
2142782,MVK,pathogenic_variant
2196384,MVK,pathogenic_variant
2423080,MVK,pathogenic_variant
2019291,MVK,likely_pathogenic_variant
2024803,MVK,pathogenic_variant
2033869,MVK,likely_pathogenic_variant
2090149,MVK,pathogenic_variant
2098514,MVK,likely_pathogenic_variant
2441609,MVK,likely_pathogenic_variant
2635502,MVK,pathogenic_variant
2931188,MVK,pathogenic_variant
2921862,MVK,pathogenic_variant
2925505,MVK,pathogenic_variant
2925507,MVK,pathogenic_variant
2947497,MVK,pathogenic_variant
2938110,MVK,pathogenic_variant
2943228,MVK,pathogenic_variant
2944926,MVK,pathogenic_variant
2948422,MVK,pathogenic_variant
2949233,MVK,pathogenic_variant
2954526,MVK,pathogenic_variant
2952122,MVK,pathogenic_variant
2953508,MVK,pathogenic_variant
2953001,MVK,pathogenic_variant
3244321,MVK,pathogenic_variant
3574221,MVK,likely_pathogenic_variant
3574224,MVK,likely_pathogenic_variant
3574227,MVK,likely_pathogenic_variant
3574230,MVK,likely_pathogenic_variant
3574237,MVK,likely_pathogenic_variant
3574238,MVK,likely_pathogenic_variant
3574240,MVK,likely_pathogenic_variant
3574243,MVK,likely_pathogenic_variant
3574246,MVK,likely_pathogenic_variant
3749910,MVK,likely_pathogenic_variant
3753367,MVK,pathogenic_variant
3759174,MVK,pathogenic_variant
3896240,MVK,likely_pathogenic_variant
4081743,MVK,pathogenic_variant
4082099,MVK,likely_pathogenic_variant
4085084,MVK,likely_pathogenic_variant
4784797,MVK,pathogenic_variant
4789069,MVK,pathogenic_variant
4793682,MVK,likely_pathogenic_variant
4794732,MVK,likely_pathogenic_variant
4845250,MVK,pathogenic_variant
4847619,MVK,pathogenic_variant
12201,VLDLR,pathogenic_variant
12202,VLDLR,pathogenic_variant
21381,VLDLR,pathogenic_variant
55852,VLDLR,pathogenic_variant
64373,VLDLR,pathogenic_variant
212557,VLDLR,likely_pathogenic_variant
212565,VLDLR,pathogenic_variant
265344,VLDLR,pathogenic_variant
450520,VLDLR,likely_pathogenic_variant
450521,VLDLR,pathogenic_variant
635065,VLDLR,likely_pathogenic_variant
1180758,VLDLR,pathogenic_variant
1223471,VLDLR,pathogenic_variant
1325339,VLDLR,pathogenic_variant
1333255,VLDLR,likely_pathogenic_variant
1679407,VLDLR,likely_pathogenic_variant
1699105,VLDLR,likely_pathogenic_variant
1705671,VLDLR,likely_pathogenic_variant
1705926,VLDLR,likely_pathogenic_variant
2231752,VLDLR,likely_pathogenic_variant
2444129,VLDLR,likely_pathogenic_variant
2445903,VLDLR,likely_pathogenic_variant
2577844,VLDLR,pathogenic_variant
2577846,VLDLR,pathogenic_variant
2577847,VLDLR,pathogenic_variant
2577848,VLDLR,pathogenic_variant
2698407,VLDLR,pathogenic_variant
2706526,VLDLR,pathogenic_variant
2708334,VLDLR,pathogenic_variant
2735236,VLDLR,likely_pathogenic_variant
2750364,VLDLR,pathogenic_variant
2753414,VLDLR,pathogenic_variant
2766171,VLDLR,pathogenic_variant
2787504,VLDLR,pathogenic_variant
2827540,VLDLR,pathogenic_variant
2826269,VLDLR,pathogenic_variant
2837856,VLDLR,pathogenic_variant
2838121,VLDLR,pathogenic_variant
2832321,VLDLR,pathogenic_variant
2842085,VLDLR,pathogenic_variant
2842381,VLDLR,likely_pathogenic_variant
2836814,VLDLR,likely_pathogenic_variant
2847664,VLDLR,likely_pathogenic_variant
2855138,VLDLR,pathogenic_variant
2860356,VLDLR,pathogenic_variant
2892838,VLDLR,likely_pathogenic_variant
2888335,VLDLR,likely_pathogenic_variant
2904136,VLDLR,likely_pathogenic_variant
2908853,VLDLR,pathogenic_variant
2978710,VLDLR,pathogenic_variant
2999329,VLDLR,pathogenic_variant
3016959,VLDLR,likely_pathogenic_variant
3245313,VLDLR,pathogenic_variant
3245314,VLDLR,pathogenic_variant
3245315,VLDLR,pathogenic_variant
3245316,VLDLR,pathogenic_variant
3255613,VLDLR,pathogenic_variant
3597243,VLDLR,likely_pathogenic_variant
3597244,VLDLR,likely_pathogenic_variant
3597245,VLDLR,likely_pathogenic_variant
3597246,VLDLR,likely_pathogenic_variant
3597247,VLDLR,likely_pathogenic_variant
3722097,VLDLR,likely_pathogenic_variant
4735338,VLDLR,likely_pathogenic_variant
4847965,VLDLR,likely_pathogenic_variant
14234,MTTP,pathogenic_variant
14235,MTTP,pathogenic_variant
14236,MTTP,pathogenic_variant
14237,MTTP,pathogenic_variant
14238,MTTP,pathogenic_variant
14239,MTTP,pathogenic_variant
14240,MTTP,pathogenic_variant
14241,MTTP,pathogenic_variant
14243,MTTP,pathogenic_variant
435905,MTTP,pathogenic_variant
495776,MTTP,pathogenic_variant
557836,MTTP,likely_pathogenic_variant
627620,MTTP,likely_pathogenic_variant
633321,MTTP,pathogenic_variant
646677,MTTP,likely_pathogenic_variant
638950,MTTP,pathogenic_variant
832755,MTTP,pathogenic_variant
835792,MTTP,pathogenic_variant
850460,MTTP,pathogenic_variant
840396,MTTP,pathogenic_variant
855242,MTTP,pathogenic_variant
855865,MTTP,pathogenic_variant
861271,MTTP,likely_pathogenic_variant
871102,MTTP,likely_pathogenic_variant
955246,MTTP,pathogenic_variant
956573,MTTP,pathogenic_variant
984258,MTTP,likely_pathogenic_variant
984259,MTTP,pathogenic_variant
984260,MTTP,likely_pathogenic_variant
983692,MTTP,likely_pathogenic_variant
983693,MTTP,likely_pathogenic_variant
983694,MTTP,likely_pathogenic_variant
983695,MTTP,likely_pathogenic_variant
983696,MTTP,likely_pathogenic_variant
983697,MTTP,likely_pathogenic_variant
983698,MTTP,likely_pathogenic_variant
983699,MTTP,likely_pathogenic_variant
983772,MTTP,likely_pathogenic_variant
983773,MTTP,likely_pathogenic_variant
983774,MTTP,likely_pathogenic_variant
983775,MTTP,likely_pathogenic_variant
983776,MTTP,likely_pathogenic_variant
983777,MTTP,likely_pathogenic_variant
1028159,MTTP,likely_pathogenic_variant
1028157,MTTP,pathogenic_variant
1067411,MTTP,likely_pathogenic_variant
1066159,MTTP,likely_pathogenic_variant
1069670,MTTP,pathogenic_variant
1075423,MTTP,pathogenic_variant
1070986,MTTP,pathogenic_variant
1073794,MTTP,pathogenic_variant
1072850,MTTP,pathogenic_variant
1069126,MTTP,pathogenic_variant
1068931,MTTP,pathogenic_variant
1072851,MTTP,pathogenic_variant
1321372,MTTP,likely_pathogenic_variant
1323301,MTTP,pathogenic_variant
1411259,MTTP,pathogenic_variant
1356942,MTTP,pathogenic_variant
1452643,MTTP,pathogenic_variant
1454038,MTTP,pathogenic_variant
1401466,MTTP,pathogenic_variant
1455866,MTTP,pathogenic_variant
1455885,MTTP,pathogenic_variant
1486711,MTTP,likely_pathogenic_variant
1421683,MTTP,pathogenic_variant
1409778,MTTP,pathogenic_variant
1450470,MTTP,pathogenic_variant
1465914,MTTP,likely_pathogenic_variant
1385779,MTTP,pathogenic_variant
1373188,MTTP,pathogenic_variant
1455229,MTTP,pathogenic_variant
1458029,MTTP,pathogenic_variant
1407188,MTTP,pathogenic_variant
1407271,MTTP,pathogenic_variant
1487209,MTTP,likely_pathogenic_variant
1437947,MTTP,pathogenic_variant
1355057,MTTP,pathogenic_variant
1520206,MTTP,likely_pathogenic_variant
1519984,MTTP,likely_pathogenic_variant
1687508,MTTP,pathogenic_variant
1711595,MTTP,likely_pathogenic_variant
1724038,MTTP,likely_pathogenic_variant
1724073,MTTP,likely_pathogenic_variant
1724151,MTTP,likely_pathogenic_variant
1724277,MTTP,likely_pathogenic_variant
1724329,MTTP,likely_pathogenic_variant
1724469,MTTP,likely_pathogenic_variant
1724542,MTTP,likely_pathogenic_variant
1724604,MTTP,likely_pathogenic_variant
1724636,MTTP,likely_pathogenic_variant
1724637,MTTP,likely_pathogenic_variant
1724822,MTTP,likely_pathogenic_variant
1724911,MTTP,likely_pathogenic_variant
1725004,MTTP,likely_pathogenic_variant
1725048,MTTP,likely_pathogenic_variant
1725111,MTTP,likely_pathogenic_variant
1725205,MTTP,likely_pathogenic_variant
1725302,MTTP,likely_pathogenic_variant
1725352,MTTP,likely_pathogenic_variant
1725587,MTTP,likely_pathogenic_variant
1725645,MTTP,likely_pathogenic_variant
1725668,MTTP,likely_pathogenic_variant
1726254,MTTP,likely_pathogenic_variant
1726271,MTTP,likely_pathogenic_variant
1726379,MTTP,likely_pathogenic_variant
1726425,MTTP,likely_pathogenic_variant
1726461,MTTP,pathogenic_variant
1726513,MTTP,likely_pathogenic_variant
1726580,MTTP,likely_pathogenic_variant
1726729,MTTP,likely_pathogenic_variant
1726882,MTTP,likely_pathogenic_variant
1726902,MTTP,likely_pathogenic_variant
2154056,MTTP,pathogenic_variant
2189688,MTTP,pathogenic_variant
2195657,MTTP,pathogenic_variant
2203554,MTTP,likely_pathogenic_variant
2422674,MTTP,pathogenic_variant
2422675,MTTP,pathogenic_variant
2422676,MTTP,likely_pathogenic_variant
2422677,MTTP,pathogenic_variant
2418922,MTTP,pathogenic_variant
1898960,MTTP,pathogenic_variant
1934654,MTTP,pathogenic_variant
1930401,MTTP,pathogenic_variant
1957408,MTTP,likely_pathogenic_variant
1951879,MTTP,pathogenic_variant
1994774,MTTP,pathogenic_variant
1996484,MTTP,pathogenic_variant
2031225,MTTP,pathogenic_variant
2028760,MTTP,pathogenic_variant
2064741,MTTP,pathogenic_variant
2080628,MTTP,pathogenic_variant
2097816,MTTP,pathogenic_variant
2103356,MTTP,pathogenic_variant
2107362,MTTP,pathogenic_variant
2128305,MTTP,pathogenic_variant
2133283,MTTP,likely_pathogenic_variant
2430126,MTTP,likely_pathogenic_variant
2431640,MTTP,pathogenic_variant
2445867,MTTP,pathogenic_variant
2603785,MTTP,pathogenic_variant
2629592,MTTP,likely_pathogenic_variant
2690280,MTTP,pathogenic_variant
2703893,MTTP,pathogenic_variant
2703419,MTTP,pathogenic_variant
2696160,MTTP,pathogenic_variant
2707287,MTTP,pathogenic_variant
2728721,MTTP,pathogenic_variant
2745785,MTTP,pathogenic_variant
2765356,MTTP,likely_pathogenic_variant
2770323,MTTP,likely_pathogenic_variant
2766675,MTTP,pathogenic_variant
2812397,MTTP,pathogenic_variant
2837120,MTTP,pathogenic_variant
2848080,MTTP,likely_pathogenic_variant
2871245,MTTP,pathogenic_variant
2979028,MTTP,likely_pathogenic_variant
2984156,MTTP,pathogenic_variant
2999044,MTTP,pathogenic_variant
3020506,MTTP,pathogenic_variant
3032498,MTTP,likely_pathogenic_variant
3246705,MTTP,pathogenic_variant
3377094,MTTP,likely_pathogenic_variant
3377112,MTTP,likely_pathogenic_variant
3377626,MTTP,likely_pathogenic_variant
3589696,MTTP,likely_pathogenic_variant
3589698,MTTP,likely_pathogenic_variant
3643073,MTTP,likely_pathogenic_variant
3645379,MTTP,pathogenic_variant
3659342,MTTP,pathogenic_variant
3723376,MTTP,pathogenic_variant
3723730,MTTP,pathogenic_variant
4058009,MTTP,likely_pathogenic_variant
4058040,MTTP,pathogenic_variant
4058049,MTTP,pathogenic_variant
4058055,MTTP,likely_pathogenic_variant
4081742,MTTP,pathogenic_variant
4731969,MTTP,likely_pathogenic_variant
4763203,MTTP,pathogenic_variant
4813308,MTTP,likely_pathogenic_variant
4817985,MTTP,pathogenic_variant
4817986,MTTP,likely_pathogenic_variant
4817987,MTTP,likely_pathogenic_variant
4817988,MTTP,likely_pathogenic_variant
4817989,MTTP,likely_pathogenic_variant
4817990,MTTP,likely_pathogenic_variant
4817991,MTTP,likely_pathogenic_variant
4817992,MTTP,likely_pathogenic_variant
4817993,MTTP,likely_pathogenic_variant
4817994,MTTP,likely_pathogenic_variant
14450,LPA,pathogenic_variant
4070902,LPA,likely_pathogenic_variant
29776,LIPC,pathogenic_variant
1174131,LIPC,pathogenic_variant
1705274,LIPC,likely_pathogenic_variant
1705275,LIPC,pathogenic_variant
17524,CETP,pathogenic_variant
17528,CETP,pathogenic_variant
1322066,CETP,pathogenic_variant
1324061,CETP,likely_pathogenic_variant
1324062,CETP,pathogenic_variant
1675625,CETP,pathogenic_variant
2690563,CETP,likely_pathogenic_variant
2690564,CETP,likely_pathogenic_variant
3349566,CETP,likely_pathogenic_variant
3779056,CETP,likely_pathogenic_variant
4850047,CETP,likely_pathogenic_variant
17849,APOE,pathogenic_variant
17850,APOE,likely_pathogenic_variant
17852,APOE,pathogenic_variant
17853,APOE,pathogenic_variant
17857,APOE,pathogenic_variant
17858,APOE,pathogenic_variant
17859,APOE,pathogenic_variant
17861,APOE,pathogenic_variant
17862,APOE,likely_pathogenic_variant
17874,APOE,pathogenic_variant
17875,APOE,pathogenic_variant
17879,APOE,pathogenic_variant
17880,APOE,pathogenic_variant
487346,APOE,likely_pathogenic_variant
126456,APOE,pathogenic_variant
375636,APOE,likely_pathogenic_variant
1077013,APOE,likely_pathogenic_variant
1341575,APOE,likely_pathogenic_variant
4293233,APOE,likely_pathogenic_variant
4812829,APOE,likely_pathogenic_variant
17881,APOB,pathogenic_variant
17882,APOB,pathogenic_variant
17883,APOB,pathogenic_variant
17884,APOB,pathogenic_variant
17885,APOB,pathogenic_variant
17886,APOB,pathogenic_variant
17887,APOB,pathogenic_variant
17888,APOB,pathogenic_variant
17889,APOB,pathogenic_variant
17890,APOB,pathogenic_variant
17892,APOB,pathogenic_variant
17893,APOB,pathogenic_variant
17894,APOB,pathogenic_variant
17895,APOB,pathogenic_variant
17896,APOB,pathogenic_variant
17898,APOB,likely_pathogenic_variant
17899,APOB,pathogenic_variant
17900,APOB,pathogenic_variant
17901,APOB,pathogenic_variant
29608,APOB,pathogenic_variant
40223,APOB,pathogenic_variant
69511,APOB,pathogenic_variant
3752738,APOB,pathogenic_variant
210222,APOB,likely_pathogenic_variant
228245,APOB,likely_pathogenic_variant
237754,APOB,pathogenic_variant
265895,APOB,pathogenic_variant
374255,APOB,likely_pathogenic_variant
404400,APOB,pathogenic_variant
404409,APOB,pathogenic_variant
431502,APOB,pathogenic_variant
431499,APOB,pathogenic_variant
431498,APOB,pathogenic_variant
431494,APOB,pathogenic_variant
431489,APOB,pathogenic_variant
434251,APOB,likely_pathogenic_variant
434252,APOB,pathogenic_variant
438310,APOB,pathogenic_variant
440505,APOB,pathogenic_variant
440509,APOB,pathogenic_variant
440510,APOB,pathogenic_variant
440512,APOB,pathogenic_variant
440522,APOB,pathogenic_variant
440523,APOB,likely_pathogenic_variant
440524,APOB,pathogenic_variant
440525,APOB,pathogenic_variant
440526,APOB,pathogenic_variant
440527,APOB,pathogenic_variant
440528,APOB,pathogenic_variant
440529,APOB,pathogenic_variant
444010,APOB,likely_pathogenic_variant
477784,APOB,pathogenic_variant
477783,APOB,pathogenic_variant
495857,APOB,pathogenic_variant
524093,APOB,pathogenic_variant
544130,APOB,pathogenic_variant
544076,APOB,pathogenic_variant
544071,APOB,pathogenic_variant
580451,APOB,likely_pathogenic_variant
569699,APOB,pathogenic_variant
577519,APOB,pathogenic_variant
620216,APOB,likely_pathogenic_variant
630334,APOB,likely_pathogenic_variant
648832,APOB,pathogenic_variant
801653,APOB,likely_pathogenic_variant
827637,APOB,likely_pathogenic_variant
827638,APOB,likely_pathogenic_variant
827639,APOB,likely_pathogenic_variant
853099,APOB,pathogenic_variant
843259,APOB,pathogenic_variant
838558,APOB,pathogenic_variant
855100,APOB,pathogenic_variant
895430,APOB,pathogenic_variant
917844,APOB,pathogenic_variant
925921,APOB,pathogenic_variant
921367,APOB,pathogenic_variant
920726,APOB,pathogenic_variant
927955,APOB,pathogenic_variant
918183,APOB,pathogenic_variant
2931646,APOB,likely_pathogenic_variant
930769,APOB,likely_pathogenic_variant
951011,APOB,pathogenic_variant
950577,APOB,pathogenic_variant
939237,APOB,pathogenic_variant
959104,APOB,pathogenic_variant
976726,APOB,pathogenic_variant
977986,APOB,pathogenic_variant
977985,APOB,pathogenic_variant
978301,APOB,likely_pathogenic_variant
982792,APOB,likely_pathogenic_variant
2949610,APOB,pathogenic_variant
1046270,APOB,likely_pathogenic_variant
1068824,APOB,pathogenic_variant
1071546,APOB,pathogenic_variant
1070406,APOB,pathogenic_variant
1070659,APOB,pathogenic_variant
1174484,APOB,pathogenic_variant
1299572,APOB,pathogenic_variant
1299586,APOB,pathogenic_variant
1323319,APOB,pathogenic_variant
1323322,APOB,pathogenic_variant
1323325,APOB,pathogenic_variant
4783531,APOB,likely_pathogenic_variant
1323360,APOB,pathogenic_variant
1323920,APOB,likely_pathogenic_variant
1323922,APOB,likely_pathogenic_variant
2650709,APOB,pathogenic_variant
1330071,APOB,likely_pathogenic_variant
1330634,APOB,pathogenic_variant
1468789,APOB,likely_pathogenic_variant
1386291,APOB,pathogenic_variant
1494951,APOB,likely_pathogenic_variant
1455782,APOB,pathogenic_variant
1496923,APOB,likely_pathogenic_variant
1416136,APOB,pathogenic_variant
1364654,APOB,pathogenic_variant
1369494,APOB,pathogenic_variant
1453164,APOB,pathogenic_variant
1454956,APOB,pathogenic_variant
1402036,APOB,pathogenic_variant
1456415,APOB,pathogenic_variant
1458186,APOB,pathogenic_variant
1458005,APOB,pathogenic_variant
1432825,APOB,pathogenic_variant
1406951,APOB,pathogenic_variant
1416940,APOB,pathogenic_variant
1515327,APOB,likely_pathogenic_variant
1678797,APOB,pathogenic_variant
1685525,APOB,pathogenic_variant
1685526,APOB,pathogenic_variant
1685527,APOB,pathogenic_variant
1685528,APOB,pathogenic_variant
1701919,APOB,likely_pathogenic_variant
1704963,APOB,pathogenic_variant
1705571,APOB,pathogenic_variant
1803866,APOB,pathogenic_variant
1809710,APOB,likely_pathogenic_variant
2203022,APOB,pathogenic_variant
2202111,APOB,pathogenic_variant
1878402,APOB,pathogenic_variant
1895395,APOB,likely_pathogenic_variant
1914768,APOB,pathogenic_variant
1939251,APOB,pathogenic_variant
1957134,APOB,pathogenic_variant
1991651,APOB,pathogenic_variant
1983784,APOB,pathogenic_variant
2044989,APOB,pathogenic_variant
2033258,APOB,pathogenic_variant
2084238,APOB,pathogenic_variant
2094513,APOB,pathogenic_variant
2100639,APOB,pathogenic_variant
2130943,APOB,pathogenic_variant
2134447,APOB,likely_pathogenic_variant
2501611,APOB,pathogenic_variant
2506190,APOB,pathogenic_variant
2572439,APOB,likely_pathogenic_variant
2582602,APOB,likely_pathogenic_variant
2636301,APOB,likely_pathogenic_variant
2650710,APOB,pathogenic_variant
2692513,APOB,likely_pathogenic_variant
2922354,APOB,pathogenic_variant
2925964,APOB,pathogenic_variant
2927391,APOB,pathogenic_variant
2927629,APOB,pathogenic_variant
2929243,APOB,pathogenic_variant
2925315,APOB,pathogenic_variant
2925317,APOB,pathogenic_variant
2925318,APOB,pathogenic_variant
2930593,APOB,pathogenic_variant
2928257,APOB,likely_pathogenic_variant
2933458,APOB,pathogenic_variant
2927812,APOB,pathogenic_variant
2929773,APOB,pathogenic_variant
2931489,APOB,likely_pathogenic_variant
2934540,APOB,pathogenic_variant
2937495,APOB,pathogenic_variant
2944357,APOB,likely_pathogenic_variant
2946216,APOB,pathogenic_variant
2948178,APOB,pathogenic_variant
2943935,APOB,likely_pathogenic_variant
2936678,APOB,pathogenic_variant
2943324,APOB,pathogenic_variant
2944775,APOB,pathogenic_variant
2944843,APOB,pathogenic_variant
2948441,APOB,pathogenic_variant
2949732,APOB,pathogenic_variant
2949743,APOB,pathogenic_variant
2951059,APOB,pathogenic_variant
2951661,APOB,pathogenic_variant
2953129,APOB,pathogenic_variant
2953191,APOB,pathogenic_variant
3027049,APOB,pathogenic_variant
3067674,APOB,pathogenic_variant
3069184,APOB,likely_pathogenic_variant
3076010,APOB,likely_pathogenic_variant
3076012,APOB,likely_pathogenic_variant
3236789,APOB,pathogenic_variant
3236855,APOB,pathogenic_variant
3247423,APOB,pathogenic_variant
3307797,APOB,pathogenic_variant
3358994,APOB,likely_pathogenic_variant
3359085,APOB,pathogenic_variant
3381149,APOB,likely_pathogenic_variant
3381871,APOB,likely_pathogenic_variant
3382717,APOB,likely_pathogenic_variant
3382761,APOB,likely_pathogenic_variant
3382837,APOB,likely_pathogenic_variant
3388716,APOB,likely_pathogenic_variant
3572065,APOB,pathogenic_variant
3602760,APOB,likely_pathogenic_variant
3758585,APOB,pathogenic_variant
3759634,APOB,pathogenic_variant
3759711,APOB,pathogenic_variant
3751074,APOB,pathogenic_variant
3751084,APOB,pathogenic_variant
3752274,APOB,pathogenic_variant
3755950,APOB,pathogenic_variant
3748465,APOB,likely_pathogenic_variant
3756925,APOB,likely_pathogenic_variant
3760061,APOB,pathogenic_variant
3760082,APOB,likely_pathogenic_variant
3763156,APOB,pathogenic_variant
3764668,APOB,likely_pathogenic_variant
3767115,APOB,likely_pathogenic_variant
3775164,APOB,pathogenic_variant
3779350,APOB,likely_pathogenic_variant
3885619,APOB,likely_pathogenic_variant
3885337,APOB,pathogenic_variant
3893241,APOB,likely_pathogenic_variant
3896614,APOB,likely_pathogenic_variant
3898700,APOB,likely_pathogenic_variant
3899242,APOB,likely_pathogenic_variant
3903258,APOB,likely_pathogenic_variant
3911889,APOB,likely_pathogenic_variant
4070954,APOB,pathogenic_variant
4072067,APOB,likely_pathogenic_variant
4077157,APOB,likely_pathogenic_variant
4531296,APOB,likely_pathogenic_variant
4532934,APOB,likely_pathogenic_variant
4533252,APOB,likely_pathogenic_variant
4542537,APOB,pathogenic_variant
4542538,APOB,likely_pathogenic_variant
4686062,APOB,likely_pathogenic_variant
4783133,APOB,pathogenic_variant
4784103,APOB,pathogenic_variant
4784355,APOB,pathogenic_variant
4784371,APOB,pathogenic_variant
4786150,APOB,pathogenic_variant
4787609,APOB,pathogenic_variant
4785552,APOB,pathogenic_variant
4785641,APOB,pathogenic_variant
4785096,APOB,pathogenic_variant
4792430,APOB,pathogenic_variant
4794201,APOB,pathogenic_variant
4823125,APOB,pathogenic_variant
4851852,APOB,pathogenic_variant
17902,APOC3,pathogenic_variant
17903,APOC3,pathogenic_variant
17909,APOA1,pathogenic_variant
17911,APOA1,pathogenic_variant
17917,APOA1,pathogenic_variant
17918,APOA1,pathogenic_variant
17921,APOA1,pathogenic_variant
17922,APOA1,pathogenic_variant
17923,APOA1,pathogenic_variant
17924,APOA1,pathogenic_variant
17926,APOA1,pathogenic_variant
17927,APOA1,pathogenic_variant
17928,APOA1,pathogenic_variant
17929,APOA1,pathogenic_variant
17930,APOA1,pathogenic_variant
17932,APOA1,pathogenic_variant
17933,APOA1,pathogenic_variant
17934,APOA1,pathogenic_variant
565272,APOA1,pathogenic_variant
1284381,APOA1,pathogenic_variant
1341582,APOA1,likely_pathogenic_variant
1687354,APOA1,likely_pathogenic_variant
2137255,APOA1,pathogenic_variant
2137256,APOA1,pathogenic_variant
2735760,APOA1,pathogenic_variant
3127886,APOA1,likely_pathogenic_variant
3236478,APOA1,pathogenic_variant
3619394,APOA1,pathogenic_variant
3767253,APOA1,pathogenic_variant
4768101,APOA1,pathogenic_variant
4812879,APOA1,pathogenic_variant
17935,APOA2,pathogenic_variant
2690543,APOA2,likely_pathogenic_variant
4541826,APOA2,likely_pathogenic_variant
18439,ANGPTL3,pathogenic_variant
18440,ANGPTL3,pathogenic_variant
91863,ANGPTL3,pathogenic_variant
91864,ANGPTL3,pathogenic_variant
91865,ANGPTL3,pathogenic_variant
91867,ANGPTL3,pathogenic_variant
1031836,ANGPTL3,pathogenic_variant
2525900,ANGPTL3,pathogenic_variant
2893114,ANGPTL3,likely_pathogenic_variant
3706742,ANGPTL3,pathogenic_variant
3712309,ANGPTL3,likely_pathogenic_variant
4694450,ANGPTL3,pathogenic_variant
4752496,ANGPTL3,pathogenic_variant
4845847,ANGPTL3,likely_pathogenic_variant
4850335,ANGPTL3,likely_pathogenic_variant
96713,APOH,likely_pathogenic_variant
132834,LRP1,pathogenic_variant
1321297,LRP1,likely_pathogenic_variant
2691743,LRP1,pathogenic_variant
2691744,LRP1,pathogenic_variant
2691745,LRP1,pathogenic_variant
2691746,LRP1,pathogenic_variant
144013,GPIHBP1,pathogenic_variant
144014,GPIHBP1,pathogenic_variant
144015,GPIHBP1,pathogenic_variant
144017,GPIHBP1,pathogenic_variant
144018,GPIHBP1,pathogenic_variant
144019,GPIHBP1,pathogenic_variant
144020,GPIHBP1,pathogenic_variant
144021,GPIHBP1,likely_pathogenic_variant
144022,GPIHBP1,pathogenic_variant
917845,GPIHBP1,likely_pathogenic_variant
975917,GPIHBP1,likely_pathogenic_variant
1031306,GPIHBP1,pathogenic_variant
1677951,GPIHBP1,pathogenic_variant
1685860,GPIHBP1,pathogenic_variant
1687542,GPIHBP1,pathogenic_variant
1803904,GPIHBP1,likely_pathogenic_variant
2427568,GPIHBP1,pathogenic_variant
2735230,GPIHBP1,pathogenic_variant
3358985,GPIHBP1,pathogenic_variant
3391055,GPIHBP1,likely_pathogenic_variant
3653843,GPIHBP1,pathogenic_variant
3677071,GPIHBP1,pathogenic_variant
3681349,GPIHBP1,likely_pathogenic_variant
4292487,GPIHBP1,likely_pathogenic_variant
217746,FDPS,pathogenic_variant
217747,FDPS,pathogenic_variant
217748,FDPS,pathogenic_variant
659608,FDPS,pathogenic_variant
835300,FDPS,likely_pathogenic_variant
221227,LSS,pathogenic_variant
599317,LSS,pathogenic_variant
599319,LSS,likely_pathogenic_variant
599320,LSS,pathogenic_variant
599321,LSS,pathogenic_variant
599322,LSS,pathogenic_variant
599323,LSS,likely_pathogenic_variant
834064,LSS,likely_pathogenic_variant
834065,LSS,pathogenic_variant
834066,LSS,pathogenic_variant
834068,LSS,pathogenic_variant
982379,LSS,pathogenic_variant
1098866,LSS,likely_pathogenic_variant
1256056,LSS,likely_pathogenic_variant
1256057,LSS,pathogenic_variant
1526304,LSS,pathogenic_variant
1707082,LSS,likely_pathogenic_variant
1707553,LSS,pathogenic_variant
1966922,LSS,pathogenic_variant
2084020,LSS,pathogenic_variant
2120289,LSS,pathogenic_variant
2227722,LSS,pathogenic_variant
2500989,LSS,pathogenic_variant
2500990,LSS,pathogenic_variant
2861308,LSS,likely_pathogenic_variant
2972956,LSS,pathogenic_variant
3065729,LSS,likely_pathogenic_variant
3121356,LSS,likely_pathogenic_variant
3681234,LSS,likely_pathogenic_variant
4072283,LSS,likely_pathogenic_variant
4081501,LSS,likely_pathogenic_variant
4751137,LSS,pathogenic_variant
4805866,LSS,pathogenic_variant
4813367,LSS,likely_pathogenic_variant
222974,MSMO1,pathogenic_variant
222975,MSMO1,likely_pathogenic_variant
222976,MSMO1,pathogenic_variant
253039,MVD,pathogenic_variant
253040,MVD,pathogenic_variant
1301637,MVD,pathogenic_variant
1323302,MVD,pathogenic_variant
1344672,MVD,likely_pathogenic_variant
3350259,MVD,likely_pathogenic_variant
3779982,MVD,likely_pathogenic_variant
253041,PMVK,pathogenic_variant
253042,PMVK,pathogenic_variant
1012741,PMVK,pathogenic_variant
1344669,PMVK,likely_pathogenic_variant
1344671,PMVK,likely_pathogenic_variant
4077434,PMVK,likely_pathogenic_variant
1334398,SCARB1,pathogenic_variant
587360,FDFT1,pathogenic_variant
587361,FDFT1,likely_pathogenic_variant
587362,FDFT1,likely_pathogenic_variant
599353,FDFT1,likely_pathogenic_variant
996898,FDFT1,likely_pathogenic_variant
4849700,FDFT1,likely_pathogenic_variant
3764740,APOA4,pathogenic_variant
3764741,APOA4,pathogenic_variant
1803007,HMGCR,pathogenic_variant
2506430,HMGCR,likely_pathogenic_variant
2506431,HMGCR,likely_pathogenic_variant
2506432,HMGCR,pathogenic_variant
2506433,HMGCR,pathogenic_variant
3767619,HMGCR,likely_pathogenic_variant
4686052,HMGCR,likely_pathogenic_variant
2580362,HMGCS1,pathogenic_variant
2580363,HMGCS1,pathogenic_variant
2580364,HMGCS1,pathogenic_variant
2580365,HMGCS1,pathogenic_variant
2580366,HMGCS1,pathogenic_variant
4533190,HMGCS1,pathogenic_variant
4533192,HMGCS1,pathogenic_variant
3393179,CYP51A1,likely_pathogenic_variant
4070986,SQLE,pathogenic_variant
