variant,gene,significance
792,LMF1,Pathogenic
143993,LMF1,Pathogenic
915345,LMF1,Pathogenic
2961040,LMF1,Pathogenic
1074820,LMF1,Pathogenic/Likely pathogenic
1334397,LMF1,Pathogenic
1341517,LMF1,Pathogenic/Likely pathogenic
1399714,LMF1-AS1,Likely pathogenic
1675593,LMF1,Pathogenic
1677611,LMF1,Pathogenic/Likely pathogenic
1677682,LMF1,Likely pathogenic
1677693,LMF1,Likely pathogenic
1677881,LMF1,Pathogenic/Likely pathogenic
1677919,LMF1,Likely pathogenic
1767730,LMF1,Likely pathogenic
2426772,LMF1,Pathogenic
2426773,LMF1,Pathogenic
1936829,LMF1,Pathogenic/Likely pathogenic
1958720,LOC130058141,Likely pathogenic
2633536,LMF1,Likely pathogenic
2788856,LMF1,Pathogenic/Likely pathogenic
2789167,LMF1,Pathogenic
2910386,LMF1,Likely pathogenic
3011463,LMF1,Pathogenic
3227807,LMF1,Pathogenic
3391618,LMF1,Likely pathogenic
3609264,LMF1,Pathogenic
3645095,LMF1,Pathogenic
3682280,LMF1,Pathogenic
4075909,LMF1,Pathogenic
4703175,LMF1,Pathogenic
4748684,LMF1,Pathogenic
1519,LPL,Likely pathogenic
1520,LPL,Pathogenic
1521,LPL,Pathogenic
1522,LPL,Pathogenic/Likely pathogenic
1523,LPL,Pathogenic
1524,LPL,Pathogenic/Likely pathogenic
1525,LPL,Pathogenic
1526,LPL,Pathogenic
1527,LPL,Pathogenic/Likely pathogenic
1528,LPL,Pathogenic
1530,LPL,Pathogenic/Likely pathogenic
1531,LPL,Pathogenic/Likely pathogenic
1532,LPL,Pathogenic
1533,LPL,Pathogenic
1535,LPL,Pathogenic
1536,LPL,Pathogenic
1537,LPL,Pathogenic
1538,LPL,Pathogenic
1539,LPL,Pathogenic/Likely pathogenic
1540,LPL,Pathogenic/Likely pathogenic
1541,LPL,Pathogenic
1542,LPL,Pathogenic
1543,LPL,Pathogenic
1544,LPL,Pathogenic
1545,LPL,Pathogenic
1546,LPL,Pathogenic
1547,LPL,Likely pathogenic
1548,LPL,Pathogenic/Likely pathogenic
1551,LPL,Likely pathogenic
1553,LPL,Pathogenic
1554,LPL,Pathogenic/Likely pathogenic
1556,LPL,Pathogenic
1557,LPL,Pathogenic
1558,LPL,Pathogenic
226449,LPL,Likely pathogenic
424622,LPL,Likely pathogenic
522719,LPL,Likely pathogenic
643218,LPL,Pathogenic
855588,LPL,Pathogenic
851236,LPL,Pathogenic
950321,LPL,Pathogenic
948095,LPL,Pathogenic
968107,LPL,Pathogenic
973587,LPL,Likely pathogenic
973588,LPL,Likely pathogenic
979021,LPL,Likely pathogenic
995957,LPL,Pathogenic
1030690,LPL,Pathogenic/Likely pathogenic
1066635,LPL,Pathogenic/Likely pathogenic
1066136,LPL,Likely pathogenic
1066636,LPL,Pathogenic
1076886,LPL,Pathogenic
1069128,LPL,Pathogenic
1072728,LPL,Pathogenic/Likely pathogenic
1076739,LPL,Pathogenic
1075531,LPL,Pathogenic
1070373,LPL,Pathogenic
1196534,LPL,Likely pathogenic
1203042,LPL,Pathogenic/Likely pathogenic
1210341,LPL,Likely pathogenic
1212446,LPL,Likely pathogenic
1236167,LPL,Pathogenic/Likely pathogenic
1284647,LPL,Likely pathogenic
1324675,LPL,Likely pathogenic
1324676,LPL,Likely pathogenic
1494261,LPL,Pathogenic/Likely pathogenic
1399464,LPL,Pathogenic
1455947,LPL,Pathogenic
1471786,LPL,Likely pathogenic
1418720,LPL,Pathogenic
1500351,LPL,Likely pathogenic
1366216,LPL,Pathogenic/Likely pathogenic
1423003,LPL,Pathogenic/Likely pathogenic
1448765,LPL,Pathogenic
1370928,LPL,Pathogenic
1452004,LPL,Pathogenic
1452072,LPL,Pathogenic
1427499,LPL,Pathogenic
1401888,LPL,Pathogenic
1456311,LPL,Pathogenic/Likely pathogenic
1455355,LPL,Pathogenic
1431010,LPL,Pathogenic
1457932,LPL,Pathogenic/Likely pathogenic
1458039,LPL,Pathogenic
1459737,LPL,Pathogenic
1392632,LPL,Likely pathogenic
1492400,LPL,Pathogenic/Likely pathogenic
1677766,LPL,Pathogenic/Likely pathogenic
1685369,LPL,Likely pathogenic
1685928,LPL,Pathogenic
1685930,LPL,Pathogenic
1685932,LPL,Pathogenic/Likely pathogenic
1693264,LPL,Pathogenic
1749778,LPL,Pathogenic
1769926,LPL,Pathogenic
1803250,LPL,Likely pathogenic
2136643,LPL,Likely pathogenic
2136644,LPL,Likely pathogenic
2422620,LPL,Pathogenic
2006935,LPL,Likely pathogenic
2026484,LPL,Pathogenic
2085152,LPL,Pathogenic
2133466,LPL,Pathogenic
2429741,LPL,Pathogenic
2429774,LPL,Pathogenic
2441229,LPL,Likely pathogenic
2484764,LPL,Pathogenic
2582665,LPL,Pathogenic
2583060,LPL,Likely pathogenic
2735123,LPL,Pathogenic
2735125,LPL,Pathogenic
2735126,LPL,Likely pathogenic
2735128,LPL,Likely pathogenic
2735129,LPL,Likely pathogenic
2735131,LPL,Likely pathogenic
2769182,LPL,Pathogenic
2768165,LPL,Pathogenic
2793081,LPL,Pathogenic
2795633,LPL,Pathogenic
2814855,LPL,Pathogenic/Likely pathogenic
2823414,LPL,Likely pathogenic
2843115,LPL,Likely pathogenic
2840731,LPL,Pathogenic
2849043,LPL,Pathogenic
2863224,LPL,Pathogenic
2972813,LPL,Pathogenic
2988064,LPL,Likely pathogenic
2992733,LPL,Likely pathogenic
3066297,LPL,Likely pathogenic
3068354,LPL,Pathogenic
3245547,LPL,Pathogenic
3245549,LPL,Pathogenic
3245550,LPL,Pathogenic
3251541,LPL,Likely pathogenic
3340534,LPL,Pathogenic
3376967,LPL,Likely pathogenic
3391032,LPL,Likely pathogenic
3595455,LPL,Pathogenic
3595456,LPL,Likely pathogenic
3595457,LPL,Likely pathogenic
3595458,LPL,Likely pathogenic
3595459,LPL,Likely pathogenic
3630603,LPL,Pathogenic
3638649,LPL,Pathogenic
3691103,LPL,Pathogenic
3720801,LPL,Pathogenic
3894920,LPL,Likely pathogenic
3895920,LPL,Likely pathogenic
3896141,LPL,Pathogenic
3902607,LPL,Likely pathogenic
4070182,LPL,Likely pathogenic
4070186,LPL,Likely pathogenic
4070188,LPL,Likely pathogenic
4070161,LPL,Pathogenic
4086158,LPL,Likely pathogenic
4278626,LPL,Likely pathogenic
4526506,LPL,Likely pathogenic
4531218,LPL,Likely pathogenic
4541346,LPL,Likely pathogenic
4709571,LPL,Likely pathogenic
4731933,LPL,Likely pathogenic
4817963,LPL,Pathogenic
4817964,LPL,Likely pathogenic
4817965,LPL,Pathogenic
4817966,LPL,Likely pathogenic
4817967,LPL,Pathogenic
4817968,LPL,Likely pathogenic
4850521,LPL,Likely pathogenic
2574,APOC4-APOC2,Likely pathogenic
2575,APOC4-APOC2,Likely pathogenic
2576,APOC2,Pathogenic
2577,APOC4-APOC2,Pathogenic
2579,APOC2,Likely pathogenic
2580,APOC4-APOC2,Pathogenic
2583,APOC2,Pathogenic
2584,APOC4-APOC2,Pathogenic
280159,APOC2,Pathogenic
634436,APOC4-APOC2,Pathogenic/Likely pathogenic
1284889,APOC4-APOC2,Pathogenic
1374052,APOC4-APOC2,Pathogenic/Likely pathogenic
1685529,APOC2,Pathogenic/Likely pathogenic
2423146,APOC2,Pathogenic
1937520,APOC2,Pathogenic
2992672,APOC2,Pathogenic
3237335,APOC2,Pathogenic
3362701,APOC2,Pathogenic
3583931,APOC4-APOC2,Likely pathogenic
4126902,APOC2,Likely pathogenic
2873,PCSK9,Pathogenic/Likely pathogenic
2874,PCSK9,Pathogenic
2875,PCSK9,Pathogenic/Likely pathogenic
201127,PCSK9,Pathogenic/Likely pathogenic
265939,PCSK9,Pathogenic/Likely pathogenic
297692,PCSK9,Pathogenic/Likely pathogenic
431555,PCSK9,Pathogenic
438337,PCSK9,Likely pathogenic
440706,PCSK9,Pathogenic
440712,PCSK9,Pathogenic
440715,PCSK9,Pathogenic
440721,PCSK9,Pathogenic
440722,PCSK9,Pathogenic
440725,PCSK9,Pathogenic
1015123,PCSK9,Likely pathogenic
1068052,BSND,Likely pathogenic
1120257,PCSK9,Likely pathogenic
2027927,PCSK9,Pathogenic
4277664,PCSK9,Likely pathogenic
3656,LCAT,Pathogenic
3657,LCAT,Pathogenic
3658,LCAT,Pathogenic
3659,LCAT,Pathogenic
3660,LCAT,Pathogenic
3661,LCAT,Pathogenic
3662,LCAT,Pathogenic
3665,LCAT,Pathogenic
3666,LCAT,Pathogenic
3668,LCAT,Likely pathogenic
3669,LCAT,Pathogenic
3670,LCAT,Pathogenic/Likely pathogenic
3671,LCAT,Pathogenic/Likely pathogenic
3672,LCAT,Pathogenic
3673,LCAT,Pathogenic
3674,LCAT,Pathogenic
626357,LCAT,Pathogenic
626358,LCAT,Pathogenic
632262,LCAT,Likely pathogenic
1338728,LCAT,Likely pathogenic
1454135,LCAT,Pathogenic/Likely pathogenic
1458807,LCAT,Pathogenic/Likely pathogenic
1764448,LCAT,Likely pathogenic
1969478,LCAT,Pathogenic
2585273,LCAT,Likely pathogenic
2631093,LCAT,Likely pathogenic
2736369,LCAT,Pathogenic
2879462,LCAT,Pathogenic
3067749,LCAT,Likely pathogenic
3581201,LCAT,Likely pathogenic
3581202,LCAT,Likely pathogenic
3581207,LCAT,Pathogenic
3581208,LCAT,Pathogenic/Likely pathogenic
3581209,LCAT,Likely pathogenic
3581214,LCAT,Likely pathogenic
3581217,LCAT,Likely pathogenic
3581220,LCAT,Likely pathogenic
4081488,LCAT,Likely pathogenic
4614481,LCAT,Likely pathogenic
3683,LDLR,Pathogenic
3685,LDLR,Pathogenic
3686,LDLR,Pathogenic
3688,LDLR,Pathogenic/Likely pathogenic
3689,LDLR,Likely pathogenic
3690,LDLR,Pathogenic
3691,LDLR,Pathogenic
3692,LDLR,Pathogenic
3695,LDLR,Pathogenic
3696,LDLR,Pathogenic
3697,LDLR,Pathogenic/Likely pathogenic
3698,LDLR,Pathogenic/Likely pathogenic
3699,LDLR,Pathogenic/Likely pathogenic
3701,LDLR,Pathogenic/Likely pathogenic
3702,LDLR,Pathogenic/Likely pathogenic
3703,LDLR,Pathogenic
3704,LDLR,Pathogenic/Likely pathogenic
3705,LDLR,Pathogenic
3706,LDLR,Pathogenic/Likely pathogenic
3709,LDLR,Pathogenic
3710,LOC126862856,Pathogenic
3711,LDLR,Pathogenic
3713,LDLR,Pathogenic
3715,LDLR,Pathogenic
3716,LDLR,Pathogenic
3722,LDLR,Pathogenic
3723,LDLR,Pathogenic
3724,LDLR,Pathogenic/Likely pathogenic
3726,LDLR,Pathogenic/Likely pathogenic
3727,LDLR,Pathogenic/Likely pathogenic
3729,LDLR,Pathogenic
3730,LDLR,Pathogenic/Likely pathogenic
3731,LDLR,Pathogenic/Likely pathogenic
3732,LDLR,Pathogenic/Likely pathogenic
3733,LDLR,Pathogenic/Likely pathogenic
3734,LDLR,Likely pathogenic
3736,LDLR,Pathogenic
3738,LDLR,Pathogenic/Likely pathogenic
3739,LDLR,Pathogenic
3740,LDLR,Pathogenic/Likely pathogenic
3741,LDLR,Pathogenic/Likely pathogenic
3742,LDLR,Likely pathogenic
3743,LDLR,Likely pathogenic
3744,LDLR,Pathogenic
3746,LDLR,Likely pathogenic
3747,LDLR,Pathogenic/Likely pathogenic
30627,LDLR,Pathogenic/Likely pathogenic
36450,LDLR,Likely pathogenic
36453,LDLR,Likely pathogenic
36454,LDLR,Likely pathogenic
36455,LDLR,Pathogenic/Likely pathogenic
36458,LDLR,Pathogenic/Likely pathogenic
36463,LDLR,Likely pathogenic
68100,LDLR,Pathogenic/Likely pathogenic
68103,LDLR,Pathogenic
161269,LDLR,Pathogenic
161266,LDLR,Pathogenic
161287,LDLR,Pathogenic
161268,LDLR,Pathogenic
161267,LDLR,Pathogenic/Likely pathogenic
161276,LDLR,Likely pathogenic
161277,LDLR,Pathogenic
161284,LDLR,Pathogenic
161270,LDLR,Pathogenic/Likely pathogenic
161285,LDLR,Pathogenic
161271,LDLR,Pathogenic
161290,LDLR,Pathogenic
161265,LDLR,Likely pathogenic
162499,LDLR,Pathogenic
180403,LDLR,Pathogenic
180402,LDLR,Pathogenic/Likely pathogenic
183083,LDLR,Likely pathogenic
183085,LDLR,Likely pathogenic
183136,LDLR,Pathogenic/Likely pathogenic
183089,LDLR,Likely pathogenic
183091,LDLR,Pathogenic/Likely pathogenic
183092,LDLR,Pathogenic
183093,LDLR,Pathogenic/Likely pathogenic
183098,LDLR,Likely pathogenic
183105,LDLR,Likely pathogenic
183106,LDLR,Pathogenic
183108,LDLR,Likely pathogenic
183109,LDLR,Likely pathogenic
183110,LDLR,Pathogenic/Likely pathogenic
183113,LDLR,Likely pathogenic
183116,LDLR,Pathogenic
183124,LDLR,Likely pathogenic
183126,LDLR,Pathogenic
183128,LDLR,Likely pathogenic
189296,LDLR,Pathogenic
189298,LDLR,Pathogenic
200924,LDLR,Pathogenic
200918,LDLR,Pathogenic/Likely pathogenic
200919,LDLR,Pathogenic/Likely pathogenic
200920,LDLR,Pathogenic
200921,LDLR,Pathogenic
200922,LDLR,Pathogenic
200923,LDLR,Likely pathogenic
222688,LDLR,Pathogenic/Likely pathogenic
222689,LDLR,Pathogenic
224616,LDLR,Pathogenic/Likely pathogenic
225097,LDLR,Likely pathogenic
225180,LDLR,Likely pathogenic
225182,LDLR,Pathogenic/Likely pathogenic
225183,LDLR,Pathogenic/Likely pathogenic
226404,LDLR,Pathogenic
226405,LDLR,Pathogenic
226407,LDLR,Pathogenic
226400,LDLR,Pathogenic
226401,LDLR,Pathogenic
226397,LDLR,Pathogenic
226403,LDLR,Pathogenic
226399,LDLR,Pathogenic
226406,LDLR,Pathogenic
226303,LDLR,Pathogenic
226304,LDLR,Pathogenic
226305,LDLR,Pathogenic/Likely pathogenic
226306,LDLR,Pathogenic/Likely pathogenic
226307,LDLR,Pathogenic
226308,LDLR,Likely pathogenic
226309,LDLR,Pathogenic
226311,LDLR,Pathogenic
226312,LDLR,Pathogenic/Likely pathogenic
226313,LDLR,Pathogenic
226314,LDLR,Pathogenic
226315,LDLR,Pathogenic/Likely pathogenic
226316,LDLR,Pathogenic/Likely pathogenic
226317,LDLR,Pathogenic/Likely pathogenic
226318,LDLR,Pathogenic
226319,LDLR,Pathogenic/Likely pathogenic
226320,LDLR,Pathogenic/Likely pathogenic
226322,LDLR,Pathogenic/Likely pathogenic
226323,LDLR,Likely pathogenic
226324,LDLR,Pathogenic/Likely pathogenic
226325,LDLR,Pathogenic
226326,LDLR,Pathogenic/Likely pathogenic
226328,LDLR,Pathogenic/Likely pathogenic
226329,LDLR,Pathogenic
226330,LDLR,Pathogenic
226331,LDLR,Pathogenic/Likely pathogenic
226332,LDLR,Likely pathogenic
226333,LDLR,Pathogenic
226334,LDLR,Pathogenic
226335,LDLR,Pathogenic
226336,LDLR,Likely pathogenic
226337,LDLR,Pathogenic/Likely pathogenic
226339,LDLR,Pathogenic/Likely pathogenic
226338,LDLR,Pathogenic/Likely pathogenic
226340,LDLR,Pathogenic/Likely pathogenic
226344,LDLR,Pathogenic/Likely pathogenic
226341,LDLR,Pathogenic
226342,LDLR,Pathogenic
226343,LDLR,Likely pathogenic
226345,LDLR,Pathogenic/Likely pathogenic
226346,LDLR,Pathogenic/Likely pathogenic
226347,LDLR,Pathogenic/Likely pathogenic
226348,LDLR,Pathogenic
226349,LDLR,Pathogenic/Likely pathogenic
226350,LDLR,Likely pathogenic
226351,LDLR,Pathogenic
226352,LDLR,Likely pathogenic
226353,LDLR,Pathogenic
226355,LDLR,Pathogenic
226356,LDLR,Pathogenic
226357,LDLR,Pathogenic
226358,LDLR,Pathogenic
226363,LDLR,Pathogenic
226364,LDLR,Pathogenic
226366,LDLR,Pathogenic/Likely pathogenic
226367,LDLR,Pathogenic/Likely pathogenic
226369,LDLR,Pathogenic
226370,LDLR,Pathogenic
226371,LDLR,Pathogenic/Likely pathogenic
226372,LDLR,Pathogenic/Likely pathogenic
226374,LDLR,Likely pathogenic
226375,LDLR,Pathogenic/Likely pathogenic
226298,LDLR,Pathogenic
226377,LDLR,Pathogenic/Likely pathogenic
226379,LDLR,Pathogenic
226380,LDLR,Pathogenic
226381,LDLR,Pathogenic
226382,LDLR,Likely pathogenic
226383,LDLR,Pathogenic
226384,LDLR,Pathogenic/Likely pathogenic
226385,LDLR,Pathogenic/Likely pathogenic
226386,LDLR,Likely pathogenic
226388,LDLR,Pathogenic
226390,LDLR,Pathogenic
226391,LDLR,Pathogenic/Likely pathogenic
226392,LDLR,Pathogenic
226393,LDLR,Pathogenic/Likely pathogenic
226395,LDLR,Likely pathogenic
226398,LDLR,Pathogenic
228798,LDLR,Likely pathogenic
228357,LDLR,Pathogenic
237860,LDLR,Pathogenic
237864,LDLR,Pathogenic/Likely pathogenic
237872,LDLR,Pathogenic
237870,LDLR,Pathogenic
237865,LDLR,Pathogenic/Likely pathogenic
250924,LDLR,Pathogenic
250941,LDLR,Likely pathogenic
250945,LDLR,Pathogenic/Likely pathogenic
250946,LDLR,Likely pathogenic
250955,LDLR-AS1,Pathogenic/Likely pathogenic
250966,LDLR,Pathogenic
250967,LDLR,Likely pathogenic
250968,LDLR,Pathogenic
250969,LDLR,Likely pathogenic
250972,LDLR,Pathogenic
250973,LDLR-AS1,Pathogenic
250975,LDLR,Likely pathogenic
250976,LDLR,Pathogenic/Likely pathogenic
250974,LDLR,Pathogenic
250977,LDLR,Pathogenic
250978,LDLR,Pathogenic
250979,LDLR,Pathogenic
250981,LDLR,Likely pathogenic
250986,LDLR,Pathogenic
250987,LDLR,Pathogenic/Likely pathogenic
250989,LOC126862856,Pathogenic/Likely pathogenic
250990,LDLR,Pathogenic
250991,LDLR,Likely pathogenic
250992,LDLR,Pathogenic/Likely pathogenic
250993,LDLR,Pathogenic/Likely pathogenic
251005,LDLR,Pathogenic
251006,LDLR,Pathogenic
251007,LDLR,Pathogenic
251008,LDLR,Pathogenic
251009,LDLR,Pathogenic/Likely pathogenic
251011,LDLR,Pathogenic
251014,LDLR,Pathogenic
251015,LDLR,Pathogenic
251016,LDLR,Likely pathogenic
251017,LDLR,Pathogenic
251018,LDLR,Pathogenic/Likely pathogenic
251019,LDLR,Likely pathogenic
251020,LDLR,Pathogenic
251021,LDLR,Pathogenic
251023,LDLR,Pathogenic
251024,LDLR,Pathogenic
251025,LDLR,Pathogenic
251026,LDLR,Pathogenic
251027,LDLR,Pathogenic
251028,LDLR,Pathogenic
251029,LDLR,Pathogenic
251030,LDLR,Pathogenic/Likely pathogenic
251031,LDLR,Likely pathogenic
251032,LDLR,Pathogenic/Likely pathogenic
251033,LDLR,Likely pathogenic
251036,LDLR,Pathogenic
251039,LDLR,Pathogenic
251043,LDLR,Likely pathogenic
251042,LDLR,Pathogenic
251044,LDLR,Likely pathogenic
251045,LDLR,Pathogenic
251046,LDLR,Pathogenic/Likely pathogenic
251048,LDLR,Pathogenic/Likely pathogenic
251049,LDLR,Pathogenic/Likely pathogenic
251051,LDLR,Pathogenic/Likely pathogenic
251050,LDLR,Pathogenic/Likely pathogenic
251054,LDLR,Pathogenic
251055,LDLR,Pathogenic
251057,LDLR,Pathogenic/Likely pathogenic
251071,LDLR,Pathogenic/Likely pathogenic
251072,LDLR,Pathogenic
251073,LDLR,Pathogenic
251074,LDLR,Pathogenic
251075,LDLR,Pathogenic
251076,LDLR,Pathogenic
251077,LDLR,Pathogenic/Likely pathogenic
251078,LDLR,Pathogenic
251079,LDLR,Pathogenic/Likely pathogenic
251080,LDLR,Likely pathogenic
251082,LDLR,Pathogenic/Likely pathogenic
251083,LDLR,Pathogenic
251084,LDLR,Pathogenic
251086,LDLR,Pathogenic
251089,LDLR,Pathogenic
251091,LDLR,Pathogenic/Likely pathogenic
251090,LDLR,Pathogenic
251092,LDLR,Pathogenic/Likely pathogenic
251093,LDLR,Pathogenic/Likely pathogenic
251098,LDLR,Pathogenic
251100,LDLR,Pathogenic
251099,LDLR,Pathogenic
251102,LDLR,Likely pathogenic
251103,LDLR,Likely pathogenic
251104,LDLR,Pathogenic/Likely pathogenic
251105,LDLR,Pathogenic
251106,LDLR,Likely pathogenic
251107,LDLR,Pathogenic
251109,LDLR,Likely pathogenic
251110,LDLR,Pathogenic/Likely pathogenic
251111,LDLR,Pathogenic/Likely pathogenic
251112,LDLR,Likely pathogenic
251113,LDLR,Likely pathogenic
251114,LDLR,Pathogenic/Likely pathogenic
251115,LDLR,Pathogenic
251120,LDLR,Pathogenic
251121,LDLR,Likely pathogenic
251122,LDLR,Likely pathogenic
251125,LDLR,Pathogenic
251124,LDLR,Pathogenic
251126,LDLR,Pathogenic
251129,LDLR,Pathogenic/Likely pathogenic
251128,LDLR,Pathogenic
251130,LDLR,Likely pathogenic
251131,LDLR,Likely pathogenic
251134,LDLR,Pathogenic/Likely pathogenic
251133,LDLR,Pathogenic/Likely pathogenic
251135,LDLR,Pathogenic/Likely pathogenic
251136,LDLR,Pathogenic/Likely pathogenic
251137,LDLR,Likely pathogenic
251140,LDLR,Pathogenic/Likely pathogenic
251142,LDLR,Pathogenic/Likely pathogenic
251148,LDLR,Pathogenic/Likely pathogenic
251149,LDLR,Likely pathogenic
251150,LDLR,Pathogenic
251151,LDLR,Pathogenic
251152,LDLR,Pathogenic
251154,LDLR,Pathogenic/Likely pathogenic
251155,LDLR,Pathogenic
251157,LDLR,Pathogenic/Likely pathogenic
251158,LDLR,Pathogenic
251159,LDLR,Pathogenic
251160,LDLR,Pathogenic
251161,LDLR,Pathogenic
251162,LDLR,Likely pathogenic
251163,LDLR,Pathogenic/Likely pathogenic
251166,LDLR,Likely pathogenic
251164,LDLR,Likely pathogenic
251165,LDLR,Likely pathogenic
251168,LDLR,Pathogenic
251169,LDLR,Pathogenic
251170,LDLR,Likely pathogenic
251171,LDLR,Pathogenic
251172,LDLR,Pathogenic
251173,LDLR,Likely pathogenic
251174,LDLR,Pathogenic/Likely pathogenic
251175,LDLR,Likely pathogenic
251176,LDLR,Pathogenic/Likely pathogenic
251177,LDLR,Likely pathogenic
251178,LDLR,Likely pathogenic
251179,LDLR,Pathogenic
251182,LDLR,Pathogenic
251183,LDLR,Pathogenic
251186,LDLR,Pathogenic
251187,LDLR,Pathogenic
251188,LDLR,Pathogenic
251189,LDLR,Likely pathogenic
251190,LDLR,Likely pathogenic
251191,LDLR,Pathogenic/Likely pathogenic
251193,LDLR,Pathogenic/Likely pathogenic
251192,LDLR,Pathogenic
251194,LDLR,Likely pathogenic
251195,LDLR,Likely pathogenic
251198,LDLR,Pathogenic
251199,LDLR,Pathogenic
251201,LDLR,Pathogenic
251203,LDLR,Pathogenic/Likely pathogenic
251204,LDLR,Pathogenic/Likely pathogenic
251205,LDLR,Likely pathogenic
251206,LDLR,Likely pathogenic
251208,LDLR,Pathogenic/Likely pathogenic
251209,LDLR,Likely pathogenic
251210,LDLR,Likely pathogenic
251211,LDLR,Pathogenic/Likely pathogenic
251212,LDLR,Pathogenic/Likely pathogenic
251213,LDLR,Pathogenic
251214,LDLR,Pathogenic
251215,LDLR,Pathogenic/Likely pathogenic
251216,LDLR,Pathogenic/Likely pathogenic
251217,LDLR,Pathogenic/Likely pathogenic
251218,LDLR,Pathogenic
251219,LDLR,Pathogenic/Likely pathogenic
251220,LDLR,Pathogenic/Likely pathogenic
251221,LDLR,Pathogenic
251223,LDLR,Likely pathogenic
251224,LDLR,Pathogenic/Likely pathogenic
251225,LDLR,Pathogenic/Likely pathogenic
251227,LDLR,Pathogenic/Likely pathogenic
251228,LDLR,Likely pathogenic
251231,LDLR,Pathogenic
251232,LDLR,Likely pathogenic
251235,LDLR,Likely pathogenic
251236,LDLR,Likely pathogenic
251237,LDLR,Pathogenic/Likely pathogenic
251238,LDLR,Pathogenic/Likely pathogenic
251239,LDLR,Pathogenic/Likely pathogenic
251240,LDLR,Pathogenic/Likely pathogenic
251241,LDLR,Likely pathogenic
251242,LDLR,Pathogenic
251243,LDLR,Pathogenic
251244,LDLR,Pathogenic
251245,LDLR,Likely pathogenic
251247,LDLR,Pathogenic/Likely pathogenic
251248,LDLR,Pathogenic/Likely pathogenic
251250,LDLR,Pathogenic
251253,LDLR,Likely pathogenic
251254,LDLR,Pathogenic
251255,LDLR,Pathogenic/Likely pathogenic
251256,LDLR,Pathogenic/Likely pathogenic
251257,LDLR,Pathogenic/Likely pathogenic
251258,LDLR,Pathogenic/Likely pathogenic
251259,LDLR,Pathogenic/Likely pathogenic
251260,LDLR,Likely pathogenic
251262,LDLR,Likely pathogenic
251263,LDLR,Pathogenic
251264,LDLR,Pathogenic
251265,LDLR,Pathogenic
251266,LDLR,Pathogenic/Likely pathogenic
251267,LDLR,Pathogenic/Likely pathogenic
251268,LDLR,Pathogenic/Likely pathogenic
251269,LDLR,Pathogenic/Likely pathogenic
251271,LDLR,Likely pathogenic
251270,LDLR,Likely pathogenic
251272,LDLR,Pathogenic/Likely pathogenic
251273,LDLR,Likely pathogenic
251275,LDLR,Likely pathogenic
251274,LDLR,Pathogenic
251276,LDLR,Pathogenic/Likely pathogenic
251277,LDLR,Pathogenic/Likely pathogenic
251278,LDLR,Likely pathogenic
251279,LDLR,Likely pathogenic
251280,LDLR,Pathogenic
251281,LDLR,Likely pathogenic
251283,LDLR,Likely pathogenic
251284,LDLR,Pathogenic/Likely pathogenic
251285,LDLR,Likely pathogenic
251282,LDLR,Pathogenic
251286,LDLR,Pathogenic/Likely pathogenic
251287,LDLR,Pathogenic/Likely pathogenic
251289,LDLR,Pathogenic
251290,LDLR,Likely pathogenic
251291,LDLR,Pathogenic/Likely pathogenic
251292,LDLR,Pathogenic
251294,LDLR,Pathogenic/Likely pathogenic
251293,LDLR,Likely pathogenic
251295,LDLR,Pathogenic
251296,LDLR,Pathogenic
251297,LDLR,Pathogenic
251298,LDLR,Pathogenic
251299,LDLR,Pathogenic
251301,LDLR,Pathogenic
251302,LDLR,Pathogenic
251303,LDLR,Pathogenic
251304,LDLR,Pathogenic
251305,LDLR,Pathogenic
251306,LDLR,Pathogenic
251308,LDLR,Pathogenic/Likely pathogenic
251309,LDLR,Likely pathogenic
251310,LDLR,Pathogenic
251311,LDLR,Pathogenic/Likely pathogenic
251312,LDLR,Pathogenic
251316,LDLR,Pathogenic
251317,LDLR,Likely pathogenic
251319,LDLR,Pathogenic
251320,LDLR,Likely pathogenic
251321,LDLR,Likely pathogenic
251322,LDLR,Likely pathogenic
251323,LDLR,Pathogenic
251324,LDLR,Pathogenic
251325,LDLR,Pathogenic/Likely pathogenic
251326,LDLR,Likely pathogenic
251328,LDLR,Pathogenic/Likely pathogenic
251329,LDLR,Pathogenic/Likely pathogenic
251330,LDLR,Pathogenic
251331,LDLR,Pathogenic
251332,LDLR,Pathogenic/Likely pathogenic
251335,LDLR,Pathogenic/Likely pathogenic
251337,LDLR,Pathogenic/Likely pathogenic
251336,LDLR,Pathogenic/Likely pathogenic
251339,LDLR,Likely pathogenic
251340,LDLR,Pathogenic
251342,LDLR,Likely pathogenic
251341,LDLR,Likely pathogenic
251343,LDLR,Pathogenic
251345,LDLR,Pathogenic/Likely pathogenic
251344,LDLR,Pathogenic
251346,LDLR,Pathogenic/Likely pathogenic
251348,LDLR,Pathogenic
251349,LDLR,Likely pathogenic
251350,LDLR,Pathogenic
251351,LDLR,Pathogenic
251352,LDLR,Likely pathogenic
251359,LDLR,Pathogenic
251356,LDLR,Pathogenic
251354,LDLR,Pathogenic
251355,LDLR,Pathogenic
251357,LDLR,Likely pathogenic
251358,LDLR,Pathogenic/Likely pathogenic
251361,LDLR,Likely pathogenic
251360,LDLR,Pathogenic
251362,LDLR,Likely pathogenic
251364,LDLR,Pathogenic
251365,LDLR,Likely pathogenic
251363,LDLR,Pathogenic
251366,LDLR,Likely pathogenic
251367,LDLR,Pathogenic
251370,LDLR,Likely pathogenic
251368,LDLR,Pathogenic
251369,LDLR,Likely pathogenic
251372,LDLR,Pathogenic
251373,LDLR,Likely pathogenic
251374,LDLR,Pathogenic/Likely pathogenic
251375,LDLR,Pathogenic/Likely pathogenic
251376,LDLR,Likely pathogenic
251377,LDLR,Likely pathogenic
251378,LDLR,Pathogenic
251379,LDLR,Pathogenic
251380,LDLR,Pathogenic
251381,LDLR,Likely pathogenic
251382,LDLR,Pathogenic
251384,LDLR,Pathogenic/Likely pathogenic
251383,LDLR,Likely pathogenic
251385,LDLR,Likely pathogenic
251388,LDLR,Pathogenic/Likely pathogenic
251386,LDLR,Likely pathogenic
251387,LDLR,Pathogenic
251389,LDLR,Pathogenic
251390,LDLR,Pathogenic/Likely pathogenic
251393,LDLR,Pathogenic/Likely pathogenic
251391,LDLR,Pathogenic
251392,LDLR,Likely pathogenic
251394,LDLR,Pathogenic/Likely pathogenic
251396,LDLR,Pathogenic/Likely pathogenic
251397,LDLR,Pathogenic/Likely pathogenic
251398,LDLR,Pathogenic/Likely pathogenic
251400,LDLR,Likely pathogenic
251399,LDLR,Pathogenic
251401,LDLR,Pathogenic
251402,LDLR,Pathogenic/Likely pathogenic
251403,LDLR,Pathogenic/Likely pathogenic
251404,LDLR,Likely pathogenic
251407,LDLR,Pathogenic
251409,LDLR,Pathogenic
251411,LDLR,Pathogenic
251415,LDLR,Pathogenic/Likely pathogenic
251416,LDLR,Pathogenic
251417,LDLR,Likely pathogenic
251418,LDLR,Pathogenic
251419,LDLR,Likely pathogenic
251420,LDLR,Pathogenic
251422,LDLR,Pathogenic
251424,LDLR,Pathogenic
251425,LDLR,Likely pathogenic
251426,LDLR,Pathogenic
251428,LDLR,Likely pathogenic
251429,LDLR,Likely pathogenic
251430,LDLR,Pathogenic/Likely pathogenic
251431,LDLR,Pathogenic
251434,LDLR,Pathogenic
251436,LDLR,Pathogenic
251437,LDLR,Pathogenic/Likely pathogenic
251438,LDLR,Likely pathogenic
251440,LDLR,Likely pathogenic
251441,LDLR,Pathogenic/Likely pathogenic
251443,LDLR,Likely pathogenic
251444,LDLR,Pathogenic/Likely pathogenic
251445,LDLR,Likely pathogenic
251449,LDLR,Pathogenic
251450,LDLR,Pathogenic
251451,LDLR,Pathogenic
251452,LDLR,Pathogenic
251456,LDLR,Pathogenic
251455,LDLR,Pathogenic
251457,LDLR,Likely pathogenic
251458,LDLR,Likely pathogenic
251461,LDLR,Likely pathogenic
251462,LDLR,Likely pathogenic
251464,LDLR,Pathogenic/Likely pathogenic
251465,LDLR,Pathogenic
251467,LDLR,Pathogenic
251469,LDLR,Pathogenic/Likely pathogenic
251470,LDLR,Likely pathogenic
251471,LDLR,Pathogenic
251475,LDLR,Pathogenic/Likely pathogenic
251476,LDLR,Pathogenic
251478,LDLR,Pathogenic
251479,LDLR,Likely pathogenic
251480,LDLR,Likely pathogenic
251481,LDLR,Pathogenic/Likely pathogenic
251482,LDLR,Pathogenic/Likely pathogenic
251484,LDLR,Pathogenic/Likely pathogenic
251485,LDLR,Likely pathogenic
251488,LDLR,Likely pathogenic
251489,LDLR,Pathogenic
251490,LDLR,Pathogenic
251492,LDLR,Likely pathogenic
251491,LDLR,Pathogenic/Likely pathogenic
251494,LDLR,Likely pathogenic
251495,LDLR,Pathogenic
251496,LDLR,Pathogenic
251497,LDLR,Pathogenic
251498,LDLR,Likely pathogenic
251499,LDLR,Pathogenic/Likely pathogenic
251500,LDLR,Pathogenic
251501,LDLR,Pathogenic
251504,LDLR,Pathogenic
251506,LDLR,Pathogenic
251509,LDLR,Pathogenic
251510,LDLR,Likely pathogenic
251511,LDLR,Pathogenic
251512,LDLR,Pathogenic/Likely pathogenic
251513,LDLR,Likely pathogenic
251514,LDLR,Pathogenic/Likely pathogenic
251515,LDLR,Likely pathogenic
251516,LDLR,Pathogenic/Likely pathogenic
251517,LDLR,Likely pathogenic
251518,LDLR,Pathogenic
251520,LDLR,Pathogenic
251522,LDLR,Pathogenic
251523,LDLR,Pathogenic
251524,LDLR,Pathogenic
251526,LDLR,Likely pathogenic
251527,LDLR,Pathogenic/Likely pathogenic
251528,LDLR,Likely pathogenic
251530,LDLR,Pathogenic
251533,LDLR,Pathogenic
251534,LDLR,Pathogenic
251535,LDLR,Pathogenic
251536,LDLR,Pathogenic
251537,LDLR,Likely pathogenic
251538,LDLR,Likely pathogenic
251539,LDLR,Pathogenic
251541,LDLR,Pathogenic/Likely pathogenic
251542,LDLR,Pathogenic/Likely pathogenic
251543,LDLR,Pathogenic/Likely pathogenic
251546,LDLR,Pathogenic
251547,LDLR,Likely pathogenic
251552,LDLR,Likely pathogenic
251553,LDLR,Pathogenic/Likely pathogenic
251554,LDLR,Pathogenic/Likely pathogenic
251564,LDLR,Pathogenic/Likely pathogenic
251565,LDLR,Pathogenic
251568,LDLR,Pathogenic
251569,LDLR,Pathogenic
251570,LDLR,Pathogenic/Likely pathogenic
251571,LDLR,Likely pathogenic
251572,LDLR,Pathogenic/Likely pathogenic
251573,LDLR,Pathogenic
251574,LDLR,Pathogenic/Likely pathogenic
251576,LDLR,Pathogenic
251578,LDLR,Pathogenic
251579,LDLR,Pathogenic
251580,LDLR,Likely pathogenic
251581,LDLR,Pathogenic
251582,LDLR,Likely pathogenic
251584,LDLR,Pathogenic
251585,LDLR,Pathogenic/Likely pathogenic
251586,LDLR,Likely pathogenic
251589,LDLR,Pathogenic
251590,LDLR,Pathogenic
251591,LDLR,Likely pathogenic
251592,LDLR,Pathogenic/Likely pathogenic
251593,LDLR,Likely pathogenic
251594,LDLR,Pathogenic/Likely pathogenic
251595,LDLR,Pathogenic/Likely pathogenic
251596,LDLR,Pathogenic
251598,LDLR,Pathogenic
251600,LDLR,Pathogenic/Likely pathogenic
251599,LDLR,Pathogenic/Likely pathogenic
251601,LDLR,Pathogenic/Likely pathogenic
251605,LDLR,Pathogenic
251606,LDLR,Likely pathogenic
251607,LDLR,Pathogenic
251608,LDLR,Pathogenic
251609,LDLR,Pathogenic
251610,LDLR,Pathogenic
251611,LDLR,Pathogenic
251612,LDLR,Pathogenic/Likely pathogenic
251613,LDLR,Pathogenic
251614,LDLR,Pathogenic
251615,LDLR,Pathogenic
251617,LDLR,Likely pathogenic
251618,LDLR,Likely pathogenic
251616,LDLR,Pathogenic
251619,LDLR,Pathogenic/Likely pathogenic
251621,LDLR,Pathogenic/Likely pathogenic
251622,LDLR,Pathogenic/Likely pathogenic
251620,LDLR,Pathogenic/Likely pathogenic
251623,LDLR,Pathogenic
251624,LDLR,Pathogenic/Likely pathogenic
251632,LDLR,Pathogenic/Likely pathogenic
251636,LDLR,Pathogenic/Likely pathogenic
251637,LDLR,Pathogenic/Likely pathogenic
251638,LDLR,Likely pathogenic
251639,LDLR,Pathogenic/Likely pathogenic
251640,LDLR,Pathogenic/Likely pathogenic
251641,LDLR,Pathogenic
251645,LDLR,Likely pathogenic
251646,LDLR,Pathogenic
251649,LDLR,Likely pathogenic
251648,LDLR,Likely pathogenic
251650,LDLR,Pathogenic
251652,LDLR,Pathogenic/Likely pathogenic
251653,LDLR,Pathogenic
251655,LDLR,Pathogenic
251657,LDLR,Likely pathogenic
251658,LDLR,Likely pathogenic
251659,LDLR,Likely pathogenic
251660,LDLR,Pathogenic
251661,LDLR,Likely pathogenic
251663,LDLR,Pathogenic
251664,LDLR,Likely pathogenic
251665,LDLR,Pathogenic/Likely pathogenic
251666,LDLR,Likely pathogenic
251667,LDLR,Pathogenic
251668,LDLR,Pathogenic/Likely pathogenic
251670,LDLR,Pathogenic
251672,LDLR,Likely pathogenic
251673,LDLR,Pathogenic/Likely pathogenic
251674,LDLR,Pathogenic/Likely pathogenic
251676,LDLR,Pathogenic
251677,LDLR,Pathogenic
251678,LDLR,Pathogenic/Likely pathogenic
251679,LDLR,Pathogenic/Likely pathogenic
251680,LDLR,Pathogenic/Likely pathogenic
251681,LDLR,Pathogenic/Likely pathogenic
251682,LDLR,Pathogenic/Likely pathogenic
251683,LDLR,Pathogenic
251684,LDLR,Pathogenic
251685,LDLR,Pathogenic/Likely pathogenic
251686,LDLR,Pathogenic/Likely pathogenic
251688,LDLR,Pathogenic
251690,LDLR,Pathogenic/Likely pathogenic
251689,LDLR,Likely pathogenic
251694,LDLR,Pathogenic
251695,LDLR,Pathogenic
251697,LDLR,Pathogenic/Likely pathogenic
251696,LDLR,Pathogenic
251699,LDLR,Pathogenic
251698,LDLR,Pathogenic
251701,LDLR,Pathogenic
251704,LDLR,Likely pathogenic
251703,LDLR,Pathogenic
251705,LDLR,Pathogenic/Likely pathogenic
251706,LDLR,Likely pathogenic
251711,LDLR,Pathogenic
251712,LDLR,Pathogenic
251713,LDLR,Pathogenic/Likely pathogenic
251723,LDLR,Pathogenic/Likely pathogenic
251724,LDLR,Pathogenic/Likely pathogenic
251726,LDLR,Pathogenic
251727,LDLR,Likely pathogenic
251728,LDLR,Pathogenic
251729,LDLR,Pathogenic
251730,LDLR,Pathogenic/Likely pathogenic
251731,LDLR,Likely pathogenic
251733,LDLR,Pathogenic
251734,LDLR,Pathogenic
251736,LDLR,Likely pathogenic
251738,LDLR,Pathogenic/Likely pathogenic
251740,LDLR,Likely pathogenic
251742,LDLR,Likely pathogenic
251743,LDLR,Likely pathogenic
251744,LDLR,Pathogenic
251745,LDLR,Pathogenic/Likely pathogenic
251748,LDLR,Likely pathogenic
251749,LDLR,Likely pathogenic
251751,LDLR,Pathogenic
251752,LDLR,Pathogenic/Likely pathogenic
251753,LDLR,Likely pathogenic
251754,LDLR,Likely pathogenic
251755,LDLR,Pathogenic
251756,LDLR,Pathogenic/Likely pathogenic
251757,LDLR,Pathogenic
251758,LDLR,Pathogenic
251760,LDLR,Pathogenic/Likely pathogenic
251761,LDLR,Likely pathogenic
251763,LDLR,Likely pathogenic
251767,LDLR,Pathogenic
251769,LDLR,Pathogenic
251770,LDLR,Likely pathogenic
251771,LDLR,Likely pathogenic
251772,LDLR,Likely pathogenic
251773,LDLR,Likely pathogenic
251774,LDLR,Pathogenic
251776,LDLR,Pathogenic
251777,LDLR,Pathogenic
251778,LDLR,Pathogenic/Likely pathogenic
251779,LDLR,Pathogenic
251783,LDLR,Pathogenic
251785,LDLR,Likely pathogenic
251787,LDLR,Pathogenic/Likely pathogenic
251788,LDLR,Pathogenic
251789,LDLR,Pathogenic
251790,LDLR,Likely pathogenic
251791,LDLR,Pathogenic
251792,LDLR,Pathogenic
251793,LDLR,Likely pathogenic
251795,LDLR,Pathogenic
251796,LDLR,Likely pathogenic
251798,LDLR,Pathogenic
251799,LDLR,Pathogenic
251800,LDLR,Likely pathogenic
251801,LDLR,Pathogenic/Likely pathogenic
251802,LDLR,Pathogenic/Likely pathogenic
251803,LDLR,Pathogenic/Likely pathogenic
251804,LDLR,Likely pathogenic
251808,LDLR,Likely pathogenic
251811,LDLR,Pathogenic/Likely pathogenic
251812,LDLR,Likely pathogenic
251813,LDLR,Pathogenic
251814,LDLR,Pathogenic
251815,LDLR,Pathogenic
251816,LDLR,Pathogenic
251818,LDLR,Pathogenic
251820,LDLR,Pathogenic
251821,LDLR,Pathogenic
251822,LDLR,Pathogenic
251825,LDLR,Pathogenic
251830,LDLR,Pathogenic/Likely pathogenic
251831,LDLR,Likely pathogenic
251834,LDLR,Pathogenic
251835,LDLR,Pathogenic
251837,LDLR,Likely pathogenic
251839,LDLR,Pathogenic
251841,LDLR,Likely pathogenic
251842,LDLR,Pathogenic
251844,LDLR,Likely pathogenic
251846,LDLR,Likely pathogenic
251849,LDLR,Pathogenic
251856,LDLR,Likely pathogenic
251857,LDLR,Pathogenic/Likely pathogenic
251860,LDLR,Likely pathogenic
251861,LDLR,Pathogenic
251862,LDLR,Pathogenic
251865,LDLR,Likely pathogenic
251866,LDLR,Pathogenic
251867,LDLR,Pathogenic/Likely pathogenic
251870,LDLR,Likely pathogenic
251871,LDLR,Pathogenic/Likely pathogenic
251872,LDLR,Pathogenic
251873,LDLR,Pathogenic/Likely pathogenic
251874,LDLR,Pathogenic/Likely pathogenic
251875,LDLR,Pathogenic
251878,LDLR,Pathogenic
251880,LDLR,Pathogenic
251883,LDLR,Likely pathogenic
251884,LDLR,Pathogenic
251885,LDLR,Likely pathogenic
251887,LDLR,Likely pathogenic
251888,LDLR,Pathogenic
251889,LDLR,Pathogenic
251892,LDLR,Pathogenic
251897,LDLR,Pathogenic/Likely pathogenic
251900,LDLR,Likely pathogenic
251899,LDLR,Likely pathogenic
251902,LDLR,Likely pathogenic
251905,LDLR,Pathogenic/Likely pathogenic
251906,LDLR,Likely pathogenic
251907,LDLR,Pathogenic/Likely pathogenic
251908,LDLR,Pathogenic/Likely pathogenic
251911,LDLR,Pathogenic/Likely pathogenic
251912,LDLR,Pathogenic/Likely pathogenic
251922,LDLR,Pathogenic/Likely pathogenic
251923,LDLR,Pathogenic
251924,LDLR,Likely pathogenic
251925,LDLR,Pathogenic/Likely pathogenic
251926,LDLR,Pathogenic
251927,LDLR,Pathogenic
251930,LDLR,Likely pathogenic
251931,LDLR,Likely pathogenic
251932,LDLR,Pathogenic
251933,LDLR,Pathogenic
251934,LDLR,Pathogenic
251938,LDLR,Likely pathogenic
251939,LDLR,Pathogenic/Likely pathogenic
251940,LDLR,Pathogenic/Likely pathogenic
251941,LDLR,Pathogenic
251942,LDLR,Pathogenic/Likely pathogenic
251943,LDLR,Pathogenic/Likely pathogenic
251944,LDLR,Likely pathogenic
251945,LDLR,Pathogenic/Likely pathogenic
251946,LDLR,Pathogenic/Likely pathogenic
251947,LDLR,Pathogenic/Likely pathogenic
251948,LDLR,Pathogenic
251951,LDLR,Likely pathogenic
251952,LDLR,Likely pathogenic
251950,LDLR,Pathogenic
251953,LDLR,Pathogenic
251955,LDLR,Likely pathogenic
251956,LDLR,Pathogenic
251954,LDLR,Pathogenic
251958,LDLR,Pathogenic
251959,LDLR,Pathogenic
251961,LDLR,Pathogenic
251962,LDLR,Likely pathogenic
251963,LDLR,Pathogenic
251964,LDLR,Pathogenic
251965,LDLR,Pathogenic
251966,LDLR,Pathogenic
251969,LDLR,Pathogenic/Likely pathogenic
251968,LDLR,Pathogenic
251970,LDLR,Pathogenic/Likely pathogenic
251972,LDLR,Pathogenic
251973,LDLR,Pathogenic/Likely pathogenic
251974,LDLR,Pathogenic/Likely pathogenic
251976,LDLR,Pathogenic/Likely pathogenic
251975,LDLR,Pathogenic
251977,LDLR,Pathogenic/Likely pathogenic
251980,LDLR,Pathogenic/Likely pathogenic
251981,LDLR,Pathogenic/Likely pathogenic
251982,LDLR,Pathogenic/Likely pathogenic
251987,LDLR,Pathogenic/Likely pathogenic
251992,LDLR,Likely pathogenic
251993,LDLR,Pathogenic/Likely pathogenic
251995,LDLR,Pathogenic
251996,LDLR,Likely pathogenic
251998,LDLR,Likely pathogenic
251999,LDLR,Pathogenic/Likely pathogenic
252001,LDLR,Pathogenic/Likely pathogenic
252000,LDLR,Pathogenic
252003,LDLR,Pathogenic/Likely pathogenic
252002,LDLR,Likely pathogenic
252007,LDLR,Likely pathogenic
252008,LDLR,Likely pathogenic
252009,LDLR,Likely pathogenic
252010,LDLR,Pathogenic
252011,LDLR,Pathogenic
252012,LDLR,Likely pathogenic
252014,LDLR,Likely pathogenic
252013,LDLR,Pathogenic
252015,LDLR,Likely pathogenic
252016,LDLR,Pathogenic
252017,LDLR,Likely pathogenic
252018,LDLR,Pathogenic/Likely pathogenic
252019,LDLR,Pathogenic
252020,LDLR,Pathogenic
252023,LDLR,Pathogenic
252024,LDLR,Pathogenic
252025,LDLR,Pathogenic
252026,LDLR,Pathogenic
252027,LDLR,Pathogenic
252029,LDLR,Likely pathogenic
252028,LDLR,Pathogenic
252030,LDLR,Pathogenic
252031,LDLR,Pathogenic
252035,LDLR,Likely pathogenic
252037,LDLR,Pathogenic
252039,LDLR,Likely pathogenic
252040,LDLR,Likely pathogenic
252041,LDLR,Pathogenic
252042,LDLR,Pathogenic
252044,LDLR,Pathogenic/Likely pathogenic
252045,LDLR,Pathogenic
252047,LDLR,Likely pathogenic
252048,LDLR,Pathogenic/Likely pathogenic
252049,LDLR,Pathogenic/Likely pathogenic
252050,LDLR,Likely pathogenic
252051,LDLR,Pathogenic/Likely pathogenic
252054,LDLR,Likely pathogenic
252053,LDLR,Pathogenic/Likely pathogenic
252056,LDLR,Pathogenic
252058,LDLR,Pathogenic/Likely pathogenic
252059,LDLR,Likely pathogenic
252061,LDLR,Likely pathogenic
252062,LDLR,Pathogenic
252064,LDLR,Pathogenic/Likely pathogenic
252067,LDLR,Pathogenic/Likely pathogenic
252068,LDLR,Pathogenic
252069,LDLR,Pathogenic/Likely pathogenic
252066,LDLR,Pathogenic/Likely pathogenic
252070,LDLR,Pathogenic/Likely pathogenic
252073,LDLR,Likely pathogenic
252079,LDLR,Pathogenic/Likely pathogenic
252080,LDLR,Likely pathogenic
252081,LDLR,Likely pathogenic
252083,LDLR,Likely pathogenic
252082,LDLR,Pathogenic
252084,LDLR,Likely pathogenic
252085,LDLR,Likely pathogenic
252086,LDLR,Likely pathogenic
252087,LDLR,Pathogenic
252089,LDLR,Pathogenic
252090,LDLR,Likely pathogenic
252088,LDLR,Pathogenic
252091,LDLR,Pathogenic/Likely pathogenic
252092,LDLR,Pathogenic/Likely pathogenic
252093,LDLR,Likely pathogenic
252095,LDLR,Pathogenic
252097,LDLR,Pathogenic/Likely pathogenic
252098,LDLR,Pathogenic
252100,LDLR,Pathogenic
252101,LDLR,Pathogenic/Likely pathogenic
252102,LDLR,Likely pathogenic
252105,LDLR,Likely pathogenic
252104,LDLR,Pathogenic
252106,LDLR,Likely pathogenic
252107,LDLR,Likely pathogenic
252112,LDLR,Likely pathogenic
252113,LDLR,Likely pathogenic
252116,LDLR,Pathogenic
252117,LDLR,Pathogenic
252119,LDLR,Pathogenic
252120,LDLR,Likely pathogenic
252123,LDLR,Pathogenic
252124,LDLR,Pathogenic
252125,LDLR,Pathogenic
252127,LDLR,Likely pathogenic
252133,LDLR,Pathogenic
252134,LDLR,Pathogenic
252135,LDLR,Likely pathogenic
252138,LDLR,Likely pathogenic
252140,LDLR,Likely pathogenic
252139,LDLR,Pathogenic
252143,LDLR,Likely pathogenic
252145,LDLR,Pathogenic
252146,LDLR,Pathogenic
252147,LDLR,Likely pathogenic
252150,LDLR,Pathogenic
252153,LDLR,Pathogenic/Likely pathogenic
252155,LDLR,Likely pathogenic
252157,LDLR,Pathogenic
252158,LDLR,Pathogenic
252161,LDLR,Pathogenic
252160,LDLR,Pathogenic
252162,LDLR,Likely pathogenic
252163,LDLR,Pathogenic/Likely pathogenic
252165,LDLR,Likely pathogenic
252164,LDLR,Pathogenic
252167,LDLR,Pathogenic
252168,LDLR,Pathogenic/Likely pathogenic
252166,LDLR,Pathogenic
252169,LDLR,Pathogenic
252170,LDLR,Pathogenic
252171,LDLR,Pathogenic
252173,LDLR,Likely pathogenic
252176,LDLR,Pathogenic/Likely pathogenic
252178,LDLR,Pathogenic/Likely pathogenic
252177,LDLR,Pathogenic
252179,LDLR,Pathogenic
252180,LDLR,Likely pathogenic
252181,LDLR,Pathogenic
252182,LDLR,Pathogenic
252183,LDLR,Pathogenic/Likely pathogenic
252185,LDLR,Likely pathogenic
252186,LDLR,Pathogenic/Likely pathogenic
252187,LDLR,Pathogenic/Likely pathogenic
252188,LDLR,Pathogenic
252190,LDLR,Pathogenic
252191,LDLR,Pathogenic
252193,LDLR,Likely pathogenic
252194,LDLR,Pathogenic/Likely pathogenic
252195,LDLR,Pathogenic
252196,LDLR,Pathogenic
252197,LDLR,Pathogenic
252199,LDLR,Pathogenic
252198,LDLR,Pathogenic
252200,LDLR,Pathogenic
252201,LDLR,Pathogenic
252202,LDLR,Pathogenic
252203,LDLR,Pathogenic
252205,LDLR,Pathogenic
252206,LDLR,Pathogenic
252207,LDLR,Pathogenic
252208,LDLR,Likely pathogenic
252209,LDLR,Pathogenic
252210,LDLR,Pathogenic/Likely pathogenic
252211,LDLR,Pathogenic
252212,LDLR,Likely pathogenic
252213,LDLR,Likely pathogenic
252214,LDLR,Pathogenic/Likely pathogenic
252215,LDLR,Pathogenic/Likely pathogenic
252216,LDLR,Pathogenic/Likely pathogenic
252218,LDLR,Pathogenic
252220,LDLR,Likely pathogenic
252222,LDLR,Pathogenic
252223,LDLR,Pathogenic
252226,LDLR,Likely pathogenic
252228,LDLR,Likely pathogenic
252229,LDLR,Pathogenic/Likely pathogenic
252230,LDLR,Likely pathogenic
252231,LDLR,Likely pathogenic
252232,LDLR,Pathogenic
252233,LDLR,Likely pathogenic
252234,LDLR,Likely pathogenic
252235,LDLR,Pathogenic/Likely pathogenic
252236,LDLR,Likely pathogenic
252237,LDLR,Pathogenic/Likely pathogenic
252244,LDLR,Pathogenic
252245,LDLR,Pathogenic
252247,LDLR,Pathogenic
252248,LDLR,Pathogenic
252249,LDLR,Pathogenic
252250,LDLR,Pathogenic
252251,LDLR,Pathogenic
252252,LDLR,Pathogenic
252253,LDLR,Pathogenic
252255,LDLR,Pathogenic
252256,LDLR,Pathogenic/Likely pathogenic
252258,LDLR,Pathogenic
252260,LDLR,Pathogenic
252261,LDLR,Pathogenic/Likely pathogenic
252263,LDLR,Pathogenic
252264,LDLR,Pathogenic
252268,LDLR,Pathogenic
252270,LDLR,Pathogenic
252271,LDLR,Pathogenic
252272,LDLR,Pathogenic/Likely pathogenic
252273,LDLR,Likely pathogenic
252274,LDLR,Pathogenic/Likely pathogenic
252275,LDLR,Pathogenic/Likely pathogenic
252285,LDLR,Pathogenic
252286,LDLR,Pathogenic
252288,LDLR,Pathogenic
252289,LDLR,Pathogenic
252297,LDLR,Pathogenic/Likely pathogenic
252298,LDLR,Pathogenic/Likely pathogenic
252299,LDLR,Pathogenic/Likely pathogenic
252300,LDLR,Pathogenic/Likely pathogenic
252302,LDLR,Pathogenic
252301,LDLR,Likely pathogenic
252313,LDLR,Pathogenic
252316,LDLR,Pathogenic
252317,LDLR,Pathogenic/Likely pathogenic
252318,LDLR,Likely pathogenic
252320,LDLR,Likely pathogenic
252321,LDLR,Likely pathogenic
252322,LDLR,Pathogenic
252324,LDLR,Pathogenic
252326,LDLR,Pathogenic
252328,LDLR,Likely pathogenic
252329,LDLR,Pathogenic
252330,LDLR,Pathogenic
252331,LDLR,Pathogenic
252332,LDLR,Pathogenic
252334,LDLR,Pathogenic
252335,LDLR,Pathogenic
252336,LDLR,Pathogenic
252337,LDLR,Pathogenic/Likely pathogenic
252338,LDLR,Pathogenic
252340,LDLR,Likely pathogenic
252341,LDLR,Pathogenic
252342,LDLR,Pathogenic/Likely pathogenic
252344,LDLR,Pathogenic
252345,LDLR,Likely pathogenic
252346,LDLR,Pathogenic
252348,LDLR,Pathogenic
252349,LDLR,Pathogenic/Likely pathogenic
252350,LDLR,Likely pathogenic
252351,LDLR,Pathogenic/Likely pathogenic
252352,LDLR,Pathogenic/Likely pathogenic
252357,LDLR,Likely pathogenic
252359,LDLR,Pathogenic
250931,LDLR,Likely pathogenic
250932,LDLR,Pathogenic
250934,LDLR,Pathogenic
250935,LDLR,Pathogenic
250936,LDLR,Pathogenic
250937,LDLR,Pathogenic
250938,LDLR,Pathogenic
250939,LDLR,Pathogenic
250940,LDLR,Pathogenic
250994,LDLR,Pathogenic
250995,LDLR,Pathogenic
250996,LDLR,Pathogenic
250997,LDLR,Likely pathogenic
250999,LDLR,Pathogenic
251000,LDLR,Pathogenic
251001,LDLR,Pathogenic
251002,LDLR,Pathogenic
251003,LDLR,Likely pathogenic
251004,LDLR,Pathogenic
251058,LDLR,Pathogenic
251059,LDLR,Pathogenic
251061,LDLR,Pathogenic
251062,LDLR,Likely pathogenic
251063,LDLR,Pathogenic
251064,LDLR,Likely pathogenic
251065,LDLR,Pathogenic
251066,LDLR,Likely pathogenic
251067,LDLR,Pathogenic
251068,LDLR,Pathogenic
251069,LDLR,Pathogenic
251070,LDLR,Likely pathogenic
251143,LDLR,Pathogenic
251144,LDLR,Likely pathogenic
251145,LDLR,Likely pathogenic
251146,LDLR,Pathogenic
251412,LDLR,Pathogenic
251413,LDLR,Pathogenic
251414,LDLR,Pathogenic
251472,LDLR,Pathogenic
251473,LDLR,Pathogenic
251474,LDLR,Pathogenic
251555,LDLR,Likely pathogenic
251556,LDLR,Likely pathogenic
251557,LDLR,Pathogenic
251558,LDLR,Pathogenic
251559,LDLR,Pathogenic
251560,LDLR,Pathogenic
251561,LDLR,Pathogenic
251562,LDLR,Pathogenic
251563,LDLR,Pathogenic
251633,LDLR,Pathogenic/Likely pathogenic
251634,LDLR,Pathogenic
251635,LDLR,Pathogenic
251714,LDLR,Pathogenic
251715,LDLR,Pathogenic
251716,LDLR,Pathogenic
251717,LDLR,Pathogenic
251718,LDLR,Pathogenic
251719,LDLR,Pathogenic
251720,LDLR,Pathogenic
251722,LDLR,Pathogenic
251913,LDLR,Pathogenic
251914,LDLR,Pathogenic
251916,LDLR,Pathogenic
251917,LDLR,Pathogenic
251918,LDLR,Pathogenic
251919,LDLR,Pathogenic
251920,LDLR,Pathogenic
251921,LDLR,Pathogenic
251988,LDLR,Pathogenic
251989,LDLR,Pathogenic
251990,LDLR,Pathogenic
251991,LDLR,Pathogenic
252074,LDLR,Pathogenic
252075,LDLR,Pathogenic
252076,LDLR,Pathogenic
252078,LDLR,Pathogenic
252154,LDLR,Pathogenic
252239,LDLR,Pathogenic
252240,LDLR,Pathogenic
252279,LDLR,Pathogenic
252280,LDLR,Likely pathogenic
252281,LDLR,Pathogenic
252282,LDLR,Pathogenic
252283,LDLR,Pathogenic
252284,LDLR,Pathogenic
252314,LDLR,Pathogenic
252315,LDLR,Pathogenic
254031,LDLR,Pathogenic
265901,LDLR,Pathogenic
265906,LDLR,Pathogenic
265899,LDLR,Pathogenic
265900,LDLR,Likely pathogenic
265904,LDLR,Likely pathogenic
369864,LDLR,Likely pathogenic
369858,LDLR,Pathogenic/Likely pathogenic
369866,LDLR,Pathogenic/Likely pathogenic
369854,LDLR,Pathogenic/Likely pathogenic
369870,LDLR,Pathogenic/Likely pathogenic
369871,LDLR,Likely pathogenic
369851,LDLR,Pathogenic/Likely pathogenic
369873,LDLR,Pathogenic/Likely pathogenic
369850,LDLR,Pathogenic/Likely pathogenic
369859,LDLR,Pathogenic/Likely pathogenic
369863,LDLR,Pathogenic/Likely pathogenic
369867,LDLR,Pathogenic/Likely pathogenic
369860,LDLR,Pathogenic/Likely pathogenic
369852,LDLR,Pathogenic/Likely pathogenic
369848,LDLR,Pathogenic/Likely pathogenic
369853,LDLR,Pathogenic/Likely pathogenic
369872,LDLR,Pathogenic/Likely pathogenic
369869,LDLR,Pathogenic/Likely pathogenic
369849,LDLR,Pathogenic/Likely pathogenic
369874,LDLR,Likely pathogenic
372121,LDLR,Pathogenic
372122,LDLR,Pathogenic
373769,LDLR,Likely pathogenic
375769,LDLR,Likely pathogenic
375770,LDLR,Likely pathogenic
375771,LDLR-AS1,Likely pathogenic
375772,LDLR,Likely pathogenic
375774,LDLR,Pathogenic
375776,LDLR,Pathogenic
375777,LDLR,Likely pathogenic
375779,LDLR,Pathogenic
375780,LDLR,Pathogenic
375781,LDLR,Pathogenic
375782,LDLR,Pathogenic/Likely pathogenic
375783,LDLR,Pathogenic/Likely pathogenic
375784,LDLR,Likely pathogenic
375785,LDLR,Likely pathogenic
375786,LDLR,Pathogenic/Likely pathogenic
375787,LDLR,Likely pathogenic
375789,LDLR,Likely pathogenic
375788,LDLR,Likely pathogenic
375795,LDLR,Pathogenic
375790,LDLR,Pathogenic/Likely pathogenic
375791,LDLR,Likely pathogenic
375792,LDLR,Likely pathogenic
375793,LDLR,Pathogenic
375794,LDLR,Pathogenic
375796,LDLR,Pathogenic/Likely pathogenic
375797,LDLR,Likely pathogenic
375799,LDLR,Likely pathogenic
375801,LDLR,Pathogenic
375802,LDLR,Likely pathogenic
375803,LDLR,Pathogenic
375804,LDLR,Pathogenic
375805,LDLR,Pathogenic/Likely pathogenic
375806,LDLR,Likely pathogenic
375807,LDLR,Likely pathogenic
375808,LDLR,Likely pathogenic
375810,LDLR,Pathogenic
375811,LDLR,Likely pathogenic
375812,LDLR,Likely pathogenic
375813,LDLR,Likely pathogenic
375814,LDLR,Pathogenic
375816,LDLR,Pathogenic
375817,LDLR,Pathogenic
375818,LDLR,Pathogenic
375819,LDLR,Likely pathogenic
375820,LDLR,Likely pathogenic
375821,LDLR,Pathogenic/Likely pathogenic
375823,LDLR,Pathogenic/Likely pathogenic
375826,LDLR,Pathogenic
375828,LDLR,Pathogenic/Likely pathogenic
375829,LDLR,Likely pathogenic
375830,LDLR,Pathogenic/Likely pathogenic
375831,LDLR,Pathogenic
375832,LDLR,Pathogenic
375834,LDLR,Pathogenic
375836,LDLR,Likely pathogenic
375837,LDLR,Pathogenic
375841,LDLR,Pathogenic
403630,LDLR,Likely pathogenic
403662,LDLR,Likely pathogenic
403631,LDLR,Likely pathogenic
403632,LDLR,Pathogenic/Likely pathogenic
403633,LDLR,Pathogenic/Likely pathogenic
403636,LDLR,Likely pathogenic
403637,LDLR,Pathogenic
403639,LDLR,Likely pathogenic
403638,LDLR,Pathogenic
403640,LDLR,Pathogenic
403642,LDLR,Pathogenic
403643,LDLR,Pathogenic
403646,LDLR,Pathogenic
403647,LDLR,Pathogenic
403648,LDLR,Likely pathogenic
403645,LDLR,Pathogenic
403649,LDLR,Pathogenic
403650,LDLR,Pathogenic
403651,LDLR,Pathogenic
403652,LDLR,Pathogenic
403653,LDLR,Pathogenic
403654,LDLR,Pathogenic
403655,LDLR,Pathogenic
403656,LDLR,Pathogenic
403657,LDLR,Pathogenic
403658,LDLR,Pathogenic
403659,LDLR,Pathogenic
403660,LDLR,Pathogenic
403661,LDLR,Pathogenic
417369,LDLR,Pathogenic
417372,LDLR,Likely pathogenic
417373,LDLR,Pathogenic
417371,LDLR,Pathogenic
406164,LDLR,Likely pathogenic
406170,LDLR,Pathogenic
406166,LDLR,Likely pathogenic
406168,LDLR,Pathogenic
419334,LDLR,Likely pathogenic
422951,LDLR,Pathogenic
420052,LDLR,Pathogenic
420598,LDLR,Pathogenic
426401,LDLR,Likely pathogenic
430287,LDLR,Likely pathogenic
430741,LDLR,Pathogenic
430746,LDLR,Pathogenic
430747,LDLR,Pathogenic
430749,LDLR,Pathogenic
430750,LDLR,Pathogenic
430751,LDLR,Pathogenic
430752,LDLR,Pathogenic
430753,LDLR,Pathogenic
430754,LDLR,Pathogenic
430755,LDLR,Pathogenic
430756,LDLR,Likely pathogenic
430757,LDLR,Likely pathogenic
430758,LDLR,Pathogenic
430760,LDLR,Pathogenic
430761,LDLR,Pathogenic
430762,LDLR,Pathogenic
430764,LDLR,Pathogenic
430766,LDLR,Pathogenic
430767,LDLR,Pathogenic
430768,LDLR,Pathogenic/Likely pathogenic
430770,LDLR,Pathogenic
430771,LDLR,Pathogenic
430772,LDLR,Pathogenic
430773,LDLR,Pathogenic
430775,LDLR,Pathogenic
430778,LDLR,Pathogenic
430779,LDLR,Pathogenic
430780,LDLR,Pathogenic
430781,LDLR,Pathogenic
430784,LDLR,Pathogenic
430785,LDLR,Pathogenic
430787,LDLR,Pathogenic
430788,LDLR,Pathogenic
430789,LDLR,Pathogenic
430790,LDLR,Likely pathogenic
430791,LDLR,Pathogenic
430792,LDLR,Pathogenic
430793,LDLR,Pathogenic
430795,LDLR,Pathogenic
430798,LDLR,Pathogenic
430799,LDLR,Pathogenic
430801,LDLR,Pathogenic
430802,LDLR,Pathogenic
431541,LDLR,Pathogenic
431546,LDLR,Pathogenic
431507,LDLR,Pathogenic/Likely pathogenic
431510,LDLR,Likely pathogenic
431511,LDLR,Pathogenic/Likely pathogenic
431512,LDLR,Pathogenic/Likely pathogenic
431517,LDLR,Pathogenic
431521,LDLR,Pathogenic
431522,LDLR,Pathogenic
431528,LDLR,Pathogenic
431530,LDLR,Pathogenic
431534,LDLR,Pathogenic
431536,LDLR,Pathogenic
431537,LDLR,Pathogenic
431542,LDLR,Pathogenic/Likely pathogenic
431549,LDLR,Pathogenic
431550,LDLR,Pathogenic
432366,LDLR,Pathogenic
433160,DOCK6,Pathogenic
433159,DOCK6,Pathogenic
438328,LDLR,Pathogenic
438316,LDLR,Likely pathogenic
438323,LDLR,Pathogenic/Likely pathogenic
438325,LDLR,Likely pathogenic
438326,LDLR,Pathogenic
438329,LDLR,Pathogenic
438315,LDLR,Pathogenic
438317,LDLR,Pathogenic
438318,LDLR,Pathogenic
438319,LDLR,Pathogenic
438695,LDLR,Likely pathogenic
438696,LDLR,Pathogenic
440486,LDLR,Pathogenic
440531,LDLR,Pathogenic
440533,LDLR,Pathogenic
440535,LDLR,Pathogenic
440536,LDLR,Likely pathogenic
440537,LDLR-AS1,Pathogenic
440539,LDLR,Pathogenic
440540,LDLR,Pathogenic/Likely pathogenic
440541,LDLR,Pathogenic
440545,LDLR,Pathogenic
440547,LDLR,Pathogenic/Likely pathogenic
440550,LDLR,Pathogenic
440553,LDLR,Pathogenic
440554,LDLR,Pathogenic
440555,LDLR,Likely pathogenic
440560,LDLR,Pathogenic
440563,LDLR,Pathogenic
440565,LDLR,Pathogenic
440566,LDLR,Pathogenic
440573,LDLR,Pathogenic
440575,LDLR,Pathogenic
440577,LDLR,Pathogenic
440578,LDLR,Pathogenic
440581,LDLR,Pathogenic
440582,LDLR,Pathogenic
440584,LDLR,Pathogenic
440585,LDLR,Pathogenic
440586,LDLR,Pathogenic
440589,LDLR,Pathogenic
440591,LDLR,Pathogenic
440593,LDLR,Pathogenic
440594,LDLR,Pathogenic
440596,LDLR,Pathogenic
440597,LDLR,Pathogenic
440603,LDLR,Pathogenic
440726,LDLR,Pathogenic
440604,LDLR,Likely pathogenic
440607,LDLR,Pathogenic
440608,LDLR,Pathogenic
440610,LDLR,Pathogenic
440614,LDLR,Pathogenic
440615,LDLR,Pathogenic
440616,LDLR,Likely pathogenic
440618,LDLR,Likely pathogenic
440622,LDLR,Pathogenic
440623,LDLR,Likely pathogenic
440632,LDLR,Likely pathogenic
440633,LDLR,Pathogenic
440635,LDLR,Pathogenic
440638,LDLR,Pathogenic
440639,LDLR,Pathogenic
440640,LDLR,Pathogenic/Likely pathogenic
440642,LDLR,Likely pathogenic
440644,LDLR,Likely pathogenic
440647,LDLR,Pathogenic
440649,LDLR,Pathogenic
440650,LDLR,Likely pathogenic
440651,LDLR,Pathogenic
440653,LDLR,Pathogenic
440654,LDLR,Pathogenic
440656,LDLR,Likely pathogenic
440659,LDLR,Pathogenic
440660,LDLR,Pathogenic
440666,LDLR,Pathogenic
440667,LDLR,Pathogenic
440669,LDLR,Pathogenic
440672,LDLR,Pathogenic
440673,LDLR,Pathogenic
440675,LDLR,Pathogenic
440676,LDLR,Pathogenic
440677,LDLR,Pathogenic
440679,LDLR,Pathogenic
440680,LDLR,Pathogenic
440681,LDLR,Pathogenic
440683,LDLR,Pathogenic
440684,LDLR,Pathogenic
440685,LDLR,Pathogenic
440686,LDLR,Pathogenic
440688,LDLR,Pathogenic
440689,LDLR,Pathogenic
440690,LDLR,Pathogenic
440692,LDLR,Pathogenic
440693,LDLR,Pathogenic
440694,LDLR,Pathogenic
440695,LDLR,Pathogenic
440699,LDLR,Pathogenic
441182,LDLR,Pathogenic
441174,LDLR,Likely pathogenic
441175,LDLR,Pathogenic/Likely pathogenic
441176,LDLR,Pathogenic
441179,LDLR,Pathogenic
441184,LDLR,Likely pathogenic
441185,LDLR,Pathogenic
441187,LDLR,Likely pathogenic
441188,LDLR,Pathogenic
441189,LDLR,Pathogenic/Likely pathogenic
441190,LDLR,Likely pathogenic
441191,LDLR,Likely pathogenic
441193,LDLR,Pathogenic
441200,LDLR,Pathogenic
441206,LDLR,Pathogenic
441207,LDLR,Likely pathogenic
441208,LDLR,Likely pathogenic
441209,LDLR,Pathogenic
441216,LDLR,Pathogenic
441217,LDLR,Pathogenic
441221,LDLR,Pathogenic
441226,LDLR,Pathogenic
441227,LDLR,Likely pathogenic
441230,LDLR,Pathogenic
441215,LDLR,Pathogenic
446149,LDLR,Pathogenic
453194,LDLR,Pathogenic
456642,LDLR,Pathogenic
456645,LDLR,Pathogenic/Likely pathogenic
456643,LDLR,Pathogenic
456644,LDLR,Pathogenic
456651,LDLR,Pathogenic
496015,LDLR,Pathogenic/Likely pathogenic
496021,LDLR,Pathogenic/Likely pathogenic
504222,LDLR,Pathogenic/Likely pathogenic
504145,LDLR,Pathogenic/Likely pathogenic
523721,LDLR,Pathogenic
523723,LDLR,Pathogenic/Likely pathogenic
523724,LDLR,Pathogenic/Likely pathogenic
523725,LDLR,Pathogenic/Likely pathogenic
523733,LDLR,Pathogenic
523734,LDLR,Pathogenic/Likely pathogenic
523735,LDLR,Pathogenic
523852,LDLR,Pathogenic/Likely pathogenic
526768,LDLR,Pathogenic
526770,LDLR,Likely pathogenic
526767,LDLR,Pathogenic
526754,LDLR,Pathogenic
526771,LDLR,Pathogenic
548079,LDLR,Pathogenic
548088,LDLR,Pathogenic
548089,LDLR,Likely pathogenic
548090,LDLR,Pathogenic
548091,LDLR,Pathogenic
548092,LDLR,Pathogenic
548093,LDLR,Pathogenic
548094,LDLR,Pathogenic
548095,LDLR,Pathogenic
548096,LDLR,Pathogenic
548097,LDLR,Pathogenic
548098,LDLR,Pathogenic
548099,LDLR,Likely pathogenic
548100,LDLR,Pathogenic
548101,LDLR,Pathogenic
548102,LDLR,Likely pathogenic
584042,LDLR,Pathogenic
584070,LDLR,Pathogenic
583946,LDLR,Pathogenic
579747,LDLR,Likely pathogenic
574051,LDLR,Likely pathogenic
584079,LDLR,Pathogenic
583897,LDLR,Pathogenic
583555,LDLR,Pathogenic
584371,LDLR,Pathogenic
571377,LDLR,Pathogenic
565474,LDLR,Pathogenic
580835,LDLR,Pathogenic
582591,LDLR,Pathogenic
578041,LDLR,Pathogenic
590264,LDLR,Pathogenic/Likely pathogenic
619688,LDLR,Likely pathogenic
623312,LDLR,Pathogenic
627856,LDLR,Pathogenic
629952,LDLR,Likely pathogenic
629644,LDLR,Pathogenic
631318,LDLR,Pathogenic
627979,LDLR,Likely pathogenic
630543,LDLR,Pathogenic/Likely pathogenic
635246,LDLR,Likely pathogenic
664091,LDLR,Pathogenic
660717,LDLR,Pathogenic
652345,LDLR,Pathogenic
640361,LDLR,Pathogenic
646922,LDLR,Pathogenic
647342,LDLR,Pathogenic/Likely pathogenic
643071,LDLR,Pathogenic
660216,LDLR,Pathogenic
651247,LDLR,Pathogenic
662848,LDLR,Pathogenic
665036,LDLR,Pathogenic
649634,LDLR,Pathogenic
654906,LDLR,Likely pathogenic
663429,LDLR,Pathogenic
644845,LDLR,Pathogenic
656812,LDLR,Pathogenic
640998,LDLR,Pathogenic
658984,LDLR,Pathogenic
654664,LDLR,Pathogenic
648525,LDLR,Pathogenic
664087,LDLR,Pathogenic
650699,LDLR,Pathogenic
658446,LDLR,Pathogenic
639860,LDLR,Pathogenic
653198,LDLR,Pathogenic/Likely pathogenic
653926,LDLR,Likely pathogenic
684426,LDLR,Pathogenic
684567,LDLR,Likely pathogenic
684864,LDLR,Likely pathogenic
684843,LDLR,Pathogenic
689345,LDLR,Pathogenic
689346,LDLR,Pathogenic
689351,LDLR,Pathogenic
689352,LDLR,Pathogenic
801200,LDLR,Likely pathogenic
810851,LDLR,Pathogenic
810849,LDLR,Likely pathogenic
817785,LDLR,Pathogenic/Likely pathogenic
833382,LDLR,Pathogenic
832568,LDLR,Pathogenic
832264,LDLR,Pathogenic
831216,LDLR,Pathogenic
831736,LDLR,Pathogenic
831219,LDLR,Pathogenic
832779,LDLR,Pathogenic
830959,LDLR,Pathogenic
832527,LDLR,Pathogenic
832107,LDLR,Pathogenic
830441,LDLR,Pathogenic
840015,LDLR,Likely pathogenic
841728,LDLR,Pathogenic
863180,LDLR,Pathogenic
836656,LDLR,Pathogenic
851708,LDLR,Likely pathogenic
838240,LDLR,Pathogenic
840389,LDLR,Pathogenic
840525,LDLR,Pathogenic
841257,LDLR,Pathogenic
858533,LDLR,Pathogenic/Likely pathogenic
851998,LDLR,Pathogenic
835547,LDLR,Pathogenic
844243,LDLR,Pathogenic
844410,LDLR,Pathogenic
852369,LDLR,Likely pathogenic
835638,LDLR,Pathogenic
839359,LDLR,Pathogenic
869387,LDLR,Likely pathogenic
869391,LDLR,Pathogenic
869390,LDLR,Pathogenic/Likely pathogenic
870320,LDLR,Pathogenic
921285,LDLR,Likely pathogenic
920596,LDLR,Pathogenic/Likely pathogenic
920229,LDLR,Pathogenic
922819,LDLR,Pathogenic
928776,LDLR,Pathogenic/Likely pathogenic
928775,LDLR,Likely pathogenic
947606,LDLR,Pathogenic
951687,LDLR,Pathogenic/Likely pathogenic
946724,LDLR,Pathogenic
942579,LDLR,Pathogenic
948222,LDLR,Pathogenic
955172,LDLR,Pathogenic
960398,LDLR,Pathogenic/Likely pathogenic
960667,LDLR,Pathogenic
962562,LDLR,Pathogenic
955980,LDLR,Pathogenic
961072,LDLR,Pathogenic
971107,LDLR,Pathogenic
972902,LDLR,Pathogenic
972903,LDLR,Pathogenic
975980,LDLR,Pathogenic/Likely pathogenic
976329,LDLR,Likely pathogenic
977991,LDLR,Likely pathogenic
977988,LDLR,Pathogenic
977984,LDLR,Likely pathogenic
977995,LDLR,Pathogenic
977998,LDLR,Likely pathogenic
977999,LDLR,Pathogenic
977987,LDLR,Pathogenic/Likely pathogenic
977989,LDLR,Pathogenic
977993,LDLR,Pathogenic
977992,LDLR,Likely pathogenic
977981,LDLR,Pathogenic
977982,LDLR,Likely pathogenic
977983,LDLR,Pathogenic
978377,LDLR,Pathogenic/Likely pathogenic
979066,LDLR,Likely pathogenic
979067,LDLR,Likely pathogenic
982979,LDLR,Likely pathogenic
985904,LDLR,Likely pathogenic
986739,LDLR,Pathogenic
988768,LDLR,Pathogenic/Likely pathogenic
992900,LDLR,Likely pathogenic
993226,LDLR,Likely pathogenic
998054,LDLR,Likely pathogenic
998052,LDLR,Likely pathogenic
2524408,LDLR,Likely pathogenic
1052293,LDLR,Pathogenic
1067553,LDLR,Likely pathogenic
1066271,LDLR,Likely pathogenic
1066036,LDLR,Likely pathogenic
1065909,LDLR,Likely pathogenic
1070723,LDLR,Pathogenic
1070724,LDLR,Pathogenic
1076614,LDLR,Pathogenic
1070725,LDLR,Pathogenic
1076616,LDLR,Pathogenic
1074804,LDLR,Pathogenic
1074805,LDLR,Pathogenic
1074663,LDLR,Pathogenic
1075416,LDLR,Pathogenic
1068547,LDLR,Pathogenic
1072924,LDLR,Pathogenic
1071946,LDLR,Pathogenic
1069255,LDLR,Pathogenic
1073028,LDLR,Pathogenic
1076861,LDLR,Pathogenic
1073362,LDLR,Pathogenic
1074682,LDLR,Pathogenic
1076971,LDLR,Pathogenic
1069978,LDLR,Pathogenic
1075455,LDLR,Pathogenic
1120146,LDLR,Pathogenic
1120147,LDLR,Pathogenic
1120148,LDLR,Pathogenic
1120149,LDLR,Pathogenic
1120150,LDLR,Pathogenic
1120145,LDLR,Pathogenic
1120251,LDLR,Pathogenic
1120255,LDLR,Pathogenic
1120250,LDLR,Pathogenic
1120252,LDLR,Pathogenic
1120253,LDLR,Pathogenic
1120254,LDLR,Pathogenic
1120248,LDLR,Likely pathogenic
1120258,LDLR,Pathogenic
1120259,LDLR,Pathogenic
1120245,LDLR,Likely pathogenic
1120246,LDLR,Likely pathogenic
1120249,LDLR,Pathogenic
1120256,LDLR,Pathogenic
1163620,LDLR,Pathogenic
1163722,LDLR,Pathogenic
1163724,LDLR,Likely pathogenic
1171040,LDLR,Likely pathogenic
1180494,LDLR,Pathogenic/Likely pathogenic
1180495,LDLR,Likely pathogenic
1192228,LDLR,Pathogenic/Likely pathogenic
1220548,LDLR,Pathogenic
1284721,LDLR,Likely pathogenic
1300030,LDLR,Likely pathogenic
1300653,LDLR,Pathogenic
1321217,LDLR,Pathogenic
1321218,LDLR,Pathogenic
1321221,LDLR,Pathogenic
1321222,LDLR,Likely pathogenic
1321223,LDLR,Pathogenic
1321224,LDLR,Pathogenic
1321225,LDLR,Pathogenic
1321226,LDLR,Likely pathogenic
1321227,LDLR,Pathogenic
1321228,LDLR,Pathogenic
1321229,LDLR,Likely pathogenic
1330203,LDLR,Likely pathogenic
1334394,LDLR,Likely pathogenic
1334395,LDLR,Likely pathogenic
1334396,LDLR,Pathogenic
1334399,LDLR,Pathogenic
1341564,LDLR,Pathogenic
1341565,LDLR,Likely pathogenic
1341566,LDLR,Likely pathogenic
1341567,LDLR,Likely pathogenic
1341570,LDLR,Likely pathogenic
1341581,LDLR,Pathogenic/Likely pathogenic
1343370,LDLR,Pathogenic/Likely pathogenic
1371905,LDLR,Pathogenic
1454247,LDLR,Pathogenic
1455835,LDLR,Pathogenic
1512785,LDLR,Likely pathogenic
1457589,LDLR,Pathogenic
1457599,LDLR,Pathogenic
1457613,LDLR,Pathogenic
1498802,LDLR,Pathogenic
1362872,LDLR,Pathogenic
1420888,LDLR,Pathogenic
1459377,LDLR,Pathogenic/Likely pathogenic
1500501,LDLR,Likely pathogenic
1474520,LDLR,Pathogenic/Likely pathogenic
1423897,LDLR,Pathogenic
1394742,LDLR,Pathogenic
1395739,LDLR,Likely pathogenic
1452737,LDLR,Pathogenic
1436912,LDLR,Likely pathogenic
1452256,LDLR,Pathogenic
1372829,LDLR,Pathogenic/Likely pathogenic
1454897,LDLR,Pathogenic
1455062,LDLR,Pathogenic
1455072,LDLR,Pathogenic
1455437,LDLR,Pathogenic
1455439,LDLR,Pathogenic
1458332,LDLR,Pathogenic
1497238,LDLR,Likely pathogenic
1460038,LDLR,Pathogenic
1460041,LDLR,Pathogenic
1498943,LDLR,Likely pathogenic
1418589,LDLR,Pathogenic
1460327,LDLR,Pathogenic
3248378,LDLR,Pathogenic
1460372,LDLR,Pathogenic
1434758,LDLR,Likely pathogenic
1518023,LDLR,Likely pathogenic
1410201,LDLR,Pathogenic
1520258,LDLR,Likely pathogenic
1676657,LDLR,Pathogenic
1677968,LDLR,Likely pathogenic
1683260,LDLR,Likely pathogenic
1685923,LDLR,Pathogenic
1686778,LDLR,Pathogenic/Likely pathogenic
1701351,LDLR,Likely pathogenic
1703193,LDLR,Pathogenic
1703194,LDLR,Pathogenic
1705272,LDLR,Pathogenic
1705273,LDLR,Likely pathogenic
1709599,LDLR,Pathogenic
1712251,LDLR,Pathogenic
1737803,LDLR,Pathogenic
1738982,LDLR,Pathogenic
1730412,LDLR,Pathogenic
1740423,LDLR,Likely pathogenic
1737013,LDLR,Pathogenic
1727785,LDLR,Pathogenic/Likely pathogenic
1738257,LDLR,Pathogenic
1753763,LDLR,Pathogenic
1740990,LDLR,Pathogenic/Likely pathogenic
1754692,LDLR,Likely pathogenic
1756297,LDLR,Pathogenic
1761428,LDLR,Pathogenic/Likely pathogenic
1755426,LDLR,Pathogenic
1758997,LDLR,Pathogenic
1763717,LDLR,Likely pathogenic
1755040,LDLR,Likely pathogenic
1764981,LDLR,Likely pathogenic
1770817,LDLR,Pathogenic
1776031,LDLR,Pathogenic
1777552,LDLR,Likely pathogenic
1780568,LDLR,Pathogenic
1778445,LDLR,Pathogenic
1781789,LDLR,Pathogenic
1769469,LDLR,Likely pathogenic
1776435,LDLR,Pathogenic
1778186,LDLR,Likely pathogenic
1779868,LDLR,Likely pathogenic
1792272,LDLR,Pathogenic
1783245,LDLR,Likely pathogenic
1783294,LDLR,Pathogenic
1791746,LDLR,Likely pathogenic
1782873,LDLR,Pathogenic
1789858,LDLR,Pathogenic
1783896,LDLR,Pathogenic
1783984,LDLR,Likely pathogenic
1785647,LDLR,Likely pathogenic
1785835,LDLR,Pathogenic
1789452,LDLR,Likely pathogenic
1792888,LDLR,Pathogenic
1798997,LDLR,Pathogenic/Likely pathogenic
1804138,LDLR,Pathogenic
1809532,LDLR,Pathogenic
1809533,LDLR,Pathogenic
1809781,LDLR,Likely pathogenic
2138225,LDLR,Likely pathogenic
2138230,LDLR,Pathogenic
2152306,LDLR,Pathogenic
2152308,LDLR,Pathogenic/Likely pathogenic
2152309,LDLR,Likely pathogenic
2169607,LDLR,Pathogenic
2174859,LDLR,Pathogenic
2193196,LDLR,Likely pathogenic
2423205,LDLR,Pathogenic
2423206,LDLR,Pathogenic
2423207,LDLR,Pathogenic
2423208,LDLR,Pathogenic
2423209,LDLR,Pathogenic
2423210,LDLR,Pathogenic
2423211,LDLR,Pathogenic
2423214,LDLR,Pathogenic
2423215,LDLR,Pathogenic
2423216,LDLR,Pathogenic
2423218,LDLR,Likely pathogenic
2423219,LDLR,Pathogenic
2423220,LDLR,Pathogenic
2423221,LDLR,Pathogenic
2423222,LDLR,Pathogenic
2423223,LDLR,Likely pathogenic
1924983,LDLR,Likely pathogenic
1975487,LDLR,Likely pathogenic
1972135,LDLR,Likely pathogenic
1996374,LDLR,Likely pathogenic
1994295,LDLR,Pathogenic
2004497,LDLR,Pathogenic
2036616,LDLR,Likely pathogenic
2083068,LDLR,Pathogenic
2099294,LDLR,Likely pathogenic
2091981,LDLR,Pathogenic
2109937,LDLR,Pathogenic
2125438,LDLR,Pathogenic
2118340,LDLR,Likely pathogenic
2132481,LDLR,Pathogenic
2133944,LDLR,Likely pathogenic
2133381,LDLR,Pathogenic
2430372,LDLR,Pathogenic/Likely pathogenic
2441111,LDLR,Pathogenic
2441124,LDLR,Likely pathogenic
2453916,LDLR,Pathogenic
2453917,LDLR,Pathogenic
2453918,LDLR,Likely pathogenic
2453919,LDLR,Pathogenic
2491048,LDLR,Pathogenic
2498754,LDLR,Pathogenic
2500308,LDLR,Likely pathogenic
2500336,LDLR,Likely pathogenic
2514788,LDLR,Likely pathogenic
2568142,LDLR,Likely pathogenic
2568145,LDLR,Likely pathogenic
2568146,LDLR,Likely pathogenic
2571060,LDLR,Pathogenic
2571061,LDLR,Pathogenic
2574174,LDLR,Likely pathogenic
2574175,LDLR,Pathogenic
2574176,LDLR,Likely pathogenic
2574177,LDLR,Likely pathogenic
2574178,LDLR,Pathogenic
2577317,LDLR,Likely pathogenic
2578842,LDLR,Pathogenic
2627788,LDLR,Likely pathogenic
2630476,LDLR,Likely pathogenic
2633776,LDLR,Pathogenic
2636939,LDLR,Pathogenic/Likely pathogenic
2662464,LDLR,Pathogenic/Likely pathogenic
2672294,LDLR,Likely pathogenic
2681997,LDLR,Pathogenic
2682001,LDLR,Likely pathogenic
2682002,LDLR,Likely pathogenic
2682634,LDLR,Pathogenic
2692366,LDLR,Likely pathogenic
2700653,LDLR,Pathogenic
2696786,LDLR,Likely pathogenic
2701718,LDLR,Pathogenic
2704792,LDLR,Pathogenic
2719652,LDLR,Likely pathogenic
2706780,LDLR,Likely pathogenic
2713545,LDLR,Likely pathogenic
2713547,LDLR,Likely pathogenic
2725293,LDLR,Pathogenic
2719688,LDLR,Likely pathogenic
2725110,LDLR,Pathogenic
2735808,LDLR,Likely pathogenic
2744437,LDLR,Pathogenic
2744449,LDLR,Likely pathogenic
2736774,LDLR,Pathogenic/Likely pathogenic
2736797,LDLR,Pathogenic/Likely pathogenic
2736801,LDLR,Pathogenic/Likely pathogenic
2740380,LDLR,Pathogenic
2753412,LDLR,Likely pathogenic
2749132,LDLR,Likely pathogenic
2751116,LDLR,Likely pathogenic
2765602,LDLR,Pathogenic
2768817,LDLR,Pathogenic/Likely pathogenic
2771714,LDLR,Pathogenic/Likely pathogenic
2769386,LDLR,Pathogenic
2772644,LDLR,Pathogenic
2773491,LDLR,Pathogenic
2775431,LDLR,Likely pathogenic
2777596,LDLR,Likely pathogenic
2790080,LDLR,Pathogenic
2824015,LDLR,Pathogenic
2825678,LDLR,Pathogenic
2823437,LDLR,Pathogenic
2822853,LDLR,Pathogenic
2839825,LDLR,Pathogenic
2842836,LDLR,Pathogenic
2833142,LDLR,Pathogenic
2843275,LDLR,Pathogenic
2847986,LDLR,Pathogenic
2848117,LDLR,Pathogenic
2856762,LDLR,Pathogenic
2858988,LDLR,Pathogenic
2858488,LDLR,Pathogenic
2882133,LDLR,Pathogenic
2921174,LDLR,Likely pathogenic
2972903,LDLR,Pathogenic
3062327,LDLR,Pathogenic/Likely pathogenic
3075748,LDLR,Likely pathogenic
3075749,LDLR,Likely pathogenic
3075750,LDLR,Likely pathogenic
3075751,LDLR,Likely pathogenic
3075778,LDLR,Pathogenic
3075824,LDLR,Likely pathogenic
3076048,LDLR,Pathogenic
3076054,LDLR,Likely pathogenic
3076055,LDLR,Likely pathogenic
3076062,LDLR,Likely pathogenic
3076070,LDLR,Likely pathogenic
3118259,LDLR,Pathogenic
3118260,LDLR,Pathogenic
3231947,LDLR,Likely pathogenic
3231948,LDLR,Likely pathogenic
3231951,LDLR,Pathogenic
3231959,LDLR,Likely pathogenic
3231961,LDLR,Likely pathogenic
3231963,LDLR,Pathogenic
3248369,LDLR,Pathogenic
3248370,LDLR,Pathogenic
3248371,LDLR,Pathogenic
3248372,LDLR,Pathogenic
3248373,LDLR,Pathogenic
3248375,LDLR,Pathogenic
3248379,LDLR,Pathogenic
3248380,LDLR,Pathogenic
3248381,LDLR,Pathogenic
3248382,LDLR,Pathogenic
3248383,LDLR,Pathogenic
3248384,LDLR,Pathogenic
3248386,LDLR,Pathogenic
3248387,LDLR,Pathogenic
3248389,LDLR,Pathogenic
3248390,LDLR,Likely pathogenic
3248391,LDLR,Likely pathogenic
3248392,LDLR,Likely pathogenic
3248393,LDLR,Pathogenic
3248394,LDLR,Pathogenic
3251087,LDLR,Pathogenic
3251242,LDLR,Pathogenic
3256915,LDLR,Pathogenic
3258107,LDLR,Pathogenic
3290391,LDLR,Pathogenic
3290395,LDLR,Pathogenic
3290402,LDLR,Pathogenic
3339147,LDLR,Likely pathogenic
3340080,LDLR,Pathogenic
3340100,LDLR,Likely pathogenic
3359096,LDLR,Likely pathogenic
3360686,LDLR,Pathogenic/Likely pathogenic
3366495,LDLR,Pathogenic
3374772,LDLR,Likely pathogenic
3376573,LDLR,Pathogenic
3376633,LDLR,Pathogenic
3377107,LDLR,Likely pathogenic
3377358,LDLR,Pathogenic
3377558,LDLR,Likely pathogenic
3386979,LDLR,Likely pathogenic
3393076,LDLR,Pathogenic/Likely pathogenic
3537730,LDLR,Pathogenic
3537736,LDLR,Pathogenic
3537746,LDLR,Likely pathogenic
4278948,LDLR,Pathogenic
3572132,LDLR,Likely pathogenic
3600610,LDLR,Pathogenic
3629931,LDLR,Pathogenic
3642923,LDLR,Pathogenic
3639450,LDLR,Pathogenic
3636898,LDLR,Likely pathogenic
3636900,LDLR,Likely pathogenic
3636903,LDLR,Likely pathogenic
3636904,LDLR,Likely pathogenic
3636910,LDLR,Likely pathogenic
3636911,LDLR,Likely pathogenic
3645738,LDLR,Pathogenic
3655986,LDLR,Pathogenic
3655773,LDLR,Pathogenic
3655240,LDLR,Pathogenic
3656834,LDLR,Pathogenic
3657376,LDLR,Pathogenic
3667465,LDLR,Likely pathogenic
3658602,LDLR,Pathogenic
3683876,LDLR,Likely pathogenic
3677175,LDLR,Pathogenic
3706408,LDLR,Pathogenic
3721826,LDLR,Pathogenic
3723280,LDLR,Pathogenic
3723319,LDLR,Pathogenic
3721368,LDLR,Pathogenic
3721460,LDLR,Pathogenic
3724389,LDLR,Pathogenic
3729364,LDLR,Pathogenic
3729528,LDLR,Pathogenic
3724050,LDLR,Pathogenic
3764540,LDLR,Pathogenic
3767245,LDLR,Pathogenic
3767246,LDLR,Pathogenic
3768668,LDLR,Pathogenic
3769563,LDLR,Pathogenic
3772642,LDLR,Pathogenic
3772652,LDLR,Pathogenic
3773676,LDLR,Pathogenic
3775024,LDLR,Pathogenic
3776094,LDLR,Likely pathogenic
3893685,LDLR,Likely pathogenic
3894793,LDLR,Likely pathogenic
3895054,LDLR,Pathogenic
3895055,LDLR,Pathogenic
3895056,LDLR,Likely pathogenic
3895057,LDLR,Pathogenic
3895059,LDLR,Likely pathogenic
3895221,LDLR,Likely pathogenic
3895383,LDLR,Likely pathogenic
3895384,LDLR,Pathogenic
3895428,LDLR,Likely pathogenic
3895464,LDLR,Pathogenic
3895565,LDLR,Pathogenic
3896748,LDLR,Likely pathogenic
3897928,LDLR,Likely pathogenic
3902573,LDLR,Pathogenic
3907151,LDLR,Pathogenic
3911896,LDLR,Likely pathogenic
4046733,LDLR,Likely pathogenic
4046743,LDLR,Pathogenic
4046748,LDLR,Pathogenic
4069778,LDLR,Likely pathogenic
4069780,LDLR,Pathogenic
4072195,LDLR,Pathogenic
4075804,LDLR,Pathogenic
4076978,LDLR,Likely pathogenic
4076979,LDLR,Likely pathogenic
4076980,LDLR,Likely pathogenic
4076981,LDLR,Likely pathogenic
4076982,LDLR,Likely pathogenic
4076983,LDLR,Likely pathogenic
4076984,LDLR,Likely pathogenic
4076985,LDLR,Likely pathogenic
4076986,LDLR,Likely pathogenic
4076987,LDLR,Likely pathogenic
4081489,LDLR,Likely pathogenic
4081490,LDLR,Likely pathogenic
4082332,LDLR,Likely pathogenic
4087736,LDLR,Likely pathogenic
4097140,LDLR,Pathogenic
4097141,LDLR,Pathogenic
4097144,LDLR,Pathogenic
4291087,LDLR,Pathogenic
4291088,LDLR,Likely pathogenic
4291089,LDLR,Pathogenic
4291090,LDLR,Pathogenic
4291091,LDLR,Pathogenic
4291092,LDLR,Pathogenic
4525752,LDLR,Likely pathogenic
4526396,LDLR,Likely pathogenic
4526397,LDLR,Likely pathogenic
4526398,LDLR,Likely pathogenic
4526399,LDLR,Likely pathogenic
4526400,LDLR,Likely pathogenic
4526401,LDLR,Likely pathogenic
4526402,LDLR,Likely pathogenic
4526682,LDLR,Likely pathogenic
4526720,LDLR,Pathogenic
4526913,LDLR,Pathogenic
4528366,LDLR,Pathogenic
4530625,LDLR,Likely pathogenic
4532973,LDLR,Pathogenic
4533277,LDLR,Likely pathogenic
4535448,LDLR,Pathogenic
4538560,LDLR,Pathogenic
4538561,LDLR,Pathogenic
4538562,LDLR,Likely pathogenic
4538563,LDLR,Pathogenic
4538564,LDLR,Pathogenic
4538565,LDLR,Pathogenic
4538566,LDLR,Pathogenic
4538567,LDLR,Pathogenic
4540592,LDLR,Likely pathogenic
4540594,LDLR,Likely pathogenic
4540597,LDLR,Likely pathogenic
4614505,LDLR,Pathogenic
4683166,LDLR,Pathogenic
4683172,LDLR,Pathogenic
4683175,LDLR,Pathogenic
4683176,LDLR,Likely pathogenic
4687151,LDLR,Pathogenic
4690271,LDLR,Likely pathogenic
4695160,LDLR,Pathogenic
4708249,LDLR,Likely pathogenic
4710494,LDLR,Pathogenic
4715103,LDLR,Pathogenic
4721653,LDLR,Pathogenic
4713364,LDLR,Pathogenic
4712681,LDLR,Pathogenic
4714333,LDLR,Pathogenic
4726831,LDLR,Pathogenic
4728244,LDLR,Pathogenic
4733629,LDLR,Pathogenic
4735252,LDLR,Pathogenic
4722996,LDLR,Pathogenic
4729680,LDLR,Pathogenic
4725725,LDLR,Pathogenic
4727644,LDLR,Pathogenic
4727742,LDLR,Pathogenic
4733870,LDLR,Pathogenic
4755539,LDLR,Pathogenic
4758041,LDLR,Likely pathogenic
4763895,LDLR,Pathogenic
4771976,LDLR,Likely pathogenic
4812851,LDLR,Likely pathogenic
4812849,LDLR,Likely pathogenic
4812842,LDLR,Likely pathogenic
4812843,LDLR,Likely pathogenic
4796812,LDLR,Likely pathogenic
4802594,LDLR,Likely pathogenic
4802595,LDLR,Likely pathogenic
4802598,LDLR,Likely pathogenic
4802599,LDLR,Likely pathogenic
4802602,LDLR,Likely pathogenic
4802604,LDLR,Likely pathogenic
4802605,LDLR,Likely pathogenic
4810747,LDLR,Likely pathogenic
4812827,LDLR,Pathogenic
4812828,LDLR,Pathogenic
4812837,LDLR,Pathogenic
4812872,LDLR,Pathogenic
4812875,LDLR,Pathogenic
4812876,LDLR,Likely pathogenic
4812877,LDLR,Pathogenic
4813275,LDLR,Pathogenic
4813276,LDLR,Likely pathogenic
4813630,LDLR,Likely pathogenic
4814302,LDLR,Likely pathogenic
4814303,LDLR,Likely pathogenic
4819958,LDLR,Likely pathogenic
4819959,LDLR,Likely pathogenic
4820289,LDLR,Pathogenic
4820447,LDLR,Pathogenic
4820448,LDLR,Pathogenic
4820564,LDLR,Pathogenic
4823870,LDLR,Pathogenic
4825489,LDLR,Pathogenic
4825490,LDLR,Likely pathogenic
4845403,LDLR,Pathogenic
4847740,LDLR,Pathogenic
4848586,LDLR,Pathogenic
4850741,LDLR,Likely pathogenic
4851367,LDLR,Pathogenic
4852367,LDLR,Likely pathogenic
4853802,LDLR,Pathogenic
4367,DHCR24,Likely pathogenic
4369,DHCR24,Likely pathogenic
30576,DHCR24,Pathogenic
30577,DHCR24,Likely pathogenic
1027890,DHCR24,Likely pathogenic
1065507,DHCR24,Pathogenic/Likely pathogenic
4404,APOA5,Pathogenic
381733,APOA5,Pathogenic
978324,APOA5,Pathogenic/Likely pathogenic
995944,APOA5,Pathogenic
1678124,APOA5,Likely pathogenic
1742314,APOA5,Likely pathogenic
1760482,APOA5,Likely pathogenic
1775030,APOA5,Likely pathogenic
2434519,APOA5,Likely pathogenic
2587093,APOA5,Pathogenic
3884283,APOA5,Pathogenic
4075749,APOA5,Likely pathogenic
4850156,APOA5,Likely pathogenic
4773,LDLRAP1,Pathogenic
4774,LDLRAP1,Pathogenic
4775,LDLRAP1,Pathogenic
4777,LDLRAP1,Pathogenic
4779,LDLRAP1,Pathogenic
4780,LDLRAP1,Likely pathogenic
4781,LDLRAP1,Pathogenic
296981,LDLRAP1,Pathogenic
468290,LDLRAP1,Pathogenic
620519,LDLRAP1,Pathogenic
662264,LDLRAP1,Pathogenic
806092,LDLRAP1,Likely pathogenic
817252,LDLRAP1,Pathogenic/Likely pathogenic
830746,LDLRAP1,Pathogenic
860136,LDLRAP1,Pathogenic
847427,LDLRAP1,Likely pathogenic
947831,LOC129929773,Pathogenic/Likely pathogenic
935692,LDLRAP1,Pathogenic
981055,LDLRAP1,Pathogenic
1373822,LDLRAP1,Pathogenic/Likely pathogenic
1072550,PAFAH2,Pathogenic
1074905,LDLRAP1,Pathogenic
1072018,LDLRAP1,Pathogenic/Likely pathogenic
1324659,LDLRAP1,Pathogenic/Likely pathogenic
1394189,LDLRAP1,Pathogenic/Likely pathogenic
1399626,LDLRAP1,Pathogenic
1471714,LDLRAP1,Pathogenic/Likely pathogenic
1366160,LDLRAP1,Pathogenic/Likely pathogenic
1455119,LDLRAP1,Pathogenic
1456558,LDLRAP1,Pathogenic
1456290,LOC129929773,Pathogenic
1457973,LDLRAP1,Pathogenic/Likely pathogenic
1677405,LDLRAP1,Likely pathogenic
1751270,LDLRAP1,Pathogenic
1759118,LDLRAP1,Likely pathogenic
1792217,LDLRAP1,Pathogenic
2154296,LDLRAP1,Pathogenic
2045810,LDLRAP1,Likely pathogenic
2043753,LOC129929773,Pathogenic
2441145,LDLRAP1,Likely pathogenic
2441149,LDLRAP1,Likely pathogenic
2441153,LDLRAP1,Likely pathogenic
2441156,LDLRAP1,Likely pathogenic
2437212,LDLRAP1,Pathogenic/Likely pathogenic
2698048,LDLRAP1,Pathogenic
2697613,LDLRAP1,Pathogenic
2789329,LDLRAP1,Pathogenic
2804597,LDLRAP1,Pathogenic
2832489,LDLRAP1,Pathogenic
2835248,LDLRAP1,Pathogenic
2831407,LDLRAP1,Pathogenic
2850621,LDLRAP1,Pathogenic
2855236,LDLRAP1,Pathogenic
2976227,LDLRAP1,Likely pathogenic
2994776,LDLRAP1,Likely pathogenic
3247771,LDLRAP1,Pathogenic
3247772,LDLRAP1,Pathogenic
3247773,LDLRAP1,Pathogenic
3583488,LDLRAP1,Likely pathogenic
3583492,LDLRAP1,Likely pathogenic
3611168,LDLRAP1,Pathogenic/Likely pathogenic
3633064,LDLRAP1,Pathogenic
3720184,LDLRAP1,Pathogenic
3728969,LDLRAP1,Likely pathogenic
4526515,LDLRAP1,Likely pathogenic
4687614,LDLRAP1,Pathogenic
4766926,LDLRAP1,Pathogenic
4781508,LOC129929773,Pathogenic
4815875,LDLRAP1,Likely pathogenic
4815876,LDLRAP1,Likely pathogenic
4815877,LDLRAP1,Likely pathogenic
4815879,LDLRAP1,Likely pathogenic
4815880,LDLRAP1,Likely pathogenic
4847843,LDLRAP1,Likely pathogenic
4848184,LDLRAP1,Pathogenic
6776,DHCR7,Likely pathogenic
6777,DHCR7,Pathogenic
6778,DHCR7,Pathogenic
6779,DHCR7,Pathogenic
6780,DHCR7,Pathogenic/Likely pathogenic
6781,DHCR7,Pathogenic/Likely pathogenic
6782,DHCR7,Pathogenic
6783,DHCR7,Pathogenic/Likely pathogenic
6784,DHCR7,Pathogenic
6785,DHCR7,Pathogenic/Likely pathogenic
6787,DHCR7,Pathogenic
6788,DHCR7,Pathogenic
6789,DHCR7,Pathogenic/Likely pathogenic
6790,DHCR7,Pathogenic/Likely pathogenic
6791,DHCR7,Pathogenic/Likely pathogenic
6792,DHCR7,Pathogenic/Likely pathogenic
6794,DHCR7,Pathogenic/Likely pathogenic
6795,DHCR7,Pathogenic
21272,DHCR7,Pathogenic
21273,DHCR7,Pathogenic/Likely pathogenic
21274,DHCR7,Pathogenic/Likely pathogenic
21275,DHCR7,Pathogenic/Likely pathogenic
21276,DHCR7,Pathogenic/Likely pathogenic
21277,DHCR7,Pathogenic/Likely pathogenic
30278,DHCR7,Likely pathogenic
93712,DHCR7,Pathogenic
93724,DHCR7,Pathogenic/Likely pathogenic
93725,DHCR7,Pathogenic/Likely pathogenic
166988,DHCR7,Pathogenic/Likely pathogenic
189069,DHCR7,Pathogenic/Likely pathogenic
188923,DHCR7,Pathogenic
188723,DHCR7,Pathogenic
189168,DHCR7,Pathogenic/Likely pathogenic
198773,DHCR7,Pathogenic/Likely pathogenic
265097,DHCR7,Pathogenic/Likely pathogenic
280065,DHCR7,Pathogenic/Likely pathogenic
282268,DHCR7,Pathogenic/Likely pathogenic
284527,DHCR7,Pathogenic/Likely pathogenic
305956,DHCR7,Pathogenic/Likely pathogenic
305955,DHCR7,Pathogenic
370443,DHCR7,Likely pathogenic
370598,DHCR7,Pathogenic/Likely pathogenic
370597,DHCR7,Likely pathogenic
370588,DHCR7,Pathogenic/Likely pathogenic
370286,DHCR7,Likely pathogenic
371183,DHCR7,Pathogenic/Likely pathogenic
371059,DHCR7,Pathogenic/Likely pathogenic
370988,DHCR7,Pathogenic/Likely pathogenic
370808,DHCR7,Likely pathogenic
371358,DHCR7,Likely pathogenic
371480,DHCR7,Likely pathogenic
370449,DHCR7,Pathogenic/Likely pathogenic
370573,DHCR7,Pathogenic/Likely pathogenic
371066,DHCR7,Pathogenic
374209,DHCR7,Likely pathogenic
381657,DHCR7,Pathogenic/Likely pathogenic
394257,DHCR7,Pathogenic
397519,DHCR7,Pathogenic/Likely pathogenic
427052,DHCR7,Likely pathogenic
431994,DHCR7,Pathogenic/Likely pathogenic
458678,DHCR7,Pathogenic/Likely pathogenic
488492,DHCR7,Pathogenic/Likely pathogenic
520690,DHCR7,Pathogenic/Likely pathogenic
558380,DHCR7,Likely pathogenic
558447,DHCR7,Likely pathogenic
553336,DHCR7,Pathogenic
551481,DHCR7,Pathogenic/Likely pathogenic
558432,DHCR7,Pathogenic/Likely pathogenic
556307,DHCR7,Pathogenic/Likely pathogenic
550877,DHCR7,Pathogenic
549919,DHCR7,Likely pathogenic
550951,DHCR7,Pathogenic/Likely pathogenic
557359,DHCR7,Pathogenic/Likely pathogenic
554159,DHCR7,Likely pathogenic
552616,DHCR7,Pathogenic/Likely pathogenic
551712,DHCR7,Pathogenic/Likely pathogenic
553880,DHCR7,Pathogenic
549916,DHCR7,Pathogenic/Likely pathogenic
554204,DHCR7,Likely pathogenic
558708,DHCR7,Likely pathogenic
553296,DHCR7,Pathogenic/Likely pathogenic
554965,DHCR7,Likely pathogenic
552200,DHCR7,Pathogenic/Likely pathogenic
556525,DHCR7,Pathogenic
552757,DHCR7,Likely pathogenic
552520,DHCR7,Pathogenic/Likely pathogenic
558335,DHCR7,Pathogenic/Likely pathogenic
557305,DHCR7,Likely pathogenic
558361,DHCR7,Pathogenic/Likely pathogenic
552797,DHCR7,Likely pathogenic
552371,DHCR7,Pathogenic/Likely pathogenic
555540,DHCR7,Likely pathogenic
552228,DHCR7,Pathogenic/Likely pathogenic
557422,DHCR7,Likely pathogenic
558625,DHCR7,Pathogenic/Likely pathogenic
558319,DHCR7,Likely pathogenic
550263,DHCR7,Likely pathogenic
562391,DHCR7,Likely pathogenic
587952,DHCR7,Pathogenic/Likely pathogenic
595087,DHCR7,Pathogenic/Likely pathogenic
620411,DHCR7,Likely pathogenic
623647,DHCR7,Pathogenic/Likely pathogenic
632172,DHCR7,Pathogenic/Likely pathogenic
633186,DHCR7,Pathogenic/Likely pathogenic
652894,DHCR7,Pathogenic/Likely pathogenic
658626,DHCR7,Pathogenic/Likely pathogenic
694691,DHCR7,Pathogenic
813422,DHCR7,Likely pathogenic
813482,DHCR7,Pathogenic/Likely pathogenic
813483,DHCR7,Pathogenic/Likely pathogenic
813484,DHCR7,Pathogenic/Likely pathogenic
813485,DHCR7,Pathogenic/Likely pathogenic
813423,DHCR7,Pathogenic/Likely pathogenic
813424,DHCR7,Likely pathogenic
813425,DHCR7,Pathogenic/Likely pathogenic
831165,DHCR7,Pathogenic
830646,DHCR7,Pathogenic
832024,DHCR7,Pathogenic
845176,DHCR7,Likely pathogenic
845177,DHCR7,Pathogenic/Likely pathogenic
854087,DHCR7,Pathogenic
928932,DHCR7,Likely pathogenic
970420,DHCR7,Pathogenic
961893,DHCR7,Likely pathogenic
983645,DHCR7,Likely pathogenic
983926,DHCR7,Pathogenic/Likely pathogenic
983927,DHCR7,Likely pathogenic
983928,DHCR7,Likely pathogenic
993946,DHCR7,Likely pathogenic
1027907,DHCR7,Likely pathogenic
1066937,DHCR7,Likely pathogenic
1066741,DHCR7,Likely pathogenic
1066076,DHCR7,Likely pathogenic
1066908,DHCR7,Likely pathogenic
1073442,DHCR7,Pathogenic
1071907,DHCR7,Pathogenic/Likely pathogenic
1076651,DHCR7,Pathogenic
1076413,DHCR7,Pathogenic/Likely pathogenic
1074358,DHCR7,Pathogenic/Likely pathogenic
1179170,DHCR7,Likely pathogenic
1333506,DHCR7,Likely pathogenic
1338543,DHCR7,Likely pathogenic
1342621,DHCR7,Pathogenic/Likely pathogenic
1476545,DHCR7,Likely pathogenic
1478024,DHCR7,Likely pathogenic
1441328,DHCR7,Pathogenic
1481528,DHCR7,Likely pathogenic
1414460,DHCR7,Pathogenic
1497817,DHCR7,Likely pathogenic
1506319,DHCR7,Likely pathogenic
1477868,DHCR7,Likely pathogenic
1452130,DHCR7,Pathogenic/Likely pathogenic
1455236,DHCR7,Pathogenic
1457935,DHCR7,Pathogenic
1457937,DHCR7,Pathogenic/Likely pathogenic
1458037,DHCR7,Pathogenic/Likely pathogenic
1361572,DHCR7,Pathogenic
1457187,DHCR7,Pathogenic/Likely pathogenic
1487172,DHCR7,Likely pathogenic
1392687,DHCR7,Pathogenic
1383040,DHCR7,Pathogenic
1675468,DHCR7,Likely pathogenic
1685298,DHCR7,Likely pathogenic
1709241,DHCR7,Pathogenic/Likely pathogenic
1723309,DHCR7,Likely pathogenic
1723988,DHCR7,Likely pathogenic
1724221,DHCR7,Likely pathogenic
1724668,DHCR7,Likely pathogenic
1725061,DHCR7,Likely pathogenic
1725240,DHCR7,Likely pathogenic
1726149,DHCR7,Likely pathogenic
1726512,DHCR7,Likely pathogenic
1726797,DHCR7,Likely pathogenic
1738885,DHCR7,Pathogenic
2137189,DHCR7,Pathogenic/Likely pathogenic
2137192,DHCR7,Pathogenic
2137194,DHCR7,Likely pathogenic
2149234,DHCR7,Likely pathogenic
2174465,DHCR7,Likely pathogenic
2424132,DHCR7,Pathogenic
2424133,DHCR7,Pathogenic
2424134,DHCR7,Pathogenic
1949695,DHCR7,Pathogenic/Likely pathogenic
1984076,DHCR7,Likely pathogenic
1999612,DHCR7,Pathogenic
2027738,DHCR7,Likely pathogenic
2030429,DHCR7,Pathogenic
2034234,DHCR7,Pathogenic/Likely pathogenic
2036105,DHCR7,Likely pathogenic
2098111,DHCR7,Pathogenic/Likely pathogenic
2113572,DHCR7,Likely pathogenic
2108087,DHCR7,Pathogenic
2119342,DHCR7,Likely pathogenic
2135337,DHCR7,Pathogenic
2442157,DHCR7,Likely pathogenic
2444619,DHCR7,Likely pathogenic
2500785,DHCR7,Pathogenic/Likely pathogenic
2705375,DHCR7,Pathogenic
2707266,DHCR7,Pathogenic
2709156,DHCR7,Pathogenic
2718976,DHCR7,Likely pathogenic
2713214,DHCR7,Pathogenic/Likely pathogenic
2712742,DHCR7,Pathogenic
2720743,DHCR7,Likely pathogenic
2734739,DHCR7,Pathogenic
2738216,DHCR7,Likely pathogenic
2735694,DHCR7,Pathogenic
2735696,DHCR7,Likely pathogenic
2742143,DHCR7,Likely pathogenic
2751498,DHCR7,Pathogenic
2756505,DHCR7,Pathogenic/Likely pathogenic
2752700,DHCR7,Pathogenic
2748684,DHCR7,Likely pathogenic
2765084,DHCR7,Pathogenic
2776868,DHCR7,Pathogenic
2785310,DHCR7,Pathogenic
2789912,DHCR7,Likely pathogenic
2793342,DHCR7,Pathogenic/Likely pathogenic
2790179,DHCR7,Pathogenic/Likely pathogenic
2798881,DHCR7,Likely pathogenic
2802434,DHCR7,Pathogenic/Likely pathogenic
2815506,DHCR7,Pathogenic/Likely pathogenic
2810893,DHCR7,Pathogenic
2812732,DHCR7,Likely pathogenic
2829355,DHCR7,Pathogenic/Likely pathogenic
2820023,DHCR7,Likely pathogenic
2823123,DHCR7,Likely pathogenic
2830940,DHCR7,Pathogenic
2854167,DHCR7,Likely pathogenic
2858320,DHCR7,Pathogenic/Likely pathogenic
2872676,DHCR7,Pathogenic/Likely pathogenic
2883701,DHCR7,Pathogenic/Likely pathogenic
2918569,DHCR7,Pathogenic
2968929,DHCR7,Likely pathogenic
2993642,DHCR7,Likely pathogenic
3052442,DHCR7,Likely pathogenic
3233720,DHCR7,Likely pathogenic
3244559,DHCR7,Pathogenic
3336096,DHCR7,Likely pathogenic
3340265,DHCR7,Pathogenic
3345666,DHCR7,Likely pathogenic
3573962,DHCR7,Pathogenic
3573964,DHCR7,Likely pathogenic
3573967,DHCR7,Likely pathogenic
3573968,DHCR7,Likely pathogenic
3573972,DHCR7,Likely pathogenic
3573973,DHCR7,Likely pathogenic
3573975,DHCR7,Pathogenic/Likely pathogenic
3573983,DHCR7,Likely pathogenic
3573985,DHCR7,Likely pathogenic
3573987,DHCR7,Likely pathogenic
3573994,DHCR7,Likely pathogenic
3649433,DHCR7,Likely pathogenic
3695689,DHCR7,Pathogenic/Likely pathogenic
3709909,DHCR7,Pathogenic/Likely pathogenic
3720830,DHCR7,Likely pathogenic
3902470,DHCR7,Pathogenic
4065832,DHCR7,Likely pathogenic
4065858,DHCR7,Likely pathogenic
4065882,DHCR7,Likely pathogenic
4065893,DHCR7,Likely pathogenic
4071555,DHCR7,Likely pathogenic
4540440,DHCR7,Likely pathogenic
4709607,DHCR7,Likely pathogenic
4733688,DHCR7,Pathogenic
4735424,DHCR7,Pathogenic
4776999,DHCR7,Likely pathogenic
4795135,DHCR7,Likely pathogenic
4814802,DHCR7,Likely pathogenic
4814803,DHCR7,Likely pathogenic
4814804,DHCR7,Likely pathogenic
4814805,DHCR7,Likely pathogenic
4814806,DHCR7,Likely pathogenic
4814807,DHCR7,Likely pathogenic
4814808,DHCR7,Likely pathogenic
4814809,DHCR7,Likely pathogenic
4814810,DHCR7,Likely pathogenic
4814811,DHCR7,Likely pathogenic
4814812,DHCR7,Likely pathogenic
4814813,DHCR7,Likely pathogenic
4814814,DHCR7,Likely pathogenic
4814815,DHCR7,Likely pathogenic
4814816,DHCR7,Likely pathogenic
4814817,DHCR7,Likely pathogenic
4814818,DHCR7,Likely pathogenic
4814819,DHCR7,Likely pathogenic
4814820,DHCR7,Likely pathogenic
4814821,DHCR7,Likely pathogenic
4814822,DHCR7,Likely pathogenic
4814823,DHCR7,Likely pathogenic
4814824,DHCR7,Likely pathogenic
4814825,DHCR7,Likely pathogenic
4814826,DHCR7,Likely pathogenic
4814827,DHCR7,Likely pathogenic
4814828,DHCR7,Likely pathogenic
4814829,DHCR7,Likely pathogenic
4814830,DHCR7,Likely pathogenic
4814831,DHCR7,Likely pathogenic
4814832,DHCR7,Likely pathogenic
4814833,DHCR7,Likely pathogenic
4814834,DHCR7,Likely pathogenic
4814835,DHCR7,Likely pathogenic
4814836,DHCR7,Likely pathogenic
4814837,DHCR7,Likely pathogenic
4814838,DHCR7,Pathogenic
4814839,DHCR7,Likely pathogenic
4814840,DHCR7,Likely pathogenic
4814841,DHCR7,Likely pathogenic
4814842,DHCR7,Likely pathogenic
4814843,DHCR7,Likely pathogenic
4814844,DHCR7,Likely pathogenic
4814845,DHCR7,Likely pathogenic
4814846,DHCR7,Likely pathogenic
4814847,DHCR7,Likely pathogenic
4847783,DHCR7,Pathogenic
7354,SC5D,Likely pathogenic
7355,SC5D,Likely pathogenic
7356,SC5D,Pathogenic
916041,SC5D,Pathogenic
916042,SC5D,Pathogenic
9257,HMGCS2,Pathogenic/Likely pathogenic
9258,HMGCS2,Pathogenic
9259,HMGCS2,Pathogenic/Likely pathogenic
9260,HMGCS2,Pathogenic/Likely pathogenic
9261,HMGCS2,Likely pathogenic
9262,HMGCS2,Pathogenic
203781,HMGCS2,Likely pathogenic
280473,HMGCS2,Pathogenic
452101,HMGCS2,Pathogenic/Likely pathogenic
449457,HMGCS2,Pathogenic
488532,HMGCS2,Pathogenic
488533,HMGCS2,Pathogenic
590814,HMGCS2,Likely pathogenic
650721,LOC122094910,Pathogenic
644135,HMGCS2,Pathogenic
827683,HMGCS2,Pathogenic
832206,HMGCS2,Pathogenic
859739,HMGCS2,Pathogenic/Likely pathogenic
859738,HMGCS2,Pathogenic
870424,HMGCS2,Likely pathogenic
870423,HMGCS2,Likely pathogenic
915425,HMGCS2,Pathogenic/Likely pathogenic
2194069,HMGCS2,Pathogenic/Likely pathogenic
2080601,HMGCS2,Pathogenic
3730215,HMGCS2,Pathogenic
1120051,HMGCS2,Pathogenic
1175190,HMGCS2,Likely pathogenic
1175191,HMGCS2,Likely pathogenic
1184725,HMGCS2,Pathogenic
1327460,HMGCS2,Pathogenic
1327461,HMGCS2,Pathogenic
1327462,HMGCS2,Likely pathogenic
1327463,HMGCS2,Likely pathogenic
1327465,HMGCS2,Pathogenic
1327466,HMGCS2,Likely pathogenic
1327467,HMGCS2,Pathogenic
1327468,HMGCS2,Likely pathogenic
1327469,HMGCS2,Pathogenic
1342318,HMGCS2,Likely pathogenic
1453176,HMGCS2,Pathogenic
1424635,HMGCS2,Pathogenic
1458530,HMGCS2,Pathogenic
2149225,HMGCS2,Pathogenic
2230120,HMGCS2,Pathogenic
2628076,HMGCS2,Likely pathogenic
2964858,HMGCS2,Pathogenic
3370433,HMGCS2,Likely pathogenic
3382317,HMGCS2,Likely pathogenic
3383101,HMGCS2,Likely pathogenic
3693126,HMGCS2,Pathogenic
3896593,HMGCS2,Likely pathogenic
4278221,HMGCS2,Likely pathogenic
4278298,HMGCS2,Likely pathogenic
4706223,HMGCS2,Pathogenic
4742331,HMGCS2,Pathogenic
4805929,HMGCS2,Likely pathogenic
4850041,HMGCS2,Likely pathogenic
4852948,HMGCS2,Pathogenic
9483,ABCA1,Likely pathogenic
9484,ABCA1,Pathogenic
9485,ABCA1,Pathogenic
9486,ABCA1,Pathogenic
9487,ABCA1,Pathogenic
9488,ABCA1,Pathogenic
9489,ABCA1,Pathogenic
9492,ABCA1,Pathogenic
9493,ABCA1,Pathogenic
9494,NIPSNAP3B,Likely pathogenic
9495,ABCA1,Pathogenic
9496,ABCA1,Likely pathogenic
9498,ABCA1,Pathogenic
9499,ABCA1,Pathogenic
9500,ABCA1,Pathogenic
9502,NIPSNAP3B,Pathogenic
9504,ABCA1,Pathogenic
9505,ABCA1,Pathogenic
364389,ABCA1,Pathogenic/Likely pathogenic
374312,ABCA1,Likely pathogenic
504124,ABCA1,Pathogenic
632033,ABCA1,Pathogenic/Likely pathogenic
872555,ABCA1,Pathogenic
933215,ABCA1,Likely pathogenic
2136803,ABCA1,Likely pathogenic
1064620,ABCA1,Likely pathogenic
3720890,ABCA1,Pathogenic
4813697,ABCA1,Pathogenic
2735310,ABCA1,Pathogenic
4709684,ABCA1,Pathogenic
2735311,ABCA1,Pathogenic
1360777,ABCA1,Pathogenic
1443024,ABCA1,Pathogenic
1503632,ABCA1,Likely pathogenic
1456561,ABCA1,Pathogenic
1457817,ABCA1,Pathogenic
1803827,ABCA1,Likely pathogenic
1803885,ABCA1,Likely pathogenic
2136800,ABCA1,Likely pathogenic
2425359,ABCA1,Likely pathogenic
1929414,ABCA1,Pathogenic
1969031,ABCA1,Likely pathogenic
2087161,ABCA1,Pathogenic
2110925,ABCA1,Likely pathogenic
2627928,ABCA1,Pathogenic
2683744,ABCA1,Likely pathogenic
2735312,ABCA1,Pathogenic/Likely pathogenic
2735314,ABCA1,Pathogenic
2794859,ABCA1,Pathogenic
2806056,ABCA1,Pathogenic
2847432,ABCA1,Pathogenic
2862987,ABCA1,Pathogenic
2976199,ABCA1,Likely pathogenic
3063714,ABCA1,Likely pathogenic
3078691,ABCA1,Likely pathogenic
3224730,ABCA1,Pathogenic
3256126,ABCA1,Pathogenic
3339293,ABCA1,Pathogenic
3490013,ABCA1,Likely pathogenic
3492444,ABCA1,Likely pathogenic
3573478,ABCA1,Pathogenic
3618784,ABCA1,Pathogenic
3618082,ABCA1,Pathogenic
3642246,ABCA1,Likely pathogenic
3650081,ABCA1,Likely pathogenic
3673493,ABCA1,Pathogenic
3720893,ABCA1,Pathogenic
3729642,ABCA1,Likely pathogenic
3779318,ABCA1,Likely pathogenic
3892960,ABCA1,Likely pathogenic
3911242,ABCA1,Likely pathogenic
4081070,ABCA1,Likely pathogenic
4715168,ABCA1,Pathogenic
4709686,ABCA1,Pathogenic
4725075,ABCA1,Pathogenic
4730816,ABCA1,Pathogenic
4727208,ABCA1,Pathogenic
4813698,ABCA1,Pathogenic
4849334,ABCA1,Likely pathogenic
11426,NSDHL,Likely pathogenic
11427,NSDHL,Pathogenic
11428,NSDHL,Pathogenic
11429,NSDHL,Pathogenic
11430,NSDHL,Pathogenic
11431,NSDHL,Pathogenic
21265,NSDHL,Likely pathogenic
21266,NSDHL,Pathogenic
21268,NSDHL,Pathogenic
159454,NSDHL,Pathogenic
159456,NSDHL,Pathogenic
159457,NSDHL,Pathogenic
159449,NSDHL,Likely pathogenic
211748,NSDHL,Pathogenic
800901,NSDHL,Likely pathogenic
958137,NSDHL,Likely pathogenic
1013083,NSDHL,Pathogenic
1066388,NSDHL,Likely pathogenic
1214891,NSDHL,Likely pathogenic
2441794,NSDHL,Likely pathogenic
4082153,NSDHL,Pathogenic
11483,EBP,Pathogenic
11484,EBP,Pathogenic
11485,EBP,Pathogenic/Likely pathogenic
11486,EBP,Pathogenic
11487,EBP,Pathogenic
11488,EBP,Pathogenic
11489,EBP,Pathogenic
11490,EBP,Pathogenic
11491,EBP,Pathogenic
11492,EBP,Pathogenic
11493,EBP,Pathogenic
158530,EBP,Pathogenic
158532,EBP,Pathogenic
158533,EBP,Pathogenic/Likely pathogenic
158534,EBP,Likely pathogenic
158535,EBP,Likely pathogenic
158536,EBP,Pathogenic
158537,EBP,Likely pathogenic
158538,EBP,Pathogenic
158539,EBP,Likely pathogenic
158540,EBP,Pathogenic
158541,EBP,Pathogenic
158542,EBP,Likely pathogenic
158543,EBP,Likely pathogenic
158544,EBP,Likely pathogenic
158545,EBP,Pathogenic
158546,EBP,Likely pathogenic
158548,EBP,Pathogenic
158549,EBP,Pathogenic
158550,EBP,Likely pathogenic
158553,EBP,Likely pathogenic
209038,EBP,Pathogenic
209039,EBP,Likely pathogenic
209040,EBP,Pathogenic
210901,EBP,Likely pathogenic
210902,EBP,Pathogenic
210903,EBP,Pathogenic
210904,EBP,Likely pathogenic
210905,EBP,Pathogenic
210906,EBP,Pathogenic
265110,EBP,Pathogenic/Likely pathogenic
423969,EBP,Pathogenic
803990,EBP,Pathogenic
803991,EBP,Pathogenic
807598,EBP,Pathogenic/Likely pathogenic
988320,EBP,Pathogenic
989351,EBP,Pathogenic
1069093,EBP,Pathogenic
1322814,EBP,Pathogenic
1335934,EBP,Likely pathogenic
1338397,EBP,Likely pathogenic
1354233,EBP,Pathogenic/Likely pathogenic
1453472,EBP,Pathogenic
1514947,EBP,Likely pathogenic
1486480,EBP,Likely pathogenic
1352397,EBP,Pathogenic
1463061,EBP,Likely pathogenic
1410474,EBP,Pathogenic/Likely pathogenic
1699251,EBP,Pathogenic
1712643,EBP,Pathogenic
2138562,EBP,Pathogenic
2138564,EBP,Likely pathogenic
2015626,EBP,Pathogenic
2445496,AKAP4,Pathogenic
2498139,EBP,Likely pathogenic
2501695,EBP,Pathogenic
2632981,EBP,Likely pathogenic
2737222,EBP,Likely pathogenic
2770855,EBP,Pathogenic
2765456,EBP,Likely pathogenic
2833708,EBP,Likely pathogenic
3251172,EBP,Likely pathogenic
3376737,EBP,Likely pathogenic
3638247,EBP,Pathogenic
3662928,EBP,Pathogenic
3661413,EBP,Pathogenic
4293298,EBP,Likely pathogenic
4293428,EBP,Likely pathogenic
4710748,EBP,Pathogenic
4717836,EBP,Pathogenic
4732145,EBP,Pathogenic
4745674,EBP,Likely pathogenic
11928,MVK,Pathogenic
11929,MVK,Pathogenic/Likely pathogenic
11930,MVK,Pathogenic
11931,MVK,Pathogenic
11932,MVK,Pathogenic/Likely pathogenic
11933,MVK,Likely pathogenic
11934,MVK,Pathogenic
11935,MVK,Pathogenic
39724,MVK,Pathogenic
39725,MVK,Pathogenic/Likely pathogenic
39726,MVK,Pathogenic/Likely pathogenic
39727,MVK,Pathogenic
39728,MVK,Pathogenic
39729,MVK,Pathogenic
39730,MVK,Pathogenic
88836,MVK,Pathogenic
88837,MVK,Pathogenic
97561,MVK,Pathogenic/Likely pathogenic
97569,MVK,Pathogenic/Likely pathogenic
97572,MVK,Pathogenic
97574,MVK,Pathogenic/Likely pathogenic
97576,MVK,Pathogenic
97579,MVK,Pathogenic/Likely pathogenic
97580,MVK,Pathogenic
97581,MVK,Pathogenic/Likely pathogenic
97585,MVK,Pathogenic
97587,MVK,Pathogenic
97589,MVK,Pathogenic/Likely pathogenic
97591,MVK,Likely pathogenic
97592,MVK,Pathogenic/Likely pathogenic
97593,MVK,Pathogenic
97597,MVK,Pathogenic
97601,MVK,Pathogenic/Likely pathogenic
97602,MVK,Pathogenic/Likely pathogenic
97603,MVK,Pathogenic/Likely pathogenic
97608,MVK,Pathogenic/Likely pathogenic
97612,MVK,Pathogenic/Likely pathogenic
97616,MVK,Likely pathogenic
97625,MVK,Pathogenic
97627,MVK,Likely pathogenic
97630,MVK,Pathogenic/Likely pathogenic
97631,MVK,Pathogenic/Likely pathogenic
97637,MVK,Likely pathogenic
97639,MVK,Pathogenic/Likely pathogenic
217749,MVK,Pathogenic
217750,MMAB,Pathogenic
234379,MVK,Pathogenic
307100,MVK,Pathogenic/Likely pathogenic
488556,MVK,Likely pathogenic
573681,MVK,Pathogenic
636691,MVK,Pathogenic/Likely pathogenic
649235,MVK,Pathogenic
802890,MVK,Likely pathogenic
812112,MVK,Pathogenic
871146,MVK,Pathogenic/Likely pathogenic
943304,MVK,Likely pathogenic
954760,MVK,Pathogenic/Likely pathogenic
960301,MVK,Likely pathogenic
987381,MVK,Likely pathogenic
1044056,MVK,Likely pathogenic
1067488,MVK,Likely pathogenic
1075609,MVK,Pathogenic
1071478,MVK,Pathogenic
1460450,MVK,Pathogenic
1683508,MVK,Likely pathogenic
1694354,MVK,Likely pathogenic
1695892,MVK,Likely pathogenic
1801199,MVK,Likely pathogenic
2137420,MVK,Pathogenic
2137423,MVK,Likely pathogenic
2142782,MVK,Pathogenic
2196384,MVK,Pathogenic
2423080,MVK,Pathogenic
2019291,MVK,Likely pathogenic
2024803,MVK,Pathogenic
2033869,MVK,Likely pathogenic
2090149,MVK,Pathogenic
2098514,MVK,Likely pathogenic
2441609,MVK,Likely pathogenic
2635502,MVK,Pathogenic
2931188,MVK,Pathogenic
2921862,MVK,Pathogenic
2925505,MVK,Pathogenic
2925507,MVK,Pathogenic
2947497,MVK,Pathogenic
2938110,MVK,Pathogenic
2943228,MVK,Pathogenic
2944926,MVK,Pathogenic
2948422,MVK,Pathogenic
2949233,MVK,Pathogenic
2954526,MVK,Pathogenic
2952122,MVK,Pathogenic
2953508,MVK,Pathogenic
2953001,MVK,Pathogenic
3244321,MVK,Pathogenic
3574221,MVK,Likely pathogenic
3574224,MVK,Likely pathogenic
3574227,MVK,Likely pathogenic
3574230,MVK,Likely pathogenic
3574237,MVK,Likely pathogenic
3574238,MVK,Likely pathogenic
3574240,MVK,Likely pathogenic
3574243,MVK,Likely pathogenic
3574246,MVK,Likely pathogenic
3749910,MVK,Likely pathogenic
3753367,MVK,Pathogenic
3759174,MVK,Pathogenic
3896240,MVK,Likely pathogenic
4081743,MVK,Pathogenic
4082099,MVK,Likely pathogenic
4085084,MVK,Likely pathogenic
4784797,MVK,Pathogenic
4789069,MVK,Pathogenic
4793682,MVK,Likely pathogenic
4794732,MVK,Likely pathogenic
4845250,MVK,Pathogenic
4847619,MVK,Pathogenic
12200,LOC130001469,Pathogenic
12201,VLDLR,Pathogenic
12202,VLDLR,Pathogenic
21381,VLDLR,Pathogenic
55852,VLDLR,Pathogenic
64373,VLDLR,Pathogenic
212557,VLDLR,Likely pathogenic
212565,VLDLR,Pathogenic/Likely pathogenic
265344,VLDLR,Pathogenic
450520,VLDLR,Likely pathogenic
450521,VLDLR,Pathogenic
635065,VLDLR,Likely pathogenic
1180758,VLDLR,Pathogenic
1219774,LOC130001471,Likely pathogenic
1223471,VLDLR,Pathogenic
1325339,VLDLR,Pathogenic/Likely pathogenic
1333255,VLDLR,Likely pathogenic
1679407,VLDLR,Likely pathogenic
1699105,VLDLR,Likely pathogenic
1705671,VLDLR,Likely pathogenic
1705926,VLDLR,Likely pathogenic
2231752,VLDLR,Likely pathogenic
2444129,VLDLR,Likely pathogenic
2445903,VLDLR,Likely pathogenic
2577844,VLDLR,Pathogenic
2577846,VLDLR,Pathogenic
2577847,VLDLR,Pathogenic
2577848,VLDLR,Pathogenic
2698407,VLDLR,Pathogenic
2706526,VLDLR,Pathogenic
2708334,VLDLR,Pathogenic
2735236,VLDLR,Likely pathogenic
2750364,VLDLR,Pathogenic
2753414,VLDLR,Pathogenic
2766171,VLDLR,Pathogenic
2787504,VLDLR,Pathogenic
2827540,VLDLR,Pathogenic
2826269,VLDLR,Pathogenic
2837856,VLDLR,Pathogenic
2838121,VLDLR,Pathogenic
2832321,VLDLR,Pathogenic
2842085,VLDLR,Pathogenic
2842381,VLDLR,Likely pathogenic
2836814,VLDLR,Likely pathogenic
2847664,VLDLR,Likely pathogenic
2855138,VLDLR,Pathogenic
2860356,VLDLR,Pathogenic
2892838,VLDLR,Likely pathogenic
2888335,VLDLR,Likely pathogenic
2904136,VLDLR,Likely pathogenic
2908853,VLDLR,Pathogenic
2978710,VLDLR,Pathogenic
2999329,VLDLR,Pathogenic
3016959,VLDLR,Likely pathogenic
3245313,VLDLR,Pathogenic
3245314,VLDLR,Pathogenic
3245315,VLDLR,Pathogenic
3245316,VLDLR,Pathogenic
3255613,VLDLR,Pathogenic
3597243,VLDLR,Likely pathogenic
3597244,VLDLR,Likely pathogenic
3597245,VLDLR,Likely pathogenic
3597246,VLDLR,Likely pathogenic
3597247,VLDLR,Likely pathogenic
3722097,VLDLR,Likely pathogenic
4735338,VLDLR,Likely pathogenic
4847965,VLDLR,Likely pathogenic
14234,MTTP,Pathogenic
14235,MTTP,Pathogenic
14236,MTTP,Pathogenic/Likely pathogenic
14237,MTTP,Pathogenic
14238,MTTP,Pathogenic/Likely pathogenic
14239,MTTP,Pathogenic
14240,MTTP,Pathogenic
14241,MTTP,Pathogenic
14243,MTTP,Pathogenic
435905,MTTP,Pathogenic
495776,MTTP,Pathogenic
557836,MTTP,Likely pathogenic
627620,MTTP,Likely pathogenic
633321,MTTP,Pathogenic/Likely pathogenic
646677,MTTP,Likely pathogenic
638950,MTTP,Pathogenic
832755,MTTP,Pathogenic
835792,MTTP,Pathogenic
850460,MTTP,Pathogenic
840396,MTTP,Pathogenic/Likely pathogenic
855242,MTTP,Pathogenic/Likely pathogenic
855865,MTTP,Pathogenic
861271,MTTP,Likely pathogenic
871102,MTTP,Likely pathogenic
955246,MTTP,Pathogenic/Likely pathogenic
956573,MTTP,Pathogenic/Likely pathogenic
984258,MTTP,Likely pathogenic
984259,MTTP,Pathogenic/Likely pathogenic
984260,MTTP,Likely pathogenic
983692,MTTP,Likely pathogenic
983693,MTTP,Likely pathogenic
983694,MTTP,Likely pathogenic
983695,MTTP,Likely pathogenic
983696,MTTP,Likely pathogenic
983697,MTTP,Likely pathogenic
983698,MTTP,Likely pathogenic
983699,MTTP,Likely pathogenic
983772,MTTP,Likely pathogenic
983773,MTTP,Likely pathogenic
983774,MTTP,Likely pathogenic
983775,MTTP,Likely pathogenic
983776,MTTP,Likely pathogenic
983777,MTTP,Likely pathogenic
1028159,MTTP,Likely pathogenic
1028157,MTTP,Pathogenic
1067411,MTTP,Likely pathogenic
1066159,MTTP,Likely pathogenic
1069670,MTTP,Pathogenic
1075423,MTTP,Pathogenic/Likely pathogenic
1070986,MTTP,Pathogenic
1073794,MTTP,Pathogenic/Likely pathogenic
1072850,MTTP,Pathogenic
1069126,MTTP,Pathogenic/Likely pathogenic
1068931,MTTP,Pathogenic/Likely pathogenic
1072851,MTTP,Pathogenic
1321372,MTTP,Likely pathogenic
1323301,MTTP,Pathogenic
1411259,MTTP,Pathogenic
1356942,MTTP,Pathogenic
1452643,MTTP,Pathogenic
1454038,MTTP,Pathogenic
1401466,MTTP,Pathogenic
1455866,MTTP,Pathogenic
1455885,MTTP,Pathogenic
1486711,MTTP,Likely pathogenic
1421683,MTTP,Pathogenic
1409778,MTTP,Pathogenic/Likely pathogenic
1450470,MTTP,Pathogenic
1465914,MTTP,Likely pathogenic
1385779,MTTP,Pathogenic/Likely pathogenic
1373188,MTTP,Pathogenic
1455229,MTTP,Pathogenic
1458029,MTTP,Pathogenic
1407188,MTTP,Pathogenic
1407271,MTTP,Pathogenic
1487209,MTTP,Likely pathogenic
1437947,MTTP,Pathogenic
1355057,MTTP,Pathogenic
1520206,MTTP,Likely pathogenic
1519984,MTTP,Likely pathogenic
1687508,MTTP,Pathogenic
1711595,MTTP,Likely pathogenic
1724038,MTTP,Likely pathogenic
1724073,MTTP,Likely pathogenic
1724151,MTTP,Likely pathogenic
1724277,MTTP,Likely pathogenic
1724329,MTTP,Likely pathogenic
1724469,MTTP,Likely pathogenic
1724542,MTTP,Likely pathogenic
1724604,MTTP,Likely pathogenic
1724636,MTTP,Likely pathogenic
1724637,MTTP,Likely pathogenic
1724822,MTTP,Likely pathogenic
1724911,MTTP,Likely pathogenic
1725004,MTTP,Likely pathogenic
1725048,MTTP,Likely pathogenic
1725111,MTTP,Likely pathogenic
1725205,MTTP,Likely pathogenic
1725302,MTTP,Likely pathogenic
1725352,MTTP,Likely pathogenic
1725587,MTTP,Likely pathogenic
1725645,MTTP,Likely pathogenic
1725668,MTTP,Likely pathogenic
1726254,MTTP,Likely pathogenic
1726271,MTTP,Likely pathogenic
1726379,MTTP,Likely pathogenic
1726425,MTTP,Likely pathogenic
1726461,MTTP,Pathogenic/Likely pathogenic
1726513,MTTP,Likely pathogenic
1726580,MTTP,Likely pathogenic
1726729,MTTP,Likely pathogenic
1726882,MTTP,Likely pathogenic
1726902,MTTP,Likely pathogenic
2154056,MTTP,Pathogenic/Likely pathogenic
2189688,MTTP,Pathogenic
2195657,MTTP,Pathogenic
2203554,MTTP,Likely pathogenic
2422674,MTTP,Pathogenic
2422675,MTTP,Pathogenic
2422676,MTTP,Likely pathogenic
2422677,MTTP,Pathogenic
2418922,MTTP,Pathogenic
1898960,MTTP,Pathogenic/Likely pathogenic
1934654,MTTP,Pathogenic
1930401,MTTP,Pathogenic
1957408,MTTP,Likely pathogenic
1951879,MTTP,Pathogenic
1994774,MTTP,Pathogenic
1996484,MTTP,Pathogenic
2031225,MTTP,Pathogenic
2028760,MTTP,Pathogenic
2064741,MTTP,Pathogenic
2080628,MTTP,Pathogenic
2097816,MTTP,Pathogenic
2103356,MTTP,Pathogenic
2107362,MTTP,Pathogenic/Likely pathogenic
2128305,MTTP,Pathogenic
2133283,MTTP,Likely pathogenic
2430126,MTTP,Likely pathogenic
2431640,MTTP,Pathogenic
2445867,MTTP,Pathogenic
2603785,MTTP,Pathogenic
2629592,MTTP,Likely pathogenic
2690280,MTTP,Pathogenic
2703893,MTTP,Pathogenic
2703419,MTTP,Pathogenic
2696160,MTTP,Pathogenic
2707287,MTTP,Pathogenic
2728721,MTTP,Pathogenic
2745785,MTTP,Pathogenic
2765356,MTTP,Likely pathogenic
2770323,MTTP,Likely pathogenic
2766675,MTTP,Pathogenic
2812397,MTTP,Pathogenic
2837120,MTTP,Pathogenic
2848080,MTTP,Likely pathogenic
2871245,MTTP,Pathogenic/Likely pathogenic
2979028,MTTP,Likely pathogenic
2984156,MTTP,Pathogenic
2999044,MTTP,Pathogenic/Likely pathogenic
3020506,MTTP,Pathogenic
3032498,MTTP,Likely pathogenic
3246705,MTTP,Pathogenic
3377094,MTTP,Likely pathogenic
3377112,MTTP,Likely pathogenic
3377626,MTTP,Likely pathogenic
3589696,MTTP,Likely pathogenic
3589698,MTTP,Likely pathogenic
3643073,MTTP,Likely pathogenic
3645379,MTTP,Pathogenic
3659342,MTTP,Pathogenic
3723376,MTTP,Pathogenic
3723730,MTTP,Pathogenic
4058009,MTTP,Likely pathogenic
4058040,MTTP,Pathogenic
4058049,MTTP,Pathogenic
4058055,MTTP,Likely pathogenic
4081742,MTTP,Pathogenic/Likely pathogenic
4731969,MTTP,Likely pathogenic
4763203,MTTP,Pathogenic
4813308,MTTP,Likely pathogenic
4817985,MTTP,Pathogenic
4817986,MTTP,Likely pathogenic
4817987,MTTP,Likely pathogenic
4817988,MTTP,Likely pathogenic
4817989,MTTP,Likely pathogenic
4817990,MTTP,Likely pathogenic
4817991,MTTP,Likely pathogenic
4817992,MTTP,Likely pathogenic
4817993,MTTP,Likely pathogenic
4817994,MTTP,Likely pathogenic
14450,LPA,Pathogenic
4070902,LPA,Likely pathogenic
29776,LIPC,Pathogenic
1174131,LIPC,Pathogenic
1705274,LIPC,Likely pathogenic
1705275,LIPC,Pathogenic
17524,CETP,Pathogenic/Likely pathogenic
17528,CETP,Pathogenic
1322066,CETP,Pathogenic
1324061,CETP,Likely pathogenic
1324062,CETP,Pathogenic
1675625,CETP,Pathogenic
2690563,CETP,Likely pathogenic
2690564,CETP,Likely pathogenic
3349566,CETP,Likely pathogenic
3779056,CETP,Likely pathogenic
4850047,CETP,Likely pathogenic
17849,APOE,Pathogenic
17850,APOE,Likely pathogenic
17852,APOE,Pathogenic
17853,APOE,Pathogenic
17857,APOE,Pathogenic
17858,APOE,Pathogenic
17859,APOE,Pathogenic
17861,APOE,Pathogenic
17862,APOE,Likely pathogenic
17874,APOE,Pathogenic
17875,APOE,Pathogenic
17879,APOE,Pathogenic
17880,APOE,Pathogenic/Likely pathogenic
487346,APOE,Likely pathogenic
126456,APOE,Pathogenic
375636,APOE,Likely pathogenic
1077013,APOE,Likely pathogenic
1341575,APOE,Likely pathogenic
4293233,APOE,Likely pathogenic
4812829,APOE,Likely pathogenic
17881,APOB,Pathogenic
17882,APOB,Pathogenic
17883,APOB,Pathogenic
17884,APOB,Pathogenic/Likely pathogenic
17885,APOB,Pathogenic
17886,APOB,Pathogenic
17887,APOB,Pathogenic/Likely pathogenic
17888,APOB,Pathogenic
17889,APOB,Pathogenic
17890,APOB,Pathogenic/Likely pathogenic
17892,APOB,Pathogenic
17893,APOB,Pathogenic
17894,APOB,Pathogenic
17895,APOB,Pathogenic/Likely pathogenic
17896,APOB,Pathogenic
17898,APOB,Likely pathogenic
17899,APOB,Pathogenic
17900,APOB,Pathogenic
17901,APOB,Pathogenic
29608,APOB,Pathogenic
40223,APOB,Pathogenic/Likely pathogenic
69511,APOB,Pathogenic
3752738,APOB,Pathogenic
210222,APOB,Likely pathogenic
228245,APOB,Likely pathogenic
237754,APOB,Pathogenic
265895,APOB,Pathogenic
374255,APOB,Likely pathogenic
404400,APOB,Pathogenic/Likely pathogenic
404409,APOB,Pathogenic
431502,APOB,Pathogenic
431499,APOB,Pathogenic
431498,APOB,Pathogenic
431494,APOB,Pathogenic
431489,APOB,Pathogenic
434251,APOB,Likely pathogenic
434252,APOB,Pathogenic/Likely pathogenic
438310,APOB,Pathogenic/Likely pathogenic
440505,APOB,Pathogenic
440509,APOB,Pathogenic
440510,APOB,Pathogenic
440512,APOB,Pathogenic
440522,APOB,Pathogenic
440523,APOB,Likely pathogenic
440524,APOB,Pathogenic
440525,APOB,Pathogenic
440526,APOB,Pathogenic
440527,APOB,Pathogenic
440528,APOB,Pathogenic
440529,APOB,Pathogenic
444010,APOB,Likely pathogenic
477784,APOB,Pathogenic
477783,APOB,Pathogenic
495857,APOB,Pathogenic/Likely pathogenic
524093,APOB,Pathogenic/Likely pathogenic
544130,APOB,Pathogenic
544076,APOB,Pathogenic/Likely pathogenic
544071,APOB,Pathogenic
580451,APOB,Likely pathogenic
569699,APOB,Pathogenic/Likely pathogenic
577519,APOB,Pathogenic/Likely pathogenic
620216,APOB,Likely pathogenic
630334,APOB,Likely pathogenic
648832,APOB,Pathogenic
801653,APOB,Likely pathogenic
827637,APOB,Likely pathogenic
827638,APOB,Likely pathogenic
827639,APOB,Likely pathogenic
853099,APOB,Pathogenic
843259,APOB,Pathogenic
838558,APOB,Pathogenic/Likely pathogenic
855100,APOB,Pathogenic
895430,APOB,Pathogenic
917844,APOB,Pathogenic
925921,APOB,Pathogenic
921367,APOB,Pathogenic
920726,APOB,Pathogenic
927955,APOB,Pathogenic
918183,APOB,Pathogenic
2931646,APOB,Likely pathogenic
930769,APOB,Likely pathogenic
951011,APOB,Pathogenic
950577,APOB,Pathogenic
939237,APOB,Pathogenic
959104,APOB,Pathogenic
976726,APOB,Pathogenic
977986,APOB,Pathogenic
977985,APOB,Pathogenic
978301,APOB,Likely pathogenic
982792,APOB,Likely pathogenic
2949610,APOB,Pathogenic/Likely pathogenic
1046270,APOB,Likely pathogenic
1068824,APOB,Pathogenic
1071546,APOB,Pathogenic
1070406,APOB,Pathogenic
1070659,APOB,Pathogenic
1174484,APOB,Pathogenic/Likely pathogenic
1299572,APOB,Pathogenic
1299586,APOB,Pathogenic
1323319,APOB,Pathogenic/Likely pathogenic
1323322,APOB,Pathogenic
1323325,APOB,Pathogenic/Likely pathogenic
4783531,APOB,Likely pathogenic
1323360,APOB,Pathogenic
1323920,APOB,Likely pathogenic
1323922,APOB,Likely pathogenic
2650709,APOB,Pathogenic
1330071,APOB,Likely pathogenic
1330634,APOB,Pathogenic/Likely pathogenic
1468789,APOB,Likely pathogenic
1386291,APOB,Pathogenic
1494951,APOB,Likely pathogenic
1455782,APOB,Pathogenic
1496923,APOB,Likely pathogenic
1416136,APOB,Pathogenic
1364654,APOB,Pathogenic/Likely pathogenic
1369494,APOB,Pathogenic
1453164,APOB,Pathogenic
1454956,APOB,Pathogenic
1402036,APOB,Pathogenic
1456415,APOB,Pathogenic
1458186,APOB,Pathogenic
1458005,APOB,Pathogenic/Likely pathogenic
1432825,APOB,Pathogenic
1406951,APOB,Pathogenic
1416940,APOB,Pathogenic
1515327,APOB,Likely pathogenic
1678797,APOB,Pathogenic
1685525,APOB,Pathogenic
1685526,APOB,Pathogenic
1685527,APOB,Pathogenic/Likely pathogenic
1685528,APOB,Pathogenic
1701919,APOB,Likely pathogenic
1704963,APOB,Pathogenic
1705571,APOB,Pathogenic
1803866,APOB,Pathogenic
1809710,APOB,Likely pathogenic
2203022,APOB,Pathogenic
2202111,APOB,Pathogenic
1878402,APOB,Pathogenic
1895395,APOB,Likely pathogenic
1914768,APOB,Pathogenic
1939251,APOB,Pathogenic
1957134,APOB,Pathogenic
1991651,APOB,Pathogenic
1983784,APOB,Pathogenic
2044989,APOB,Pathogenic/Likely pathogenic
2033258,APOB,Pathogenic
2084238,APOB,Pathogenic
2094513,APOB,Pathogenic
2100639,APOB,Pathogenic
2130943,APOB,Pathogenic
2134447,APOB,Likely pathogenic
2501611,APOB,Pathogenic/Likely pathogenic
2506190,APOB,Pathogenic
2572439,APOB,Likely pathogenic
2582602,APOB,Likely pathogenic
2636301,APOB,Likely pathogenic
2650710,APOB,Pathogenic
2692513,APOB,Likely pathogenic
2922354,APOB,Pathogenic
2925964,APOB,Pathogenic
2927391,APOB,Pathogenic
2927629,APOB,Pathogenic
2929243,APOB,Pathogenic
2925315,APOB,Pathogenic
2925317,APOB,Pathogenic
2925318,APOB,Pathogenic
2930593,APOB,Pathogenic
2928257,APOB,Likely pathogenic
2933458,APOB,Pathogenic
2927812,APOB,Pathogenic/Likely pathogenic
2929773,APOB,Pathogenic
2931489,APOB,Likely pathogenic
2934540,APOB,Pathogenic
2937495,APOB,Pathogenic
2944357,APOB,Likely pathogenic
2946216,APOB,Pathogenic
2948178,APOB,Pathogenic
2943935,APOB,Likely pathogenic
2936678,APOB,Pathogenic
2943324,APOB,Pathogenic
2944775,APOB,Pathogenic
2944843,APOB,Pathogenic
2948441,APOB,Pathogenic
2949732,APOB,Pathogenic
2949743,APOB,Pathogenic
2951059,APOB,Pathogenic
2951661,APOB,Pathogenic
2953129,APOB,Pathogenic
2953191,APOB,Pathogenic
3027049,APOB,Pathogenic
3067674,APOB,Pathogenic
3069184,APOB,Likely pathogenic
3076010,APOB,Likely pathogenic
3076012,APOB,Likely pathogenic
3236789,APOB,Pathogenic
3236855,APOB,Pathogenic/Likely pathogenic
3247423,APOB,Pathogenic
3307797,APOB,Pathogenic
3358994,APOB,Likely pathogenic
3359085,APOB,Pathogenic
3381149,APOB,Likely pathogenic
3381871,APOB,Likely pathogenic
3382717,APOB,Likely pathogenic
3382761,APOB,Likely pathogenic
3382837,APOB,Likely pathogenic
3388716,APOB,Likely pathogenic
3572065,APOB,Pathogenic
3602760,APOB,Likely pathogenic
3758585,APOB,Pathogenic
3759634,APOB,Pathogenic
3759711,APOB,Pathogenic
3751074,APOB,Pathogenic
3751084,APOB,Pathogenic
3752274,APOB,Pathogenic
3755950,APOB,Pathogenic
3748465,APOB,Likely pathogenic
3756925,APOB,Likely pathogenic
3760061,APOB,Pathogenic
3760082,APOB,Likely pathogenic
3763156,APOB,Pathogenic
3764668,APOB,Likely pathogenic
3767115,APOB,Likely pathogenic
3775164,APOB,Pathogenic
3779350,APOB,Likely pathogenic
3885619,APOB,Likely pathogenic
3885337,APOB,Pathogenic
3893241,APOB,Likely pathogenic
3896614,APOB,Likely pathogenic
3898700,APOB,Likely pathogenic
3899242,APOB,Likely pathogenic
3903258,APOB,Likely pathogenic
3911889,APOB,Likely pathogenic
4070954,APOB,Pathogenic
4072067,APOB,Likely pathogenic
4077157,APOB,Likely pathogenic
4531296,APOB,Likely pathogenic
4532934,APOB,Likely pathogenic
4533252,APOB,Likely pathogenic
4542537,APOB,Pathogenic
4542538,APOB,Likely pathogenic
4686062,APOB,Likely pathogenic
4783133,APOB,Pathogenic
4784103,APOB,Pathogenic
4784355,APOB,Pathogenic
4784371,APOB,Pathogenic
4786150,APOB,Pathogenic
4787609,APOB,Pathogenic
4785552,APOB,Pathogenic
4785641,APOB,Pathogenic
4785096,APOB,Pathogenic
4792430,APOB,Pathogenic
4794201,APOB,Pathogenic
4823125,APOB,Pathogenic
4851852,APOB,Pathogenic
17902,APOC3,Pathogenic
17903,APOC3,Pathogenic
17909,APOA1,Pathogenic
17911,APOA1,Pathogenic
17914,APOA1-AS,Pathogenic
17917,APOA1,Pathogenic
17918,APOA1,Pathogenic
17919,APOA1-AS,Pathogenic
17921,APOA1,Pathogenic
17922,APOA1,Pathogenic
17923,APOA1,Pathogenic
17924,APOA1,Pathogenic
17926,APOA1,Pathogenic
17927,APOA1,Pathogenic
17928,APOA1,Pathogenic
17929,APOA1,Pathogenic
17930,APOA1,Pathogenic
17932,APOA1,Pathogenic
17933,APOA1,Pathogenic
17934,APOA1,Pathogenic
565272,APOA1,Pathogenic/Likely pathogenic
1163527,APOA1-AS,Pathogenic/Likely pathogenic
1284381,APOA1,Pathogenic
1341582,APOA1,Likely pathogenic
1687354,APOA1,Likely pathogenic
2137255,APOA1,Pathogenic
2137256,APOA1,Pathogenic
2422186,SIK3,Pathogenic
2572647,APOA1-AS,Likely pathogenic
2735760,APOA1,Pathogenic
3127886,APOA1,Likely pathogenic
3236478,APOA1,Pathogenic
3619394,APOA1,Pathogenic
3767253,APOA1,Pathogenic
4768101,APOA1,Pathogenic
4812879,APOA1,Pathogenic
17935,APOA2,Pathogenic
2690543,APOA2,Likely pathogenic
4541826,APOA2,Likely pathogenic
18439,ANGPTL3,Pathogenic
18440,ANGPTL3,Pathogenic
91863,ANGPTL3,Pathogenic
91864,ANGPTL3,Pathogenic
91865,ANGPTL3,Pathogenic/Likely pathogenic
91867,ANGPTL3,Pathogenic
1031836,ANGPTL3,Pathogenic
2525900,ANGPTL3,Pathogenic
2893114,ANGPTL3,Likely pathogenic
3706742,ANGPTL3,Pathogenic
3712309,ANGPTL3,Likely pathogenic
4694450,ANGPTL3,Pathogenic
4752496,ANGPTL3,Pathogenic
4845847,ANGPTL3,Likely pathogenic
4850335,ANGPTL3,Likely pathogenic
96713,APOH,Likely pathogenic
132834,LRP1,Pathogenic
1321297,LRP1,Likely pathogenic
2691743,LRP1,Pathogenic
2691744,LRP1,Pathogenic
2691745,LRP1,Pathogenic
2691746,LRP1,Pathogenic
144013,GPIHBP1,Pathogenic
144014,GPIHBP1,Pathogenic
144015,GPIHBP1,Pathogenic
144017,GPIHBP1,Pathogenic
144018,GPIHBP1,Pathogenic
144019,GPIHBP1,Pathogenic
144020,GPIHBP1,Pathogenic
144021,GPIHBP1,Likely pathogenic
144022,GPIHBP1,Pathogenic
917845,GPIHBP1,Likely pathogenic
975917,GPIHBP1,Likely pathogenic
1031306,GPIHBP1,Pathogenic/Likely pathogenic
1677951,GPIHBP1,Pathogenic
1685860,GPIHBP1,Pathogenic
1687542,GPIHBP1,Pathogenic/Likely pathogenic
1803904,GPIHBP1,Likely pathogenic
2427568,GPIHBP1,Pathogenic
2735230,GPIHBP1,Pathogenic
3358985,GPIHBP1,Pathogenic/Likely pathogenic
3391055,GPIHBP1,Likely pathogenic
3653843,GPIHBP1,Pathogenic
3677071,GPIHBP1,Pathogenic
3681349,GPIHBP1,Likely pathogenic
4292487,GPIHBP1,Likely pathogenic
217746,FDPS,Pathogenic
217747,FDPS,Pathogenic
217748,FDPS,Pathogenic
659608,FDPS,Pathogenic
835300,FDPS,Likely pathogenic
221227,LSS,Pathogenic
599317,LSS,Pathogenic
599319,LSS,Likely pathogenic
599320,LSS,Pathogenic
599321,LSS,Pathogenic
599322,LSS,Pathogenic
599323,LSS,Likely pathogenic
834064,LSS,Likely pathogenic
834065,LSS,Pathogenic
834066,LSS,Pathogenic
834068,LSS,Pathogenic
982379,LSS,Pathogenic
1098866,LSS,Likely pathogenic
1256056,LSS,Likely pathogenic
1256057,LSS,Pathogenic
1526304,LSS,Pathogenic/Likely pathogenic
1707082,LSS,Likely pathogenic
1707553,LSS,Pathogenic
1707554,LOC112694753,Pathogenic
1966922,LSS,Pathogenic
2084020,LSS,Pathogenic
2120289,LSS,Pathogenic
2227722,LSS,Pathogenic
2500989,LSS,Pathogenic
2500990,LSS,Pathogenic
2861308,LSS,Likely pathogenic
2861309,LOC130066869,Pathogenic
2972956,LSS,Pathogenic
3065729,LSS,Likely pathogenic
3121356,LSS,Likely pathogenic
3681234,LSS,Likely pathogenic
4072283,LSS,Likely pathogenic
4081501,LSS,Likely pathogenic
4751137,LSS,Pathogenic
4805866,LSS,Pathogenic
4813367,LSS,Likely pathogenic
222974,MSMO1,Pathogenic
222975,MSMO1,Likely pathogenic
222976,MSMO1,Pathogenic
253039,MVD,Pathogenic
253040,MVD,Pathogenic
1301637,MVD,Pathogenic
1323302,MVD,Pathogenic
1344672,MVD,Likely pathogenic
3350259,MVD,Likely pathogenic
3779982,MVD,Likely pathogenic
253041,PMVK,Pathogenic
253042,PMVK,Pathogenic
1012741,PMVK,Pathogenic/Likely pathogenic
1344669,PMVK,Likely pathogenic
1344671,PMVK,Likely pathogenic
4077434,PMVK,Likely pathogenic
1334398,SCARB1,Pathogenic
587360,FDFT1,Pathogenic
587361,FDFT1,Likely pathogenic
587362,FDFT1,Likely pathogenic
599353,FDFT1,Likely pathogenic
996898,FDFT1,Likely pathogenic
4849700,FDFT1,Likely pathogenic
3764740,APOA4,Pathogenic
3764741,APOA4,Pathogenic
1803007,HMGCR,Pathogenic
2506430,HMGCR,Likely pathogenic
2506431,HMGCR,Likely pathogenic
2506432,HMGCR,Pathogenic
2506433,HMGCR,Pathogenic
3767619,HMGCR,Likely pathogenic
4686052,HMGCR,Likely pathogenic
2580362,HMGCS1,Pathogenic
2580363,HMGCS1,Pathogenic
2580364,HMGCS1,Pathogenic
2580365,HMGCS1,Pathogenic
2580366,HMGCS1,Pathogenic
4533190,HMGCS1,Pathogenic
4533192,HMGCS1,Pathogenic
3393179,CYP51A1,Likely pathogenic
4070986,SQLE,Pathogenic
