variant_id,clinical_significance,review_status
792,Pathogenic,"criteria provided, single submitter"
143993,Pathogenic,"criteria provided, multiple submitters, no conflicts"
915345,Pathogenic,"criteria provided, single submitter"
2961040,Pathogenic,"criteria provided, multiple submitters, no conflicts"
1074820,Pathogenic/Likely pathogenic,"criteria provided, multiple submitters, no conflicts"
1334397,Pathogenic,"criteria provided, single submitter"
1341517,Pathogenic/Likely pathogenic,"criteria provided, multiple submitters, no conflicts"
1399714,Likely pathogenic,"criteria provided, multiple submitters, no conflicts"
1675593,Pathogenic,"criteria provided, multiple submitters, no conflicts"
1677611,Pathogenic/Likely pathogenic,"criteria provided, multiple submitters, no conflicts"
1677682,Likely pathogenic,"criteria provided, single submitter"
1677693,Likely pathogenic,"criteria provided, single submitter"
1677881,Pathogenic/Likely pathogenic,"criteria provided, multiple submitters, no conflicts"
1677919,Likely pathogenic,"criteria provided, single submitter"
1767730,Likely pathogenic,"criteria provided, single submitter"
2426772,Pathogenic,"criteria provided, single submitter"
2426773,Pathogenic,"criteria provided, single submitter"
1936829,Pathogenic/Likely pathogenic,"criteria provided, multiple submitters, no conflicts"
1958720,Likely pathogenic,"criteria provided, single submitter"
2633536,Likely pathogenic,"criteria provided, single submitter"
2788856,Pathogenic/Likely pathogenic,"criteria provided, multiple submitters, no conflicts"
2789167,Pathogenic,"criteria provided, single submitter"
2910386,Likely pathogenic,"criteria provided, multiple submitters, no conflicts"
3011463,Pathogenic,"criteria provided, single submitter"
3227807,Pathogenic,"criteria provided, single submitter"
3391618,Likely pathogenic,"criteria provided, single submitter"
3609264,Pathogenic,"criteria provided, single submitter"
3645095,Pathogenic,"criteria provided, single submitter"
3682280,Pathogenic,"criteria provided, single submitter"
4075909,Pathogenic,"criteria provided, single submitter"
4703175,Pathogenic,"criteria provided, single submitter"
4748684,Pathogenic,"criteria provided, single submitter"
1519,Likely pathogenic,"criteria provided, single submitter"
1520,Pathogenic,no assertion criteria provided
1521,Pathogenic,no assertion criteria provided
1522,Pathogenic/Likely pathogenic,"criteria provided, multiple submitters, no conflicts"
1523,Pathogenic,no assertion criteria provided
1524,Pathogenic/Likely pathogenic,"criteria provided, multiple submitters, no conflicts"
1525,Pathogenic,no assertion criteria provided
1526,Pathogenic,no assertion criteria provided
1527,Pathogenic/Likely pathogenic,"criteria provided, multiple submitters, no conflicts"
1528,Pathogenic,no assertion criteria provided
1530,Pathogenic/Likely pathogenic,"criteria provided, multiple submitters, no conflicts"
1531,Pathogenic/Likely pathogenic,"criteria provided, multiple submitters, no conflicts"
1532,Pathogenic,"criteria provided, single submitter"
1533,Pathogenic,no assertion criteria provided
1535,Pathogenic,"criteria provided, multiple submitters, no conflicts"
1536,Pathogenic,"criteria provided, single submitter"
1537,Pathogenic,"criteria provided, multiple submitters, no conflicts"
1538,Pathogenic,no assertion criteria provided
1539,Pathogenic/Likely pathogenic,"criteria provided, multiple submitters, no conflicts"
1540,Pathogenic/Likely pathogenic,"criteria provided, multiple submitters, no conflicts"
1541,Pathogenic,"criteria provided, multiple submitters, no conflicts"
1542,Pathogenic,no assertion criteria provided
1543,Pathogenic,"criteria provided, single submitter"
1544,Pathogenic,no assertion criteria provided
1545,Pathogenic,"criteria provided, single submitter"
1546,Pathogenic,no assertion criteria provided
1547,Likely pathogenic,"criteria provided, single submitter"
1548,Pathogenic/Likely pathogenic,"criteria provided, multiple submitters, no conflicts"
1551,Likely pathogenic,"criteria provided, single submitter"
1553,Pathogenic,no assertion criteria provided
1554,Pathogenic/Likely pathogenic,"criteria provided, multiple submitters, no conflicts"
1556,Pathogenic,"criteria provided, multiple submitters, no conflicts"
1557,Pathogenic,no assertion criteria provided
1558,Pathogenic,no assertion criteria provided
226449,Likely pathogenic,"criteria provided, single submitter"
424622,Likely pathogenic,"criteria provided, single submitter"
522719,Likely pathogenic,"criteria provided, single submitter"
643218,Pathogenic,"criteria provided, single submitter"
855588,Pathogenic,"criteria provided, multiple submitters, no conflicts"
851236,Pathogenic,"criteria provided, multiple submitters, no conflicts"
950321,Pathogenic,"criteria provided, single submitter"
948095,Pathogenic,"criteria provided, single submitter"
968107,Pathogenic,"criteria provided, single submitter"
973587,Likely pathogenic,"criteria provided, multiple submitters, no conflicts"
973588,Likely pathogenic,"criteria provided, single submitter"
979021,Likely pathogenic,"criteria provided, single submitter"
995957,Pathogenic,"criteria provided, multiple submitters, no conflicts"
1030690,Pathogenic/Likely pathogenic,"criteria provided, multiple submitters, no conflicts"
1066635,Pathogenic/Likely pathogenic,"criteria provided, multiple submitters, no conflicts"
1066136,Likely pathogenic,"criteria provided, single submitter"
1066636,Pathogenic,"criteria provided, multiple submitters, no conflicts"
1076886,Pathogenic,"criteria provided, single submitter"
1069128,Pathogenic,"criteria provided, single submitter"
1072728,Pathogenic/Likely pathogenic,"criteria provided, multiple submitters, no conflicts"
1076739,Pathogenic,"criteria provided, single submitter"
1075531,Pathogenic,"criteria provided, single submitter"
1070373,Pathogenic,"criteria provided, single submitter"
1196534,Likely pathogenic,"criteria provided, single submitter"
1203042,Pathogenic/Likely pathogenic,"criteria provided, multiple submitters, no conflicts"
1210341,Likely pathogenic,"criteria provided, single submitter"
1212446,Likely pathogenic,"criteria provided, single submitter"
1236167,Pathogenic/Likely pathogenic,"criteria provided, multiple submitters, no conflicts"
1284647,Likely pathogenic,"criteria provided, multiple submitters, no conflicts"
1324675,Likely pathogenic,"criteria provided, single submitter"
1324676,Likely pathogenic,"criteria provided, single submitter"
1494261,Pathogenic/Likely pathogenic,"criteria provided, multiple submitters, no conflicts"
1399464,Pathogenic,"criteria provided, single submitter"
1455947,Pathogenic,"criteria provided, single submitter"
1471786,Likely pathogenic,"criteria provided, multiple submitters, no conflicts"
1418720,Pathogenic,"criteria provided, single submitter"
1500351,Likely pathogenic,"criteria provided, single submitter"
1366216,Pathogenic/Likely pathogenic,"criteria provided, multiple submitters, no conflicts"
1423003,Pathogenic/Likely pathogenic,"criteria provided, multiple submitters, no conflicts"
1448765,Pathogenic,"criteria provided, single submitter"
1370928,Pathogenic,"criteria provided, single submitter"
1452004,Pathogenic,"criteria provided, single submitter"
1452072,Pathogenic,"criteria provided, multiple submitters, no conflicts"
1427499,Pathogenic,"criteria provided, single submitter"
1401888,Pathogenic,"criteria provided, multiple submitters, no conflicts"
1456311,Pathogenic/Likely pathogenic,"criteria provided, multiple submitters, no conflicts"
1455355,Pathogenic,"criteria provided, single submitter"
1431010,Pathogenic,"criteria provided, single submitter"
1457932,Pathogenic/Likely pathogenic,"criteria provided, multiple submitters, no conflicts"
1458039,Pathogenic,"criteria provided, single submitter"
1459737,Pathogenic,"criteria provided, single submitter"
1392632,Likely pathogenic,"criteria provided, multiple submitters, no conflicts"
1492400,Pathogenic/Likely pathogenic,"criteria provided, multiple submitters, no conflicts"
1677766,Pathogenic/Likely pathogenic,"criteria provided, multiple submitters, no conflicts"
1685369,Likely pathogenic,"criteria provided, single submitter"
1685928,Pathogenic,"criteria provided, single submitter"
1685930,Pathogenic,"criteria provided, single submitter"
1685932,Pathogenic/Likely pathogenic,"criteria provided, multiple submitters, no conflicts"
1693264,Pathogenic,"criteria provided, multiple submitters, no conflicts"
1749778,Pathogenic,"criteria provided, single submitter"
1769926,Pathogenic,"criteria provided, single submitter"
1803250,Likely pathogenic,"criteria provided, multiple submitters, no conflicts"
2136643,Likely pathogenic,"criteria provided, multiple submitters, no conflicts"
2136644,Likely pathogenic,"criteria provided, single submitter"
2422620,Pathogenic,"criteria provided, single submitter"
2006935,Likely pathogenic,"criteria provided, single submitter"
2026484,Pathogenic,"criteria provided, single submitter"
2085152,Pathogenic,"criteria provided, single submitter"
2133466,Pathogenic,"criteria provided, single submitter"
2429741,Pathogenic,no assertion criteria provided
2429774,Pathogenic,no assertion criteria provided
2441229,Likely pathogenic,"criteria provided, multiple submitters, no conflicts"
2484764,Pathogenic,"criteria provided, multiple submitters, no conflicts"
2582665,Pathogenic,"criteria provided, multiple submitters, no conflicts"
2583060,Likely pathogenic,"criteria provided, single submitter"
2735123,Pathogenic,"criteria provided, single submitter"
2735125,Pathogenic,"criteria provided, multiple submitters, no conflicts"
2735126,Likely pathogenic,"criteria provided, multiple submitters, no conflicts"
2735128,Likely pathogenic,"criteria provided, single submitter"
2735129,Likely pathogenic,"criteria provided, multiple submitters, no conflicts"
2735131,Likely pathogenic,"criteria provided, multiple submitters, no conflicts"
2769182,Pathogenic,"criteria provided, single submitter"
2768165,Pathogenic,"criteria provided, single submitter"
2793081,Pathogenic,"criteria provided, single submitter"
2795633,Pathogenic,"criteria provided, single submitter"
2814855,Pathogenic/Likely pathogenic,"criteria provided, multiple submitters, no conflicts"
2823414,Likely pathogenic,"criteria provided, single submitter"
2843115,Likely pathogenic,"criteria provided, single submitter"
2840731,Pathogenic,"criteria provided, single submitter"
2849043,Pathogenic,"criteria provided, single submitter"
2863224,Pathogenic,"criteria provided, single submitter"
2972813,Pathogenic,"criteria provided, single submitter"
2988064,Likely pathogenic,"criteria provided, single submitter"
2992733,Likely pathogenic,"criteria provided, single submitter"
3066297,Likely pathogenic,"criteria provided, single submitter"
3068354,Pathogenic,"criteria provided, single submitter"
3245547,Pathogenic,"criteria provided, single submitter"
3245549,Pathogenic,"criteria provided, single submitter"
3245550,Pathogenic,"criteria provided, single submitter"
3251541,Likely pathogenic,"criteria provided, multiple submitters, no conflicts"
3340534,Pathogenic,"criteria provided, single submitter"
3376967,Likely pathogenic,"criteria provided, single submitter"
3391032,Likely pathogenic,"criteria provided, single submitter"
3595455,Pathogenic,"criteria provided, multiple submitters, no conflicts"
3595456,Likely pathogenic,"criteria provided, single submitter"
3595457,Likely pathogenic,"criteria provided, single submitter"
3595458,Likely pathogenic,"criteria provided, single submitter"
3595459,Likely pathogenic,"criteria provided, single submitter"
3630603,Pathogenic,"criteria provided, single submitter"
3638649,Pathogenic,"criteria provided, single submitter"
3691103,Pathogenic,"criteria provided, single submitter"
3720801,Pathogenic,"criteria provided, single submitter"
3894920,Likely pathogenic,"criteria provided, single submitter"
3895920,Likely pathogenic,"criteria provided, multiple submitters, no conflicts"
3896141,Pathogenic,"criteria provided, single submitter"
3902607,Likely pathogenic,"criteria provided, single submitter"
4070182,Likely pathogenic,"criteria provided, single submitter"
4070186,Likely pathogenic,"criteria provided, single submitter"
4070188,Likely pathogenic,"criteria provided, single submitter"
4070161,Pathogenic,"criteria provided, single submitter"
4086158,Likely pathogenic,"criteria provided, single submitter"
4278626,Likely pathogenic,"criteria provided, single submitter"
4526506,Likely pathogenic,"criteria provided, single submitter"
4531218,Likely pathogenic,"criteria provided, single submitter"
4541346,Likely pathogenic,"criteria provided, single submitter"
4709571,Likely pathogenic,"criteria provided, single submitter"
4731933,Likely pathogenic,"criteria provided, single submitter"
4817963,Pathogenic,"criteria provided, single submitter"
4817964,Likely pathogenic,"criteria provided, single submitter"
4817965,Pathogenic,"criteria provided, single submitter"
4817966,Likely pathogenic,"criteria provided, single submitter"
4817967,Pathogenic,"criteria provided, single submitter"
4817968,Likely pathogenic,"criteria provided, single submitter"
4850521,Likely pathogenic,"criteria provided, single submitter"
2574,Likely pathogenic,"criteria provided, single submitter"
2575,Likely pathogenic,"criteria provided, single submitter"
2576,Pathogenic,no assertion criteria provided
2577,Pathogenic,no assertion criteria provided
2579,Likely pathogenic,"criteria provided, single submitter"
2580,Pathogenic,no assertion criteria provided
2583,Pathogenic,no assertion criteria provided
2584,Pathogenic,no assertion criteria provided
280159,Pathogenic,"criteria provided, multiple submitters, no conflicts"
634436,Pathogenic/Likely pathogenic,"criteria provided, multiple submitters, no conflicts"
1284889,Pathogenic,no assertion criteria provided
1374052,Pathogenic/Likely pathogenic,"criteria provided, multiple submitters, no conflicts"
1685529,Pathogenic/Likely pathogenic,"criteria provided, multiple submitters, no conflicts"
2423146,Pathogenic,"criteria provided, single submitter"
1937520,Pathogenic,"criteria provided, single submitter"
2992672,Pathogenic,"criteria provided, single submitter"
3237335,Pathogenic,no assertion criteria provided
3362701,Pathogenic,"criteria provided, single submitter"
3583931,Likely pathogenic,"criteria provided, single submitter"
4126902,Likely pathogenic,"criteria provided, single submitter"
2873,Pathogenic/Likely pathogenic,"criteria provided, multiple submitters, no conflicts"
2874,Pathogenic,no assertion criteria provided
2875,Pathogenic/Likely pathogenic,"criteria provided, multiple submitters, no conflicts"
201127,Pathogenic/Likely pathogenic,"criteria provided, multiple submitters, no conflicts"
265939,Pathogenic/Likely pathogenic,"criteria provided, multiple submitters, no conflicts"
297692,Pathogenic/Likely pathogenic,"criteria provided, multiple submitters, no conflicts"
431555,Pathogenic,"criteria provided, single submitter"
438337,Likely pathogenic,"criteria provided, single submitter"
440706,Pathogenic,no assertion criteria provided
440712,Pathogenic,no assertion criteria provided
440715,Pathogenic,no assertion criteria provided
440721,Pathogenic,no assertion criteria provided
440722,Pathogenic,no assertion criteria provided
440725,Pathogenic,no assertion criteria provided
1015123,Likely pathogenic,"criteria provided, single submitter"
1068052,Likely pathogenic,"criteria provided, single submitter"
1120257,Likely pathogenic,"criteria provided, single submitter"
2027927,Pathogenic,"criteria provided, single submitter"
4277664,Likely pathogenic,"criteria provided, single submitter"
3656,Pathogenic,no assertion criteria provided
3657,Pathogenic,no assertion criteria provided
3658,Pathogenic,no assertion criteria provided
3659,Pathogenic,no assertion criteria provided
3660,Pathogenic,"criteria provided, multiple submitters, no conflicts"
3661,Pathogenic,"criteria provided, multiple submitters, no conflicts"
3662,Pathogenic,"criteria provided, multiple submitters, no conflicts"
3665,Pathogenic,no assertion criteria provided
3666,Pathogenic,no assertion criteria provided
3668,Likely pathogenic,"criteria provided, single submitter"
3669,Pathogenic,no assertion criteria provided
3670,Pathogenic/Likely pathogenic,"criteria provided, multiple submitters, no conflicts"
3671,Pathogenic/Likely pathogenic,"criteria provided, multiple submitters, no conflicts"
3672,Pathogenic,no assertion criteria provided
3673,Pathogenic,no assertion criteria provided
3674,Pathogenic,no assertion criteria provided
626357,Pathogenic,"criteria provided, single submitter"
626358,Pathogenic,"criteria provided, single submitter"
632262,Likely pathogenic,"criteria provided, multiple submitters, no conflicts"
1338728,Likely pathogenic,"criteria provided, single submitter"
1454135,Pathogenic/Likely pathogenic,"criteria provided, multiple submitters, no conflicts"
1458807,Pathogenic/Likely pathogenic,"criteria provided, multiple submitters, no conflicts"
1764448,Likely pathogenic,"criteria provided, multiple submitters, no conflicts"
1969478,Pathogenic,"criteria provided, single submitter"
2585273,Likely pathogenic,"criteria provided, single submitter"
2631093,Likely pathogenic,"criteria provided, multiple submitters, no conflicts"
2736369,Pathogenic,"criteria provided, single submitter"
2879462,Pathogenic,"criteria provided, single submitter"
3067749,Likely pathogenic,"criteria provided, single submitter"
3581201,Likely pathogenic,"criteria provided, single submitter"
3581202,Likely pathogenic,"criteria provided, single submitter"
3581207,Pathogenic,"criteria provided, single submitter"
3581208,Pathogenic/Likely pathogenic,"criteria provided, multiple submitters, no conflicts"
3581209,Likely pathogenic,"criteria provided, single submitter"
3581214,Likely pathogenic,"criteria provided, single submitter"
3581217,Likely pathogenic,"criteria provided, single submitter"
3581220,Likely pathogenic,"criteria provided, single submitter"
4081488,Likely pathogenic,"criteria provided, single submitter"
4614481,Likely pathogenic,"criteria provided, single submitter"
3683,Pathogenic,reviewed by expert panel
3685,Pathogenic,reviewed by expert panel
3686,Pathogenic,reviewed by expert panel
3688,Pathogenic/Likely pathogenic,"criteria provided, multiple submitters, no conflicts"
3689,Likely pathogenic,reviewed by expert panel
3690,Pathogenic,reviewed by expert panel
3691,Pathogenic,reviewed by expert panel
3692,Pathogenic,reviewed by expert panel
3695,Pathogenic,reviewed by expert panel
3696,Pathogenic,reviewed by expert panel
3697,Pathogenic/Likely pathogenic,"criteria provided, multiple submitters, no conflicts"
3698,Pathogenic/Likely pathogenic,"criteria provided, multiple submitters, no conflicts"
3699,Pathogenic/Likely pathogenic,"criteria provided, multiple submitters, no conflicts"
3701,Pathogenic/Likely pathogenic,"criteria provided, multiple submitters, no conflicts"
3702,Pathogenic/Likely pathogenic,"criteria provided, multiple submitters, no conflicts"
3703,Pathogenic,"criteria provided, multiple submitters, no conflicts"
3704,Pathogenic/Likely pathogenic,"criteria provided, multiple submitters, no conflicts"
3705,Pathogenic,"criteria provided, multiple submitters, no conflicts"
3706,Pathogenic/Likely pathogenic,"criteria provided, multiple submitters, no conflicts"
3709,Pathogenic,no assertion criteria provided
3710,Pathogenic,"criteria provided, multiple submitters, no conflicts"
3711,Pathogenic,no assertion criteria provided
3713,Pathogenic,"criteria provided, single submitter"
3715,Pathogenic,no assertion criteria provided
3716,Pathogenic,no assertion criteria provided
3722,Pathogenic,no assertion criteria provided
3723,Pathogenic,no assertion criteria provided
3724,Pathogenic/Likely pathogenic,"criteria provided, multiple submitters, no conflicts"
3726,Pathogenic/Likely pathogenic,"criteria provided, multiple submitters, no conflicts"
3727,Pathogenic/Likely pathogenic,"criteria provided, multiple submitters, no conflicts"
3729,Pathogenic,"criteria provided, multiple submitters, no conflicts"
3730,Pathogenic/Likely pathogenic,"criteria provided, multiple submitters, no conflicts"
3731,Pathogenic/Likely pathogenic,"criteria provided, multiple submitters, no conflicts"
3732,Pathogenic/Likely pathogenic,"criteria provided, multiple submitters, no conflicts"
3733,Pathogenic/Likely pathogenic,"criteria provided, multiple submitters, no conflicts"
3734,Likely pathogenic,reviewed by expert panel
3736,Pathogenic,reviewed by expert panel
3738,Pathogenic/Likely pathogenic,"criteria provided, multiple submitters, no conflicts"
3739,Pathogenic,reviewed by expert panel
3740,Pathogenic/Likely pathogenic,"criteria provided, multiple submitters, no conflicts"
3741,Pathogenic/Likely pathogenic,"criteria provided, multiple submitters, no conflicts"
3742,Likely pathogenic,"criteria provided, multiple submitters, no conflicts"
3743,Likely pathogenic,"criteria provided, single submitter"
3744,Pathogenic,reviewed by expert panel
3746,Likely pathogenic,reviewed by expert panel
3747,Pathogenic/Likely pathogenic,"criteria provided, multiple submitters, no conflicts"
30627,Pathogenic/Likely pathogenic,"criteria provided, multiple submitters, no conflicts"
36450,Likely pathogenic,reviewed by expert panel
36453,Likely pathogenic,reviewed by expert panel
36454,Likely pathogenic,reviewed by expert panel
36455,Pathogenic/Likely pathogenic,"criteria provided, multiple submitters, no conflicts"
36458,Pathogenic/Likely pathogenic,"criteria provided, multiple submitters, no conflicts"
36463,Likely pathogenic,"criteria provided, multiple submitters, no conflicts"
68100,Pathogenic/Likely pathogenic,"criteria provided, multiple submitters, no conflicts"
68103,Pathogenic,"criteria provided, multiple submitters, no conflicts"
161269,Pathogenic,reviewed by expert panel
161266,Pathogenic,reviewed by expert panel
161287,Pathogenic,reviewed by expert panel
161268,Pathogenic,reviewed by expert panel
161267,Pathogenic/Likely pathogenic,"criteria provided, multiple submitters, no conflicts"
161276,Likely pathogenic,reviewed by expert panel
161277,Pathogenic,reviewed by expert panel
161284,Pathogenic,reviewed by expert panel
161270,Pathogenic/Likely pathogenic,"criteria provided, multiple submitters, no conflicts"
161285,Pathogenic,reviewed by expert panel
161271,Pathogenic,reviewed by expert panel
161290,Pathogenic,reviewed by expert panel
161265,Likely pathogenic,reviewed by expert panel
162499,Pathogenic,reviewed by expert panel
180403,Pathogenic,"criteria provided, multiple submitters, no conflicts"
180402,Pathogenic/Likely pathogenic,"criteria provided, multiple submitters, no conflicts"
183083,Likely pathogenic,reviewed by expert panel
183085,Likely pathogenic,reviewed by expert panel
183136,Pathogenic/Likely pathogenic,"criteria provided, multiple submitters, no conflicts"
183089,Likely pathogenic,reviewed by expert panel
183091,Pathogenic/Likely pathogenic,"criteria provided, multiple submitters, no conflicts"
183092,Pathogenic,reviewed by expert panel
183093,Pathogenic/Likely pathogenic,"criteria provided, multiple submitters, no conflicts"
183098,Likely pathogenic,reviewed by expert panel
183105,Likely pathogenic,reviewed by expert panel
183106,Pathogenic,reviewed by expert panel
183108,Likely pathogenic,reviewed by expert panel
183109,Likely pathogenic,reviewed by expert panel
183110,Pathogenic/Likely pathogenic,"criteria provided, multiple submitters, no conflicts"
183113,Likely pathogenic,reviewed by expert panel
183116,Pathogenic,reviewed by expert panel
183124,Likely pathogenic,reviewed by expert panel
183126,Pathogenic,reviewed by expert panel
183128,Likely pathogenic,reviewed by expert panel
189296,Pathogenic,reviewed by expert panel
189298,Pathogenic,reviewed by expert panel
200924,Pathogenic,no assertion criteria provided
200918,Pathogenic/Likely pathogenic,"criteria provided, multiple submitters, no conflicts"
200919,Pathogenic/Likely pathogenic,"criteria provided, multiple submitters, no conflicts"
200920,Pathogenic,reviewed by expert panel
200921,Pathogenic,reviewed by expert panel
200922,Pathogenic,reviewed by expert panel
200923,Likely pathogenic,reviewed by expert panel
222688,Pathogenic/Likely pathogenic,"criteria provided, multiple submitters, no conflicts"
222689,Pathogenic,"criteria provided, multiple submitters, no conflicts"
224616,Pathogenic/Likely pathogenic,"criteria provided, multiple submitters, no conflicts"
225097,Likely pathogenic,reviewed by expert panel
225180,Likely pathogenic,"criteria provided, single submitter"
225182,Pathogenic/Likely pathogenic,"criteria provided, multiple submitters, no conflicts"
225183,Pathogenic/Likely pathogenic,"criteria provided, multiple submitters, no conflicts"
226404,Pathogenic,no assertion criteria provided
226405,Pathogenic,no assertion criteria provided
226407,Pathogenic,no assertion criteria provided
226400,Pathogenic,no assertion criteria provided
226401,Pathogenic,"criteria provided, multiple submitters, no conflicts"
226397,Pathogenic,"criteria provided, multiple submitters, no conflicts"
226403,Pathogenic,no assertion criteria provided
226399,Pathogenic,"criteria provided, single submitter"
226406,Pathogenic,no assertion criteria provided
226303,Pathogenic,"criteria provided, multiple submitters, no conflicts"
226304,Pathogenic,reviewed by expert panel
226305,Pathogenic/Likely pathogenic,"criteria provided, multiple submitters, no conflicts"
226306,Pathogenic/Likely pathogenic,"criteria provided, multiple submitters, no conflicts"
226307,Pathogenic,"criteria provided, multiple submitters, no conflicts"
226308,Likely pathogenic,"criteria provided, multiple submitters, no conflicts"
226309,Pathogenic,"criteria provided, multiple submitters, no conflicts"
226311,Pathogenic,"criteria provided, multiple submitters, no conflicts"
226312,Pathogenic/Likely pathogenic,"criteria provided, multiple submitters, no conflicts"
226313,Pathogenic,reviewed by expert panel
226314,Pathogenic,"criteria provided, multiple submitters, no conflicts"
226315,Pathogenic/Likely pathogenic,"criteria provided, multiple submitters, no conflicts"
226316,Pathogenic/Likely pathogenic,"criteria provided, multiple submitters, no conflicts"
226317,Pathogenic/Likely pathogenic,"criteria provided, multiple submitters, no conflicts"
226318,Pathogenic,"criteria provided, single submitter"
226319,Pathogenic/Likely pathogenic,"criteria provided, multiple submitters, no conflicts"
226320,Pathogenic/Likely pathogenic,"criteria provided, multiple submitters, no conflicts"
226322,Pathogenic/Likely pathogenic,"criteria provided, multiple submitters, no conflicts"
226323,Likely pathogenic,"criteria provided, multiple submitters, no conflicts"
226324,Pathogenic/Likely pathogenic,"criteria provided, multiple submitters, no conflicts"
226325,Pathogenic,"criteria provided, multiple submitters, no conflicts"
226326,Pathogenic/Likely pathogenic,"criteria provided, multiple submitters, no conflicts"
226328,Pathogenic/Likely pathogenic,"criteria provided, multiple submitters, no conflicts"
226329,Pathogenic,reviewed by expert panel
226330,Pathogenic,"criteria provided, multiple submitters, no conflicts"
226331,Pathogenic/Likely pathogenic,"criteria provided, multiple submitters, no conflicts"
226332,Likely pathogenic,reviewed by expert panel
226333,Pathogenic,reviewed by expert panel
226334,Pathogenic,reviewed by expert panel
226335,Pathogenic,"criteria provided, single submitter"
226336,Likely pathogenic,reviewed by expert panel
226337,Pathogenic/Likely pathogenic,"criteria provided, multiple submitters, no conflicts"
226339,Pathogenic/Likely pathogenic,"criteria provided, multiple submitters, no conflicts"
226338,Pathogenic/Likely pathogenic,"criteria provided, multiple submitters, no conflicts"
226340,Pathogenic/Likely pathogenic,"criteria provided, multiple submitters, no conflicts"
226344,Pathogenic/Likely pathogenic,"criteria provided, multiple submitters, no conflicts"
226341,Pathogenic,"criteria provided, multiple submitters, no conflicts"
226342,Pathogenic,reviewed by expert panel
226343,Likely pathogenic,reviewed by expert panel
226345,Pathogenic/Likely pathogenic,"criteria provided, multiple submitters, no conflicts"
226346,Pathogenic/Likely pathogenic,"criteria provided, multiple submitters, no conflicts"
226347,Pathogenic/Likely pathogenic,"criteria provided, multiple submitters, no conflicts"
226348,Pathogenic,"criteria provided, multiple submitters, no conflicts"
226349,Pathogenic/Likely pathogenic,"criteria provided, multiple submitters, no conflicts"
226350,Likely pathogenic,reviewed by expert panel
226351,Pathogenic,reviewed by expert panel
226352,Likely pathogenic,reviewed by expert panel
226353,Pathogenic,reviewed by expert panel
226355,Pathogenic,"criteria provided, multiple submitters, no conflicts"
226356,Pathogenic,"criteria provided, multiple submitters, no conflicts"
226357,Pathogenic,"criteria provided, multiple submitters, no conflicts"
226358,Pathogenic,no assertion criteria provided
226363,Pathogenic,reviewed by expert panel
226364,Pathogenic,"criteria provided, multiple submitters, no conflicts"
226366,Pathogenic/Likely pathogenic,"criteria provided, multiple submitters, no conflicts"
226367,Pathogenic/Likely pathogenic,"criteria provided, multiple submitters, no conflicts"
226369,Pathogenic,"criteria provided, multiple submitters, no conflicts"
226370,Pathogenic,"criteria provided, multiple submitters, no conflicts"
226371,Pathogenic/Likely pathogenic,"criteria provided, multiple submitters, no conflicts"
226372,Pathogenic/Likely pathogenic,"criteria provided, multiple submitters, no conflicts"
226374,Likely pathogenic,"criteria provided, multiple submitters, no conflicts"
226375,Pathogenic/Likely pathogenic,"criteria provided, multiple submitters, no conflicts"
226298,Pathogenic,no assertion criteria provided
226377,Pathogenic/Likely pathogenic,"criteria provided, multiple submitters, no conflicts"
226379,Pathogenic,reviewed by expert panel
226380,Pathogenic,reviewed by expert panel
226381,Pathogenic,"criteria provided, multiple submitters, no conflicts"
226382,Likely pathogenic,reviewed by expert panel
226383,Pathogenic,"criteria provided, multiple submitters, no conflicts"
226384,Pathogenic/Likely pathogenic,"criteria provided, multiple submitters, no conflicts"
226385,Pathogenic/Likely pathogenic,"criteria provided, multiple submitters, no conflicts"
226386,Likely pathogenic,"criteria provided, single submitter"
226388,Pathogenic,"criteria provided, multiple submitters, no conflicts"
226390,Pathogenic,"criteria provided, multiple submitters, no conflicts"
226391,Pathogenic/Likely pathogenic,"criteria provided, multiple submitters, no conflicts"
226392,Pathogenic,"criteria provided, single submitter"
226393,Pathogenic/Likely pathogenic,"criteria provided, multiple submitters, no conflicts"
226395,Likely pathogenic,"criteria provided, multiple submitters, no conflicts"
226398,Pathogenic,no assertion criteria provided
228798,Likely pathogenic,reviewed by expert panel
228357,Pathogenic,"criteria provided, multiple submitters, no conflicts"
237860,Pathogenic,"criteria provided, multiple submitters, no conflicts"
237864,Pathogenic/Likely pathogenic,"criteria provided, multiple submitters, no conflicts"
237872,Pathogenic,reviewed by expert panel
237870,Pathogenic,"criteria provided, single submitter"
237865,Pathogenic/Likely pathogenic,"criteria provided, multiple submitters, no conflicts"
250924,Pathogenic,"criteria provided, multiple submitters, no conflicts"
250941,Likely pathogenic,"criteria provided, single submitter"
250945,Pathogenic/Likely pathogenic,"criteria provided, multiple submitters, no conflicts"
250946,Likely pathogenic,reviewed by expert panel
250955,Pathogenic/Likely pathogenic,"criteria provided, multiple submitters, no conflicts"
250966,Pathogenic,reviewed by expert panel
250967,Likely pathogenic,reviewed by expert panel
250968,Pathogenic,reviewed by expert panel
250969,Likely pathogenic,reviewed by expert panel
250972,Pathogenic,"criteria provided, multiple submitters, no conflicts"
250973,Pathogenic,"criteria provided, multiple submitters, no conflicts"
250975,Likely pathogenic,"criteria provided, multiple submitters, no conflicts"
250976,Pathogenic/Likely pathogenic,"criteria provided, multiple submitters, no conflicts"
250974,Pathogenic,"criteria provided, single submitter"
250977,Pathogenic,"criteria provided, multiple submitters, no conflicts"
250978,Pathogenic,"criteria provided, single submitter"
250979,Pathogenic,"criteria provided, multiple submitters, no conflicts"
250981,Likely pathogenic,reviewed by expert panel
250986,Pathogenic,"criteria provided, single submitter"
250987,Pathogenic/Likely pathogenic,"criteria provided, multiple submitters, no conflicts"
250989,Pathogenic/Likely pathogenic,"criteria provided, multiple submitters, no conflicts"
250990,Pathogenic,"criteria provided, single submitter"
250991,Likely pathogenic,"criteria provided, single submitter"
250992,Pathogenic/Likely pathogenic,"criteria provided, multiple submitters, no conflicts"
250993,Pathogenic/Likely pathogenic,"criteria provided, multiple submitters, no conflicts"
251005,Pathogenic,"criteria provided, multiple submitters, no conflicts"
251006,Pathogenic,"criteria provided, single submitter"
251007,Pathogenic,"criteria provided, single submitter"
251008,Pathogenic,"criteria provided, multiple submitters, no conflicts"
251009,Pathogenic/Likely pathogenic,"criteria provided, multiple submitters, no conflicts"
251011,Pathogenic,"criteria provided, single submitter"
251014,Pathogenic,"criteria provided, multiple submitters, no conflicts"
251015,Pathogenic,"criteria provided, single submitter"
251016,Likely pathogenic,"criteria provided, single submitter"
251017,Pathogenic,"criteria provided, single submitter"
251018,Pathogenic/Likely pathogenic,"criteria provided, multiple submitters, no conflicts"
251019,Likely pathogenic,"criteria provided, single submitter"
251020,Pathogenic,"criteria provided, multiple submitters, no conflicts"
251021,Pathogenic,"criteria provided, multiple submitters, no conflicts"
251023,Pathogenic,"criteria provided, multiple submitters, no conflicts"
251024,Pathogenic,"criteria provided, multiple submitters, no conflicts"
251025,Pathogenic,"criteria provided, multiple submitters, no conflicts"
251026,Pathogenic,"criteria provided, multiple submitters, no conflicts"
251027,Pathogenic,"criteria provided, multiple submitters, no conflicts"
251028,Pathogenic,"criteria provided, multiple submitters, no conflicts"
251029,Pathogenic,"criteria provided, single submitter"
251030,Pathogenic/Likely pathogenic,"criteria provided, multiple submitters, no conflicts"
251031,Likely pathogenic,"criteria provided, single submitter"
251032,Pathogenic/Likely pathogenic,"criteria provided, multiple submitters, no conflicts"
251033,Likely pathogenic,"criteria provided, multiple submitters, no conflicts"
251036,Pathogenic,"criteria provided, single submitter"
251039,Pathogenic,"criteria provided, multiple submitters, no conflicts"
251043,Likely pathogenic,"criteria provided, single submitter"
251042,Pathogenic,"criteria provided, single submitter"
251044,Likely pathogenic,"criteria provided, multiple submitters, no conflicts"
251045,Pathogenic,"criteria provided, single submitter"
251046,Pathogenic/Likely pathogenic,"criteria provided, multiple submitters, no conflicts"
251048,Pathogenic/Likely pathogenic,"criteria provided, multiple submitters, no conflicts"
251049,Pathogenic/Likely pathogenic,"criteria provided, multiple submitters, no conflicts"
251051,Pathogenic/Likely pathogenic,"criteria provided, multiple submitters, no conflicts"
251050,Pathogenic/Likely pathogenic,"criteria provided, multiple submitters, no conflicts"
251054,Pathogenic,"criteria provided, multiple submitters, no conflicts"
251055,Pathogenic,"criteria provided, single submitter"
251057,Pathogenic/Likely pathogenic,"criteria provided, multiple submitters, no conflicts"
251071,Pathogenic/Likely pathogenic,"criteria provided, multiple submitters, no conflicts"
251072,Pathogenic,"criteria provided, single submitter"
251073,Pathogenic,"criteria provided, single submitter"
251074,Pathogenic,"criteria provided, multiple submitters, no conflicts"
251075,Pathogenic,"criteria provided, multiple submitters, no conflicts"
251076,Pathogenic,"criteria provided, single submitter"
251077,Pathogenic/Likely pathogenic,"criteria provided, multiple submitters, no conflicts"
251078,Pathogenic,"criteria provided, multiple submitters, no conflicts"
251079,Pathogenic/Likely pathogenic,"criteria provided, multiple submitters, no conflicts"
251080,Likely pathogenic,"criteria provided, single submitter"
251082,Pathogenic/Likely pathogenic,"criteria provided, multiple submitters, no conflicts"
251083,Pathogenic,"criteria provided, single submitter"
251084,Pathogenic,"criteria provided, multiple submitters, no conflicts"
251086,Pathogenic,"criteria provided, multiple submitters, no conflicts"
251089,Pathogenic,"criteria provided, single submitter"
251091,Pathogenic/Likely pathogenic,"criteria provided, multiple submitters, no conflicts"
251090,Pathogenic,"criteria provided, multiple submitters, no conflicts"
251092,Pathogenic/Likely pathogenic,"criteria provided, multiple submitters, no conflicts"
251093,Pathogenic/Likely pathogenic,"criteria provided, multiple submitters, no conflicts"
251098,Pathogenic,"criteria provided, single submitter"
251100,Pathogenic,reviewed by expert panel
251099,Pathogenic,"criteria provided, multiple submitters, no conflicts"
251102,Likely pathogenic,reviewed by expert panel
251103,Likely pathogenic,"criteria provided, multiple submitters, no conflicts"
251104,Pathogenic/Likely pathogenic,"criteria provided, multiple submitters, no conflicts"
251105,Pathogenic,reviewed by expert panel
251106,Likely pathogenic,reviewed by expert panel
251107,Pathogenic,reviewed by expert panel
251109,Likely pathogenic,"criteria provided, multiple submitters, no conflicts"
251110,Pathogenic/Likely pathogenic,"criteria provided, multiple submitters, no conflicts"
251111,Pathogenic/Likely pathogenic,"criteria provided, multiple submitters, no conflicts"
251112,Likely pathogenic,reviewed by expert panel
251113,Likely pathogenic,reviewed by expert panel
251114,Pathogenic/Likely pathogenic,"criteria provided, multiple submitters, no conflicts"
251115,Pathogenic,"criteria provided, multiple submitters, no conflicts"
251120,Pathogenic,"criteria provided, single submitter"
251121,Likely pathogenic,reviewed by expert panel
251122,Likely pathogenic,reviewed by expert panel
251125,Pathogenic,"criteria provided, multiple submitters, no conflicts"
251124,Pathogenic,"criteria provided, single submitter"
251126,Pathogenic,"criteria provided, multiple submitters, no conflicts"
251129,Pathogenic/Likely pathogenic,"criteria provided, multiple submitters, no conflicts"
251128,Pathogenic,"criteria provided, multiple submitters, no conflicts"
251130,Likely pathogenic,reviewed by expert panel
251131,Likely pathogenic,"criteria provided, single submitter"
251134,Pathogenic/Likely pathogenic,"criteria provided, multiple submitters, no conflicts"
251133,Pathogenic/Likely pathogenic,"criteria provided, multiple submitters, no conflicts"
251135,Pathogenic/Likely pathogenic,"criteria provided, multiple submitters, no conflicts"
251136,Pathogenic/Likely pathogenic,"criteria provided, multiple submitters, no conflicts"
251137,Likely pathogenic,"criteria provided, multiple submitters, no conflicts"
251140,Pathogenic/Likely pathogenic,"criteria provided, multiple submitters, no conflicts"
251142,Pathogenic/Likely pathogenic,"criteria provided, multiple submitters, no conflicts"
251148,Pathogenic/Likely pathogenic,"criteria provided, multiple submitters, no conflicts"
251149,Likely pathogenic,"criteria provided, multiple submitters, no conflicts"
251150,Pathogenic,"criteria provided, multiple submitters, no conflicts"
251151,Pathogenic,"criteria provided, multiple submitters, no conflicts"
251152,Pathogenic,"criteria provided, single submitter"
251154,Pathogenic/Likely pathogenic,"criteria provided, multiple submitters, no conflicts"
251155,Pathogenic,"criteria provided, single submitter"
251157,Pathogenic/Likely pathogenic,"criteria provided, multiple submitters, no conflicts"
251158,Pathogenic,"criteria provided, single submitter"
251159,Pathogenic,"criteria provided, single submitter"
251160,Pathogenic,"criteria provided, multiple submitters, no conflicts"
251161,Pathogenic,"criteria provided, multiple submitters, no conflicts"
251162,Likely pathogenic,reviewed by expert panel
251163,Pathogenic/Likely pathogenic,"criteria provided, multiple submitters, no conflicts"
251166,Likely pathogenic,"criteria provided, single submitter"
251164,Likely pathogenic,"criteria provided, single submitter"
251165,Likely pathogenic,"criteria provided, multiple submitters, no conflicts"
251168,Pathogenic,"criteria provided, multiple submitters, no conflicts"
251169,Pathogenic,"criteria provided, multiple submitters, no conflicts"
251170,Likely pathogenic,"criteria provided, single submitter"
251171,Pathogenic,"criteria provided, single submitter"
251172,Pathogenic,"criteria provided, single submitter"
251173,Likely pathogenic,"criteria provided, multiple submitters, no conflicts"
251174,Pathogenic/Likely pathogenic,"criteria provided, multiple submitters, no conflicts"
251175,Likely pathogenic,"criteria provided, single submitter"
251176,Pathogenic/Likely pathogenic,"criteria provided, multiple submitters, no conflicts"
251177,Likely pathogenic,"criteria provided, multiple submitters, no conflicts"
251178,Likely pathogenic,"criteria provided, single submitter"
251179,Pathogenic,"criteria provided, single submitter"
251182,Pathogenic,"criteria provided, multiple submitters, no conflicts"
251183,Pathogenic,"criteria provided, multiple submitters, no conflicts"
251186,Pathogenic,"criteria provided, single submitter"
251187,Pathogenic,"criteria provided, multiple submitters, no conflicts"
251188,Pathogenic,"criteria provided, multiple submitters, no conflicts"
251189,Likely pathogenic,"criteria provided, single submitter"
251190,Likely pathogenic,"criteria provided, single submitter"
251191,Pathogenic/Likely pathogenic,"criteria provided, multiple submitters, no conflicts"
251193,Pathogenic/Likely pathogenic,"criteria provided, multiple submitters, no conflicts"
251192,Pathogenic,"criteria provided, multiple submitters, no conflicts"
251194,Likely pathogenic,"criteria provided, single submitter"
251195,Likely pathogenic,"criteria provided, single submitter"
251198,Pathogenic,"criteria provided, single submitter"
251199,Pathogenic,"criteria provided, single submitter"
251201,Pathogenic,"criteria provided, single submitter"
251203,Pathogenic/Likely pathogenic,"criteria provided, multiple submitters, no conflicts"
251204,Pathogenic/Likely pathogenic,"criteria provided, multiple submitters, no conflicts"
251205,Likely pathogenic,"criteria provided, single submitter"
251206,Likely pathogenic,"criteria provided, multiple submitters, no conflicts"
251208,Pathogenic/Likely pathogenic,"criteria provided, multiple submitters, no conflicts"
251209,Likely pathogenic,"criteria provided, multiple submitters, no conflicts"
251210,Likely pathogenic,"criteria provided, single submitter"
251211,Pathogenic/Likely pathogenic,"criteria provided, multiple submitters, no conflicts"
251212,Pathogenic/Likely pathogenic,"criteria provided, multiple submitters, no conflicts"
251213,Pathogenic,reviewed by expert panel
251214,Pathogenic,"criteria provided, multiple submitters, no conflicts"
251215,Pathogenic/Likely pathogenic,"criteria provided, multiple submitters, no conflicts"
251216,Pathogenic/Likely pathogenic,"criteria provided, multiple submitters, no conflicts"
251217,Pathogenic/Likely pathogenic,"criteria provided, multiple submitters, no conflicts"
251218,Pathogenic,"criteria provided, multiple submitters, no conflicts"
251219,Pathogenic/Likely pathogenic,"criteria provided, multiple submitters, no conflicts"
251220,Pathogenic/Likely pathogenic,"criteria provided, multiple submitters, no conflicts"
251221,Pathogenic,"criteria provided, single submitter"
251223,Likely pathogenic,reviewed by expert panel
251224,Pathogenic/Likely pathogenic,"criteria provided, multiple submitters, no conflicts"
251225,Pathogenic/Likely pathogenic,"criteria provided, multiple submitters, no conflicts"
251227,Pathogenic/Likely pathogenic,"criteria provided, multiple submitters, no conflicts"
251228,Likely pathogenic,"criteria provided, single submitter"
251231,Pathogenic,"criteria provided, multiple submitters, no conflicts"
251232,Likely pathogenic,"criteria provided, multiple submitters, no conflicts"
251235,Likely pathogenic,"criteria provided, multiple submitters, no conflicts"
251236,Likely pathogenic,"criteria provided, single submitter"
251237,Pathogenic/Likely pathogenic,"criteria provided, multiple submitters, no conflicts"
251238,Pathogenic/Likely pathogenic,"criteria provided, multiple submitters, no conflicts"
251239,Pathogenic/Likely pathogenic,"criteria provided, multiple submitters, no conflicts"
251240,Pathogenic/Likely pathogenic,"criteria provided, multiple submitters, no conflicts"
251241,Likely pathogenic,"criteria provided, multiple submitters, no conflicts"
251242,Pathogenic,"criteria provided, multiple submitters, no conflicts"
251243,Pathogenic,"criteria provided, single submitter"
251244,Pathogenic,"criteria provided, multiple submitters, no conflicts"
251245,Likely pathogenic,"criteria provided, multiple submitters, no conflicts"
251247,Pathogenic/Likely pathogenic,"criteria provided, multiple submitters, no conflicts"
251248,Pathogenic/Likely pathogenic,"criteria provided, multiple submitters, no conflicts"
251250,Pathogenic,"criteria provided, multiple submitters, no conflicts"
251253,Likely pathogenic,"criteria provided, single submitter"
251254,Pathogenic,"criteria provided, multiple submitters, no conflicts"
251255,Pathogenic/Likely pathogenic,"criteria provided, multiple submitters, no conflicts"
251256,Pathogenic/Likely pathogenic,"criteria provided, multiple submitters, no conflicts"
251257,Pathogenic/Likely pathogenic,"criteria provided, multiple submitters, no conflicts"
251258,Pathogenic/Likely pathogenic,"criteria provided, multiple submitters, no conflicts"
251259,Pathogenic/Likely pathogenic,"criteria provided, multiple submitters, no conflicts"
251260,Likely pathogenic,"criteria provided, multiple submitters, no conflicts"
251262,Likely pathogenic,"criteria provided, single submitter"
251263,Pathogenic,"criteria provided, single submitter"
251264,Pathogenic,"criteria provided, multiple submitters, no conflicts"
251265,Pathogenic,"criteria provided, multiple submitters, no conflicts"
251266,Pathogenic/Likely pathogenic,"criteria provided, multiple submitters, no conflicts"
251267,Pathogenic/Likely pathogenic,"criteria provided, multiple submitters, no conflicts"
251268,Pathogenic/Likely pathogenic,"criteria provided, multiple submitters, no conflicts"
251269,Pathogenic/Likely pathogenic,"criteria provided, multiple submitters, no conflicts"
251271,Likely pathogenic,"criteria provided, multiple submitters, no conflicts"
251270,Likely pathogenic,"criteria provided, single submitter"
251272,Pathogenic/Likely pathogenic,"criteria provided, multiple submitters, no conflicts"
251273,Likely pathogenic,"criteria provided, multiple submitters, no conflicts"
251275,Likely pathogenic,"criteria provided, multiple submitters, no conflicts"
251274,Pathogenic,"criteria provided, multiple submitters, no conflicts"
251276,Pathogenic/Likely pathogenic,"criteria provided, multiple submitters, no conflicts"
251277,Pathogenic/Likely pathogenic,"criteria provided, multiple submitters, no conflicts"
251278,Likely pathogenic,"criteria provided, multiple submitters, no conflicts"
251279,Likely pathogenic,"criteria provided, single submitter"
251280,Pathogenic,"criteria provided, multiple submitters, no conflicts"
251281,Likely pathogenic,"criteria provided, multiple submitters, no conflicts"
251283,Likely pathogenic,"criteria provided, multiple submitters, no conflicts"
251284,Pathogenic/Likely pathogenic,"criteria provided, multiple submitters, no conflicts"
251285,Likely pathogenic,"criteria provided, single submitter"
251282,Pathogenic,"criteria provided, multiple submitters, no conflicts"
251286,Pathogenic/Likely pathogenic,"criteria provided, multiple submitters, no conflicts"
251287,Pathogenic/Likely pathogenic,"criteria provided, multiple submitters, no conflicts"
251289,Pathogenic,"criteria provided, multiple submitters, no conflicts"
251290,Likely pathogenic,"criteria provided, single submitter"
251291,Pathogenic/Likely pathogenic,"criteria provided, multiple submitters, no conflicts"
251292,Pathogenic,"criteria provided, multiple submitters, no conflicts"
251294,Pathogenic/Likely pathogenic,"criteria provided, multiple submitters, no conflicts"
251293,Likely pathogenic,"criteria provided, single submitter"
251295,Pathogenic,"criteria provided, multiple submitters, no conflicts"
251296,Pathogenic,"criteria provided, single submitter"
251297,Pathogenic,"criteria provided, single submitter"
251298,Pathogenic,"criteria provided, multiple submitters, no conflicts"
251299,Pathogenic,"criteria provided, multiple submitters, no conflicts"
251301,Pathogenic,"criteria provided, multiple submitters, no conflicts"
251302,Pathogenic,"criteria provided, multiple submitters, no conflicts"
251303,Pathogenic,"criteria provided, single submitter"
251304,Pathogenic,"criteria provided, multiple submitters, no conflicts"
251305,Pathogenic,"criteria provided, multiple submitters, no conflicts"
251306,Pathogenic,"criteria provided, single submitter"
251308,Pathogenic/Likely pathogenic,"criteria provided, multiple submitters, no conflicts"
251309,Likely pathogenic,reviewed by expert panel
251310,Pathogenic,"criteria provided, multiple submitters, no conflicts"
251311,Pathogenic/Likely pathogenic,"criteria provided, multiple submitters, no conflicts"
251312,Pathogenic,"criteria provided, multiple submitters, no conflicts"
251316,Pathogenic,"criteria provided, single submitter"
251317,Likely pathogenic,"criteria provided, multiple submitters, no conflicts"
251319,Pathogenic,"criteria provided, multiple submitters, no conflicts"
251320,Likely pathogenic,"criteria provided, multiple submitters, no conflicts"
251321,Likely pathogenic,"criteria provided, single submitter"
251322,Likely pathogenic,"criteria provided, multiple submitters, no conflicts"
251323,Pathogenic,"criteria provided, multiple submitters, no conflicts"
251324,Pathogenic,"criteria provided, multiple submitters, no conflicts"
251325,Pathogenic/Likely pathogenic,"criteria provided, multiple submitters, no conflicts"
251326,Likely pathogenic,"criteria provided, single submitter"
251328,Pathogenic/Likely pathogenic,"criteria provided, multiple submitters, no conflicts"
251329,Pathogenic/Likely pathogenic,"criteria provided, multiple submitters, no conflicts"
251330,Pathogenic,"criteria provided, single submitter"
251331,Pathogenic,"criteria provided, multiple submitters, no conflicts"
251332,Pathogenic/Likely pathogenic,"criteria provided, multiple submitters, no conflicts"
251335,Pathogenic/Likely pathogenic,"criteria provided, multiple submitters, no conflicts"
251337,Pathogenic/Likely pathogenic,"criteria provided, multiple submitters, no conflicts"
251336,Pathogenic/Likely pathogenic,"criteria provided, multiple submitters, no conflicts"
251339,Likely pathogenic,"criteria provided, multiple submitters, no conflicts"
251340,Pathogenic,reviewed by expert panel
251342,Likely pathogenic,"criteria provided, multiple submitters, no conflicts"
251341,Likely pathogenic,"criteria provided, single submitter"
251343,Pathogenic,"criteria provided, single submitter"
251345,Pathogenic/Likely pathogenic,"criteria provided, multiple submitters, no conflicts"
251344,Pathogenic,"criteria provided, multiple submitters, no conflicts"
251346,Pathogenic/Likely pathogenic,"criteria provided, multiple submitters, no conflicts"
251348,Pathogenic,"criteria provided, single submitter"
251349,Likely pathogenic,"criteria provided, multiple submitters, no conflicts"
251350,Pathogenic,"criteria provided, single submitter"
251351,Pathogenic,"criteria provided, multiple submitters, no conflicts"
251352,Likely pathogenic,"criteria provided, multiple submitters, no conflicts"
251359,Pathogenic,"criteria provided, single submitter"
251356,Pathogenic,reviewed by expert panel
251354,Pathogenic,"criteria provided, single submitter"
251355,Pathogenic,"criteria provided, multiple submitters, no conflicts"
251357,Likely pathogenic,"criteria provided, multiple submitters, no conflicts"
251358,Pathogenic/Likely pathogenic,"criteria provided, multiple submitters, no conflicts"
251361,Likely pathogenic,"criteria provided, multiple submitters, no conflicts"
251360,Pathogenic,"criteria provided, single submitter"
251362,Likely pathogenic,reviewed by expert panel
251364,Pathogenic,"criteria provided, multiple submitters, no conflicts"
251365,Likely pathogenic,"criteria provided, multiple submitters, no conflicts"
251363,Pathogenic,"criteria provided, multiple submitters, no conflicts"
251366,Likely pathogenic,"criteria provided, multiple submitters, no conflicts"
251367,Pathogenic,"criteria provided, multiple submitters, no conflicts"
251370,Likely pathogenic,"criteria provided, multiple submitters, no conflicts"
251368,Pathogenic,"criteria provided, single submitter"
251369,Likely pathogenic,"criteria provided, multiple submitters, no conflicts"
251372,Pathogenic,"criteria provided, single submitter"
251373,Likely pathogenic,"criteria provided, single submitter"
251374,Pathogenic/Likely pathogenic,"criteria provided, multiple submitters, no conflicts"
251375,Pathogenic/Likely pathogenic,"criteria provided, multiple submitters, no conflicts"
251376,Likely pathogenic,"criteria provided, multiple submitters, no conflicts"
251377,Likely pathogenic,"criteria provided, multiple submitters, no conflicts"
251378,Pathogenic,"criteria provided, single submitter"
251379,Pathogenic,"criteria provided, single submitter"
251380,Pathogenic,"criteria provided, multiple submitters, no conflicts"
251381,Likely pathogenic,"criteria provided, single submitter"
251382,Pathogenic,"criteria provided, multiple submitters, no conflicts"
251384,Pathogenic/Likely pathogenic,"criteria provided, multiple submitters, no conflicts"
251383,Likely pathogenic,"criteria provided, single submitter"
251385,Likely pathogenic,"criteria provided, multiple submitters, no conflicts"
251388,Pathogenic/Likely pathogenic,"criteria provided, multiple submitters, no conflicts"
251386,Likely pathogenic,"criteria provided, single submitter"
251387,Pathogenic,"criteria provided, multiple submitters, no conflicts"
251389,Pathogenic,"criteria provided, multiple submitters, no conflicts"
251390,Pathogenic/Likely pathogenic,"criteria provided, multiple submitters, no conflicts"
251393,Pathogenic/Likely pathogenic,"criteria provided, multiple submitters, no conflicts"
251391,Pathogenic,"criteria provided, multiple submitters, no conflicts"
251392,Likely pathogenic,"criteria provided, single submitter"
251394,Pathogenic/Likely pathogenic,"criteria provided, multiple submitters, no conflicts"
251396,Pathogenic/Likely pathogenic,"criteria provided, multiple submitters, no conflicts"
251397,Pathogenic/Likely pathogenic,"criteria provided, multiple submitters, no conflicts"
251398,Pathogenic/Likely pathogenic,"criteria provided, multiple submitters, no conflicts"
251400,Likely pathogenic,reviewed by expert panel
251399,Pathogenic,"criteria provided, multiple submitters, no conflicts"
251401,Pathogenic,"criteria provided, single submitter"
251402,Pathogenic/Likely pathogenic,"criteria provided, multiple submitters, no conflicts"
251403,Pathogenic/Likely pathogenic,"criteria provided, multiple submitters, no conflicts"
251404,Likely pathogenic,"criteria provided, single submitter"
251407,Pathogenic,"criteria provided, single submitter"
251409,Pathogenic,"criteria provided, multiple submitters, no conflicts"
251411,Pathogenic,"criteria provided, single submitter"
251415,Pathogenic/Likely pathogenic,"criteria provided, multiple submitters, no conflicts"
251416,Pathogenic,"criteria provided, single submitter"
251417,Likely pathogenic,"criteria provided, multiple submitters, no conflicts"
251418,Pathogenic,"criteria provided, multiple submitters, no conflicts"
251419,Likely pathogenic,"criteria provided, single submitter"
251420,Pathogenic,"criteria provided, single submitter"
251422,Pathogenic,reviewed by expert panel
251424,Pathogenic,"criteria provided, multiple submitters, no conflicts"
251425,Likely pathogenic,reviewed by expert panel
251426,Pathogenic,"criteria provided, multiple submitters, no conflicts"
251428,Likely pathogenic,"criteria provided, single submitter"
251429,Likely pathogenic,"criteria provided, multiple submitters, no conflicts"
251430,Pathogenic/Likely pathogenic,"criteria provided, multiple submitters, no conflicts"
251431,Pathogenic,"criteria provided, single submitter"
251434,Pathogenic,"criteria provided, multiple submitters, no conflicts"
251436,Pathogenic,reviewed by expert panel
251437,Pathogenic/Likely pathogenic,"criteria provided, multiple submitters, no conflicts"
251438,Likely pathogenic,"criteria provided, single submitter"
251440,Likely pathogenic,"criteria provided, multiple submitters, no conflicts"
251441,Pathogenic/Likely pathogenic,"criteria provided, multiple submitters, no conflicts"
251443,Likely pathogenic,"criteria provided, single submitter"
251444,Pathogenic/Likely pathogenic,"criteria provided, multiple submitters, no conflicts"
251445,Likely pathogenic,"criteria provided, single submitter"
251449,Pathogenic,"criteria provided, multiple submitters, no conflicts"
251450,Pathogenic,"criteria provided, single submitter"
251451,Pathogenic,"criteria provided, multiple submitters, no conflicts"
251452,Pathogenic,"criteria provided, single submitter"
251456,Pathogenic,reviewed by expert panel
251455,Pathogenic,"criteria provided, single submitter"
251457,Likely pathogenic,reviewed by expert panel
251458,Likely pathogenic,reviewed by expert panel
251461,Likely pathogenic,"criteria provided, multiple submitters, no conflicts"
251462,Likely pathogenic,"criteria provided, single submitter"
251464,Pathogenic/Likely pathogenic,"criteria provided, multiple submitters, no conflicts"
251465,Pathogenic,"criteria provided, multiple submitters, no conflicts"
251467,Pathogenic,"criteria provided, single submitter"
251469,Pathogenic/Likely pathogenic,"criteria provided, multiple submitters, no conflicts"
251470,Likely pathogenic,"criteria provided, single submitter"
251471,Pathogenic,reviewed by expert panel
251475,Pathogenic/Likely pathogenic,"criteria provided, multiple submitters, no conflicts"
251476,Pathogenic,"criteria provided, single submitter"
251478,Pathogenic,"criteria provided, multiple submitters, no conflicts"
251479,Likely pathogenic,reviewed by expert panel
251480,Likely pathogenic,"criteria provided, multiple submitters, no conflicts"
251481,Pathogenic/Likely pathogenic,"criteria provided, multiple submitters, no conflicts"
251482,Pathogenic/Likely pathogenic,"criteria provided, multiple submitters, no conflicts"
251484,Pathogenic/Likely pathogenic,"criteria provided, multiple submitters, no conflicts"
251485,Likely pathogenic,"criteria provided, single submitter"
251488,Likely pathogenic,reviewed by expert panel
251489,Pathogenic,reviewed by expert panel
251490,Pathogenic,"criteria provided, multiple submitters, no conflicts"
251492,Likely pathogenic,reviewed by expert panel
251491,Pathogenic/Likely pathogenic,"criteria provided, multiple submitters, no conflicts"
251494,Likely pathogenic,"criteria provided, single submitter"
251495,Pathogenic,"criteria provided, multiple submitters, no conflicts"
251496,Pathogenic,"criteria provided, multiple submitters, no conflicts"
251497,Pathogenic,"criteria provided, single submitter"
251498,Likely pathogenic,"criteria provided, multiple submitters, no conflicts"
251499,Pathogenic/Likely pathogenic,"criteria provided, multiple submitters, no conflicts"
251500,Pathogenic,"criteria provided, multiple submitters, no conflicts"
251501,Pathogenic,"criteria provided, single submitter"
251504,Pathogenic,"criteria provided, multiple submitters, no conflicts"
251506,Pathogenic,"criteria provided, single submitter"
251509,Pathogenic,"criteria provided, multiple submitters, no conflicts"
251510,Likely pathogenic,reviewed by expert panel
251511,Pathogenic,"criteria provided, single submitter"
251512,Pathogenic/Likely pathogenic,"criteria provided, multiple submitters, no conflicts"
251513,Likely pathogenic,"criteria provided, single submitter"
251514,Pathogenic/Likely pathogenic,"criteria provided, multiple submitters, no conflicts"
251515,Likely pathogenic,reviewed by expert panel
251516,Pathogenic/Likely pathogenic,"criteria provided, multiple submitters, no conflicts"
251517,Likely pathogenic,reviewed by expert panel
251518,Pathogenic,"criteria provided, multiple submitters, no conflicts"
251520,Pathogenic,"criteria provided, single submitter"
251522,Pathogenic,"criteria provided, multiple submitters, no conflicts"
251523,Pathogenic,"criteria provided, single submitter"
251524,Pathogenic,"criteria provided, multiple submitters, no conflicts"
251526,Likely pathogenic,"criteria provided, multiple submitters, no conflicts"
251527,Pathogenic/Likely pathogenic,"criteria provided, multiple submitters, no conflicts"
251528,Likely pathogenic,"criteria provided, multiple submitters, no conflicts"
251530,Pathogenic,"criteria provided, multiple submitters, no conflicts"
251533,Pathogenic,"criteria provided, multiple submitters, no conflicts"
251534,Pathogenic,"criteria provided, multiple submitters, no conflicts"
251535,Pathogenic,"criteria provided, multiple submitters, no conflicts"
251536,Pathogenic,"criteria provided, single submitter"
251537,Likely pathogenic,reviewed by expert panel
251538,Likely pathogenic,"criteria provided, multiple submitters, no conflicts"
251539,Pathogenic,"criteria provided, multiple submitters, no conflicts"
251541,Pathogenic/Likely pathogenic,"criteria provided, multiple submitters, no conflicts"
251542,Pathogenic/Likely pathogenic,"criteria provided, multiple submitters, no conflicts"
251543,Pathogenic/Likely pathogenic,"criteria provided, multiple submitters, no conflicts"
251546,Pathogenic,"criteria provided, single submitter"
251547,Likely pathogenic,"criteria provided, single submitter"
251552,Likely pathogenic,reviewed by expert panel
251553,Pathogenic/Likely pathogenic,"criteria provided, multiple submitters, no conflicts"
251554,Pathogenic/Likely pathogenic,"criteria provided, multiple submitters, no conflicts"
251564,Pathogenic/Likely pathogenic,"criteria provided, multiple submitters, no conflicts"
251565,Pathogenic,"criteria provided, single submitter"
251568,Pathogenic,"criteria provided, multiple submitters, no conflicts"
251569,Pathogenic,"criteria provided, multiple submitters, no conflicts"
251570,Pathogenic/Likely pathogenic,"criteria provided, multiple submitters, no conflicts"
251571,Likely pathogenic,"criteria provided, multiple submitters, no conflicts"
251572,Pathogenic/Likely pathogenic,"criteria provided, multiple submitters, no conflicts"
251573,Pathogenic,"criteria provided, multiple submitters, no conflicts"
251574,Pathogenic/Likely pathogenic,"criteria provided, multiple submitters, no conflicts"
251576,Pathogenic,"criteria provided, single submitter"
251578,Pathogenic,"criteria provided, multiple submitters, no conflicts"
251579,Pathogenic,"criteria provided, multiple submitters, no conflicts"
251580,Likely pathogenic,reviewed by expert panel
251581,Pathogenic,reviewed by expert panel
251582,Likely pathogenic,reviewed by expert panel
251584,Pathogenic,"criteria provided, multiple submitters, no conflicts"
251585,Pathogenic/Likely pathogenic,"criteria provided, multiple submitters, no conflicts"
251586,Likely pathogenic,"criteria provided, multiple submitters, no conflicts"
251589,Pathogenic,"criteria provided, multiple submitters, no conflicts"
251590,Pathogenic,"criteria provided, multiple submitters, no conflicts"
251591,Likely pathogenic,"criteria provided, single submitter"
251592,Pathogenic/Likely pathogenic,"criteria provided, multiple submitters, no conflicts"
251593,Likely pathogenic,"criteria provided, single submitter"
251594,Pathogenic/Likely pathogenic,"criteria provided, multiple submitters, no conflicts"
251595,Pathogenic/Likely pathogenic,"criteria provided, multiple submitters, no conflicts"
251596,Pathogenic,"criteria provided, single submitter"
251598,Pathogenic,"criteria provided, multiple submitters, no conflicts"
251600,Pathogenic/Likely pathogenic,"criteria provided, multiple submitters, no conflicts"
251599,Pathogenic/Likely pathogenic,"criteria provided, multiple submitters, no conflicts"
251601,Pathogenic/Likely pathogenic,"criteria provided, multiple submitters, no conflicts"
251605,Pathogenic,reviewed by expert panel
251606,Likely pathogenic,reviewed by expert panel
251607,Pathogenic,"criteria provided, multiple submitters, no conflicts"
251608,Pathogenic,"criteria provided, multiple submitters, no conflicts"
251609,Pathogenic,"criteria provided, single submitter"
251610,Pathogenic,"criteria provided, multiple submitters, no conflicts"
251611,Pathogenic,reviewed by expert panel
251612,Pathogenic/Likely pathogenic,"criteria provided, multiple submitters, no conflicts"
251613,Pathogenic,"criteria provided, single submitter"
251614,Pathogenic,"criteria provided, single submitter"
251615,Pathogenic,"criteria provided, multiple submitters, no conflicts"
251617,Likely pathogenic,"criteria provided, multiple submitters, no conflicts"
251618,Likely pathogenic,"criteria provided, multiple submitters, no conflicts"
251616,Pathogenic,"criteria provided, single submitter"
251619,Pathogenic/Likely pathogenic,"criteria provided, multiple submitters, no conflicts"
251621,Pathogenic/Likely pathogenic,"criteria provided, multiple submitters, no conflicts"
251622,Pathogenic/Likely pathogenic,"criteria provided, multiple submitters, no conflicts"
251620,Pathogenic/Likely pathogenic,"criteria provided, multiple submitters, no conflicts"
251623,Pathogenic,"criteria provided, multiple submitters, no conflicts"
251624,Pathogenic/Likely pathogenic,"criteria provided, multiple submitters, no conflicts"
251632,Pathogenic/Likely pathogenic,"criteria provided, multiple submitters, no conflicts"
251636,Pathogenic/Likely pathogenic,"criteria provided, multiple submitters, no conflicts"
251637,Pathogenic/Likely pathogenic,"criteria provided, multiple submitters, no conflicts"
251638,Likely pathogenic,"criteria provided, multiple submitters, no conflicts"
251639,Pathogenic/Likely pathogenic,"criteria provided, multiple submitters, no conflicts"
251640,Pathogenic/Likely pathogenic,"criteria provided, multiple submitters, no conflicts"
251641,Pathogenic,"criteria provided, single submitter"
251645,Likely pathogenic,reviewed by expert panel
251646,Pathogenic,"criteria provided, multiple submitters, no conflicts"
251649,Likely pathogenic,reviewed by expert panel
251648,Likely pathogenic,"criteria provided, multiple submitters, no conflicts"
251650,Pathogenic,"criteria provided, single submitter"
251652,Pathogenic/Likely pathogenic,"criteria provided, multiple submitters, no conflicts"
251653,Pathogenic,"criteria provided, multiple submitters, no conflicts"
251655,Pathogenic,"criteria provided, multiple submitters, no conflicts"
251657,Likely pathogenic,reviewed by expert panel
251658,Likely pathogenic,"criteria provided, multiple submitters, no conflicts"
251659,Likely pathogenic,"criteria provided, single submitter"
251660,Pathogenic,"criteria provided, multiple submitters, no conflicts"
251661,Likely pathogenic,"criteria provided, multiple submitters, no conflicts"
251663,Pathogenic,"criteria provided, multiple submitters, no conflicts"
251664,Likely pathogenic,"criteria provided, single submitter"
251665,Pathogenic/Likely pathogenic,"criteria provided, multiple submitters, no conflicts"
251666,Likely pathogenic,"criteria provided, multiple submitters, no conflicts"
251667,Pathogenic,"criteria provided, multiple submitters, no conflicts"
251668,Pathogenic/Likely pathogenic,"criteria provided, multiple submitters, no conflicts"
251670,Pathogenic,"criteria provided, single submitter"
251672,Likely pathogenic,"criteria provided, multiple submitters, no conflicts"
251673,Pathogenic/Likely pathogenic,"criteria provided, multiple submitters, no conflicts"
251674,Pathogenic/Likely pathogenic,"criteria provided, multiple submitters, no conflicts"
251676,Pathogenic,"criteria provided, multiple submitters, no conflicts"
251677,Pathogenic,"criteria provided, single submitter"
251678,Pathogenic/Likely pathogenic,"criteria provided, multiple submitters, no conflicts"
251679,Pathogenic/Likely pathogenic,"criteria provided, multiple submitters, no conflicts"
251680,Pathogenic/Likely pathogenic,"criteria provided, multiple submitters, no conflicts"
251681,Pathogenic/Likely pathogenic,"criteria provided, multiple submitters, no conflicts"
251682,Pathogenic/Likely pathogenic,"criteria provided, multiple submitters, no conflicts"
251683,Pathogenic,"criteria provided, multiple submitters, no conflicts"
251684,Pathogenic,"criteria provided, single submitter"
251685,Pathogenic/Likely pathogenic,"criteria provided, multiple submitters, no conflicts"
251686,Pathogenic/Likely pathogenic,"criteria provided, multiple submitters, no conflicts"
251688,Pathogenic,"criteria provided, multiple submitters, no conflicts"
251690,Pathogenic/Likely pathogenic,"criteria provided, multiple submitters, no conflicts"
251689,Likely pathogenic,"criteria provided, multiple submitters, no conflicts"
251694,Pathogenic,"criteria provided, multiple submitters, no conflicts"
251695,Pathogenic,"criteria provided, single submitter"
251697,Pathogenic/Likely pathogenic,"criteria provided, multiple submitters, no conflicts"
251696,Pathogenic,"criteria provided, single submitter"
251699,Pathogenic,reviewed by expert panel
251698,Pathogenic,"criteria provided, multiple submitters, no conflicts"
251701,Pathogenic,"criteria provided, single submitter"
251704,Likely pathogenic,reviewed by expert panel
251703,Pathogenic,"criteria provided, single submitter"
251705,Pathogenic/Likely pathogenic,"criteria provided, multiple submitters, no conflicts"
251706,Likely pathogenic,reviewed by expert panel
251711,Pathogenic,"criteria provided, multiple submitters, no conflicts"
251712,Pathogenic,"criteria provided, multiple submitters, no conflicts"
251713,Pathogenic/Likely pathogenic,"criteria provided, multiple submitters, no conflicts"
251723,Pathogenic/Likely pathogenic,"criteria provided, multiple submitters, no conflicts"
251724,Pathogenic/Likely pathogenic,"criteria provided, multiple submitters, no conflicts"
251726,Pathogenic,"criteria provided, single submitter"
251727,Likely pathogenic,reviewed by expert panel
251728,Pathogenic,"criteria provided, multiple submitters, no conflicts"
251729,Pathogenic,"criteria provided, single submitter"
251730,Pathogenic/Likely pathogenic,"criteria provided, multiple submitters, no conflicts"
251731,Likely pathogenic,reviewed by expert panel
251733,Pathogenic,"criteria provided, multiple submitters, no conflicts"
251734,Pathogenic,"criteria provided, multiple submitters, no conflicts"
251736,Likely pathogenic,reviewed by expert panel
251738,Pathogenic/Likely pathogenic,"criteria provided, multiple submitters, no conflicts"
251740,Likely pathogenic,reviewed by expert panel
251742,Likely pathogenic,"criteria provided, single submitter"
251743,Likely pathogenic,"criteria provided, multiple submitters, no conflicts"
251744,Pathogenic,"criteria provided, single submitter"
251745,Pathogenic/Likely pathogenic,"criteria provided, multiple submitters, no conflicts"
251748,Likely pathogenic,reviewed by expert panel
251749,Likely pathogenic,reviewed by expert panel
251751,Pathogenic,"criteria provided, single submitter"
251752,Pathogenic/Likely pathogenic,"criteria provided, multiple submitters, no conflicts"
251753,Likely pathogenic,"criteria provided, multiple submitters, no conflicts"
251754,Likely pathogenic,"criteria provided, multiple submitters, no conflicts"
251755,Pathogenic,"criteria provided, multiple submitters, no conflicts"
251756,Pathogenic/Likely pathogenic,"criteria provided, multiple submitters, no conflicts"
251757,Pathogenic,"criteria provided, multiple submitters, no conflicts"
251758,Pathogenic,"criteria provided, multiple submitters, no conflicts"
251760,Pathogenic/Likely pathogenic,"criteria provided, multiple submitters, no conflicts"
251761,Likely pathogenic,"criteria provided, single submitter"
251763,Likely pathogenic,reviewed by expert panel
251767,Pathogenic,reviewed by expert panel
251769,Pathogenic,"criteria provided, single submitter"
251770,Likely pathogenic,"criteria provided, multiple submitters, no conflicts"
251771,Likely pathogenic,"criteria provided, single submitter"
251772,Likely pathogenic,"criteria provided, single submitter"
251773,Likely pathogenic,reviewed by expert panel
251774,Pathogenic,reviewed by expert panel
251776,Pathogenic,"criteria provided, single submitter"
251777,Pathogenic,"criteria provided, multiple submitters, no conflicts"
251778,Pathogenic/Likely pathogenic,"criteria provided, multiple submitters, no conflicts"
251779,Pathogenic,"criteria provided, single submitter"
251783,Pathogenic,reviewed by expert panel
251785,Likely pathogenic,"criteria provided, single submitter"
251787,Pathogenic/Likely pathogenic,"criteria provided, multiple submitters, no conflicts"
251788,Pathogenic,"criteria provided, multiple submitters, no conflicts"
251789,Pathogenic,"criteria provided, multiple submitters, no conflicts"
251790,Likely pathogenic,reviewed by expert panel
251791,Pathogenic,"criteria provided, multiple submitters, no conflicts"
251792,Pathogenic,reviewed by expert panel
251793,Likely pathogenic,reviewed by expert panel
251795,Pathogenic,"criteria provided, multiple submitters, no conflicts"
251796,Likely pathogenic,"criteria provided, single submitter"
251798,Pathogenic,"criteria provided, multiple submitters, no conflicts"
251799,Pathogenic,"criteria provided, multiple submitters, no conflicts"
251800,Likely pathogenic,"criteria provided, multiple submitters, no conflicts"
251801,Pathogenic/Likely pathogenic,"criteria provided, multiple submitters, no conflicts"
251802,Pathogenic/Likely pathogenic,"criteria provided, multiple submitters, no conflicts"
251803,Pathogenic/Likely pathogenic,"criteria provided, multiple submitters, no conflicts"
251804,Likely pathogenic,"criteria provided, single submitter"
251808,Likely pathogenic,reviewed by expert panel
251811,Pathogenic/Likely pathogenic,"criteria provided, multiple submitters, no conflicts"
251812,Likely pathogenic,reviewed by expert panel
251813,Pathogenic,"criteria provided, multiple submitters, no conflicts"
251814,Pathogenic,"criteria provided, multiple submitters, no conflicts"
251815,Pathogenic,"criteria provided, single submitter"
251816,Pathogenic,"criteria provided, multiple submitters, no conflicts"
251818,Pathogenic,"criteria provided, multiple submitters, no conflicts"
251820,Pathogenic,"criteria provided, multiple submitters, no conflicts"
251821,Pathogenic,"criteria provided, single submitter"
251822,Pathogenic,"criteria provided, single submitter"
251825,Pathogenic,"criteria provided, multiple submitters, no conflicts"
251830,Pathogenic/Likely pathogenic,"criteria provided, multiple submitters, no conflicts"
251831,Likely pathogenic,"criteria provided, single submitter"
251834,Pathogenic,"criteria provided, single submitter"
251835,Pathogenic,"criteria provided, multiple submitters, no conflicts"
251837,Likely pathogenic,"criteria provided, single submitter"
251839,Pathogenic,"criteria provided, multiple submitters, no conflicts"
251841,Likely pathogenic,"criteria provided, single submitter"
251842,Pathogenic,"criteria provided, single submitter"
251844,Likely pathogenic,reviewed by expert panel
251846,Likely pathogenic,reviewed by expert panel
251849,Pathogenic,"criteria provided, multiple submitters, no conflicts"
251856,Likely pathogenic,reviewed by expert panel
251857,Pathogenic/Likely pathogenic,"criteria provided, multiple submitters, no conflicts"
251860,Likely pathogenic,"criteria provided, multiple submitters, no conflicts"
251861,Pathogenic,"criteria provided, multiple submitters, no conflicts"
251862,Pathogenic,"criteria provided, single submitter"
251865,Likely pathogenic,reviewed by expert panel
251866,Pathogenic,"criteria provided, multiple submitters, no conflicts"
251867,Pathogenic/Likely pathogenic,"criteria provided, multiple submitters, no conflicts"
251870,Likely pathogenic,reviewed by expert panel
251871,Pathogenic/Likely pathogenic,"criteria provided, multiple submitters, no conflicts"
251872,Pathogenic,"criteria provided, multiple submitters, no conflicts"
251873,Pathogenic/Likely pathogenic,"criteria provided, multiple submitters, no conflicts"
251874,Pathogenic/Likely pathogenic,"criteria provided, multiple submitters, no conflicts"
251875,Pathogenic,"criteria provided, multiple submitters, no conflicts"
251878,Pathogenic,"criteria provided, multiple submitters, no conflicts"
251880,Pathogenic,"criteria provided, single submitter"
251883,Likely pathogenic,"criteria provided, single submitter"
251884,Pathogenic,"criteria provided, single submitter"
251885,Likely pathogenic,"criteria provided, multiple submitters, no conflicts"
251887,Likely pathogenic,"criteria provided, single submitter"
251888,Pathogenic,"criteria provided, single submitter"
251889,Pathogenic,"criteria provided, multiple submitters, no conflicts"
251892,Pathogenic,"criteria provided, multiple submitters, no conflicts"
251897,Pathogenic/Likely pathogenic,"criteria provided, multiple submitters, no conflicts"
251900,Likely pathogenic,reviewed by expert panel
251899,Likely pathogenic,"criteria provided, single submitter"
251902,Likely pathogenic,"criteria provided, multiple submitters, no conflicts"
251905,Pathogenic/Likely pathogenic,"criteria provided, multiple submitters, no conflicts"
251906,Likely pathogenic,"criteria provided, single submitter"
251907,Pathogenic/Likely pathogenic,"criteria provided, multiple submitters, no conflicts"
251908,Pathogenic/Likely pathogenic,"criteria provided, multiple submitters, no conflicts"
251911,Pathogenic/Likely pathogenic,"criteria provided, multiple submitters, no conflicts"
251912,Pathogenic/Likely pathogenic,"criteria provided, multiple submitters, no conflicts"
251922,Pathogenic/Likely pathogenic,"criteria provided, multiple submitters, no conflicts"
251923,Pathogenic,"criteria provided, single submitter"
251924,Likely pathogenic,"criteria provided, single submitter"
251925,Pathogenic/Likely pathogenic,"criteria provided, multiple submitters, no conflicts"
251926,Pathogenic,reviewed by expert panel
251927,Pathogenic,"criteria provided, multiple submitters, no conflicts"
251930,Likely pathogenic,"criteria provided, single submitter"
251931,Likely pathogenic,"criteria provided, multiple submitters, no conflicts"
251932,Pathogenic,"criteria provided, multiple submitters, no conflicts"
251933,Pathogenic,"criteria provided, multiple submitters, no conflicts"
251934,Pathogenic,"criteria provided, multiple submitters, no conflicts"
251938,Likely pathogenic,reviewed by expert panel
251939,Pathogenic/Likely pathogenic,"criteria provided, multiple submitters, no conflicts"
251940,Pathogenic/Likely pathogenic,"criteria provided, multiple submitters, no conflicts"
251941,Pathogenic,"criteria provided, multiple submitters, no conflicts"
251942,Pathogenic/Likely pathogenic,"criteria provided, multiple submitters, no conflicts"
251943,Pathogenic/Likely pathogenic,"criteria provided, multiple submitters, no conflicts"
251944,Likely pathogenic,"criteria provided, multiple submitters, no conflicts"
251945,Pathogenic/Likely pathogenic,"criteria provided, multiple submitters, no conflicts"
251946,Pathogenic/Likely pathogenic,"criteria provided, multiple submitters, no conflicts"
251947,Pathogenic/Likely pathogenic,"criteria provided, multiple submitters, no conflicts"
251948,Pathogenic,"criteria provided, multiple submitters, no conflicts"
251951,Likely pathogenic,"criteria provided, single submitter"
251952,Likely pathogenic,"criteria provided, multiple submitters, no conflicts"
251950,Pathogenic,"criteria provided, single submitter"
251953,Pathogenic,"criteria provided, single submitter"
251955,Likely pathogenic,"criteria provided, single submitter"
251956,Pathogenic,"criteria provided, single submitter"
251954,Pathogenic,"criteria provided, single submitter"
251958,Pathogenic,"criteria provided, multiple submitters, no conflicts"
251959,Pathogenic,"criteria provided, single submitter"
251961,Pathogenic,"criteria provided, multiple submitters, no conflicts"
251962,Likely pathogenic,"criteria provided, multiple submitters, no conflicts"
251963,Pathogenic,"criteria provided, single submitter"
251964,Pathogenic,"criteria provided, multiple submitters, no conflicts"
251965,Pathogenic,"criteria provided, multiple submitters, no conflicts"
251966,Pathogenic,"criteria provided, single submitter"
251969,Pathogenic/Likely pathogenic,"criteria provided, multiple submitters, no conflicts"
251968,Pathogenic,"criteria provided, single submitter"
251970,Pathogenic/Likely pathogenic,"criteria provided, multiple submitters, no conflicts"
251972,Pathogenic,"criteria provided, multiple submitters, no conflicts"
251973,Pathogenic/Likely pathogenic,"criteria provided, multiple submitters, no conflicts"
251974,Pathogenic/Likely pathogenic,"criteria provided, multiple submitters, no conflicts"
251976,Pathogenic/Likely pathogenic,"criteria provided, multiple submitters, no conflicts"
251975,Pathogenic,"criteria provided, single submitter"
251977,Pathogenic/Likely pathogenic,"criteria provided, multiple submitters, no conflicts"
251980,Pathogenic/Likely pathogenic,"criteria provided, multiple submitters, no conflicts"
251981,Pathogenic/Likely pathogenic,"criteria provided, multiple submitters, no conflicts"
251982,Pathogenic/Likely pathogenic,"criteria provided, multiple submitters, no conflicts"
251987,Pathogenic/Likely pathogenic,"criteria provided, multiple submitters, no conflicts"
251992,Likely pathogenic,"criteria provided, multiple submitters, no conflicts"
251993,Pathogenic/Likely pathogenic,"criteria provided, multiple submitters, no conflicts"
251995,Pathogenic,"criteria provided, multiple submitters, no conflicts"
251996,Likely pathogenic,reviewed by expert panel
251998,Likely pathogenic,"criteria provided, single submitter"
251999,Pathogenic/Likely pathogenic,"criteria provided, multiple submitters, no conflicts"
252001,Pathogenic/Likely pathogenic,"criteria provided, multiple submitters, no conflicts"
252000,Pathogenic,reviewed by expert panel
252003,Pathogenic/Likely pathogenic,"criteria provided, multiple submitters, no conflicts"
252002,Likely pathogenic,"criteria provided, single submitter"
252007,Likely pathogenic,"criteria provided, single submitter"
252008,Likely pathogenic,"criteria provided, multiple submitters, no conflicts"
252009,Likely pathogenic,"criteria provided, single submitter"
252010,Pathogenic,"criteria provided, multiple submitters, no conflicts"
252011,Pathogenic,"criteria provided, single submitter"
252012,Likely pathogenic,reviewed by expert panel
252014,Likely pathogenic,reviewed by expert panel
252013,Pathogenic,"criteria provided, multiple submitters, no conflicts"
252015,Likely pathogenic,reviewed by expert panel
252016,Pathogenic,"criteria provided, multiple submitters, no conflicts"
252017,Likely pathogenic,"criteria provided, single submitter"
252018,Pathogenic/Likely pathogenic,"criteria provided, multiple submitters, no conflicts"
252019,Pathogenic,"criteria provided, multiple submitters, no conflicts"
252020,Pathogenic,"criteria provided, single submitter"
252023,Pathogenic,"criteria provided, single submitter"
252024,Pathogenic,"criteria provided, single submitter"
252025,Pathogenic,"criteria provided, multiple submitters, no conflicts"
252026,Pathogenic,"criteria provided, single submitter"
252027,Pathogenic,"criteria provided, single submitter"
252029,Likely pathogenic,reviewed by expert panel
252028,Pathogenic,"criteria provided, multiple submitters, no conflicts"
252030,Pathogenic,"criteria provided, single submitter"
252031,Pathogenic,"criteria provided, single submitter"
252035,Likely pathogenic,reviewed by expert panel
252037,Pathogenic,"criteria provided, multiple submitters, no conflicts"
252039,Likely pathogenic,"criteria provided, single submitter"
252040,Likely pathogenic,"criteria provided, multiple submitters, no conflicts"
252041,Pathogenic,"criteria provided, single submitter"
252042,Pathogenic,"criteria provided, single submitter"
252044,Pathogenic/Likely pathogenic,"criteria provided, multiple submitters, no conflicts"
252045,Pathogenic,"criteria provided, multiple submitters, no conflicts"
252047,Likely pathogenic,"criteria provided, single submitter"
252048,Pathogenic/Likely pathogenic,"criteria provided, multiple submitters, no conflicts"
252049,Pathogenic/Likely pathogenic,"criteria provided, multiple submitters, no conflicts"
252050,Likely pathogenic,"criteria provided, multiple submitters, no conflicts"
252051,Pathogenic/Likely pathogenic,"criteria provided, multiple submitters, no conflicts"
252054,Likely pathogenic,"criteria provided, multiple submitters, no conflicts"
252053,Pathogenic/Likely pathogenic,"criteria provided, multiple submitters, no conflicts"
252056,Pathogenic,"criteria provided, single submitter"
252058,Pathogenic/Likely pathogenic,"criteria provided, multiple submitters, no conflicts"
252059,Likely pathogenic,"criteria provided, multiple submitters, no conflicts"
252061,Likely pathogenic,reviewed by expert panel
252062,Pathogenic,"criteria provided, single submitter"
252064,Pathogenic/Likely pathogenic,"criteria provided, multiple submitters, no conflicts"
252067,Pathogenic/Likely pathogenic,"criteria provided, multiple submitters, no conflicts"
252068,Pathogenic,"criteria provided, multiple submitters, no conflicts"
252069,Pathogenic/Likely pathogenic,"criteria provided, multiple submitters, no conflicts"
252066,Pathogenic/Likely pathogenic,"criteria provided, multiple submitters, no conflicts"
252070,Pathogenic/Likely pathogenic,"criteria provided, multiple submitters, no conflicts"
252073,Likely pathogenic,"criteria provided, single submitter"
252079,Pathogenic/Likely pathogenic,"criteria provided, multiple submitters, no conflicts"
252080,Likely pathogenic,"criteria provided, single submitter"
252081,Likely pathogenic,"criteria provided, single submitter"
252083,Likely pathogenic,reviewed by expert panel
252082,Pathogenic,"criteria provided, single submitter"
252084,Likely pathogenic,reviewed by expert panel
252085,Likely pathogenic,reviewed by expert panel
252086,Likely pathogenic,"criteria provided, single submitter"
252087,Pathogenic,"criteria provided, multiple submitters, no conflicts"
252089,Pathogenic,"criteria provided, multiple submitters, no conflicts"
252090,Likely pathogenic,"criteria provided, multiple submitters, no conflicts"
252088,Pathogenic,"criteria provided, single submitter"
252091,Pathogenic/Likely pathogenic,"criteria provided, multiple submitters, no conflicts"
252092,Pathogenic/Likely pathogenic,"criteria provided, multiple submitters, no conflicts"
252093,Likely pathogenic,"criteria provided, multiple submitters, no conflicts"
252095,Pathogenic,"criteria provided, multiple submitters, no conflicts"
252097,Pathogenic/Likely pathogenic,"criteria provided, multiple submitters, no conflicts"
252098,Pathogenic,"criteria provided, single submitter"
252100,Pathogenic,"criteria provided, single submitter"
252101,Pathogenic/Likely pathogenic,"criteria provided, multiple submitters, no conflicts"
252102,Likely pathogenic,"criteria provided, multiple submitters, no conflicts"
252105,Likely pathogenic,"criteria provided, multiple submitters, no conflicts"
252104,Pathogenic,"criteria provided, multiple submitters, no conflicts"
252106,Likely pathogenic,"criteria provided, single submitter"
252107,Likely pathogenic,reviewed by expert panel
252112,Likely pathogenic,reviewed by expert panel
252113,Likely pathogenic,"criteria provided, single submitter"
252116,Pathogenic,"criteria provided, multiple submitters, no conflicts"
252117,Pathogenic,"criteria provided, single submitter"
252119,Pathogenic,"criteria provided, multiple submitters, no conflicts"
252120,Likely pathogenic,reviewed by expert panel
252123,Pathogenic,"criteria provided, multiple submitters, no conflicts"
252124,Pathogenic,"criteria provided, single submitter"
252125,Pathogenic,"criteria provided, multiple submitters, no conflicts"
252127,Likely pathogenic,reviewed by expert panel
252133,Pathogenic,"criteria provided, multiple submitters, no conflicts"
252134,Pathogenic,"criteria provided, multiple submitters, no conflicts"
252135,Likely pathogenic,reviewed by expert panel
252138,Likely pathogenic,"criteria provided, multiple submitters, no conflicts"
252140,Likely pathogenic,reviewed by expert panel
252139,Pathogenic,"criteria provided, single submitter"
252143,Likely pathogenic,"criteria provided, single submitter"
252145,Pathogenic,"criteria provided, single submitter"
252146,Pathogenic,"criteria provided, single submitter"
252147,Likely pathogenic,"criteria provided, single submitter"
252150,Pathogenic,"criteria provided, single submitter"
252153,Pathogenic/Likely pathogenic,"criteria provided, multiple submitters, no conflicts"
252155,Likely pathogenic,"criteria provided, multiple submitters, no conflicts"
252157,Pathogenic,"criteria provided, single submitter"
252158,Pathogenic,"criteria provided, multiple submitters, no conflicts"
252161,Pathogenic,"criteria provided, multiple submitters, no conflicts"
252160,Pathogenic,"criteria provided, single submitter"
252162,Likely pathogenic,"criteria provided, single submitter"
252163,Pathogenic/Likely pathogenic,"criteria provided, multiple submitters, no conflicts"
252165,Likely pathogenic,"criteria provided, multiple submitters, no conflicts"
252164,Pathogenic,"criteria provided, single submitter"
252167,Pathogenic,"criteria provided, multiple submitters, no conflicts"
252168,Pathogenic/Likely pathogenic,"criteria provided, multiple submitters, no conflicts"
252166,Pathogenic,"criteria provided, single submitter"
252169,Pathogenic,"criteria provided, single submitter"
252170,Pathogenic,"criteria provided, single submitter"
252171,Pathogenic,"criteria provided, multiple submitters, no conflicts"
252173,Likely pathogenic,reviewed by expert panel
252176,Pathogenic/Likely pathogenic,"criteria provided, multiple submitters, no conflicts"
252178,Pathogenic/Likely pathogenic,"criteria provided, multiple submitters, no conflicts"
252177,Pathogenic,"criteria provided, multiple submitters, no conflicts"
252179,Pathogenic,"criteria provided, multiple submitters, no conflicts"
252180,Likely pathogenic,"criteria provided, single submitter"
252181,Pathogenic,"criteria provided, single submitter"
252182,Pathogenic,"criteria provided, single submitter"
252183,Pathogenic/Likely pathogenic,"criteria provided, multiple submitters, no conflicts"
252185,Likely pathogenic,reviewed by expert panel
252186,Pathogenic/Likely pathogenic,"criteria provided, multiple submitters, no conflicts"
252187,Pathogenic/Likely pathogenic,"criteria provided, multiple submitters, no conflicts"
252188,Pathogenic,reviewed by expert panel
252190,Pathogenic,"criteria provided, single submitter"
252191,Pathogenic,"criteria provided, single submitter"
252193,Likely pathogenic,"criteria provided, single submitter"
252194,Pathogenic/Likely pathogenic,"criteria provided, multiple submitters, no conflicts"
252195,Pathogenic,"criteria provided, multiple submitters, no conflicts"
252196,Pathogenic,"criteria provided, single submitter"
252197,Pathogenic,"criteria provided, single submitter"
252199,Pathogenic,"criteria provided, multiple submitters, no conflicts"
252198,Pathogenic,"criteria provided, single submitter"
252200,Pathogenic,"criteria provided, single submitter"
252201,Pathogenic,"criteria provided, single submitter"
252202,Pathogenic,"criteria provided, single submitter"
252203,Pathogenic,"criteria provided, multiple submitters, no conflicts"
252205,Pathogenic,"criteria provided, multiple submitters, no conflicts"
252206,Pathogenic,"criteria provided, multiple submitters, no conflicts"
252207,Pathogenic,"criteria provided, multiple submitters, no conflicts"
252208,Likely pathogenic,"criteria provided, single submitter"
252209,Pathogenic,"criteria provided, multiple submitters, no conflicts"
252210,Pathogenic/Likely pathogenic,"criteria provided, multiple submitters, no conflicts"
252211,Pathogenic,"criteria provided, single submitter"
252212,Likely pathogenic,"criteria provided, multiple submitters, no conflicts"
252213,Likely pathogenic,reviewed by expert panel
252214,Pathogenic/Likely pathogenic,"criteria provided, multiple submitters, no conflicts"
252215,Pathogenic/Likely pathogenic,"criteria provided, multiple submitters, no conflicts"
252216,Pathogenic/Likely pathogenic,"criteria provided, multiple submitters, no conflicts"
252218,Pathogenic,"criteria provided, multiple submitters, no conflicts"
252220,Likely pathogenic,reviewed by expert panel
252222,Pathogenic,"criteria provided, single submitter"
252223,Pathogenic,"criteria provided, multiple submitters, no conflicts"
252226,Likely pathogenic,reviewed by expert panel
252228,Likely pathogenic,"criteria provided, single submitter"
252229,Pathogenic/Likely pathogenic,"criteria provided, multiple submitters, no conflicts"
252230,Likely pathogenic,"criteria provided, single submitter"
252231,Likely pathogenic,"criteria provided, single submitter"
252232,Pathogenic,"criteria provided, multiple submitters, no conflicts"
252233,Likely pathogenic,"criteria provided, single submitter"
252234,Likely pathogenic,"criteria provided, multiple submitters, no conflicts"
252235,Pathogenic/Likely pathogenic,"criteria provided, multiple submitters, no conflicts"
252236,Likely pathogenic,"criteria provided, single submitter"
252237,Pathogenic/Likely pathogenic,"criteria provided, multiple submitters, no conflicts"
252244,Pathogenic,"criteria provided, multiple submitters, no conflicts"
252245,Pathogenic,"criteria provided, multiple submitters, no conflicts"
252247,Pathogenic,"criteria provided, single submitter"
252248,Pathogenic,"criteria provided, multiple submitters, no conflicts"
252249,Pathogenic,"criteria provided, multiple submitters, no conflicts"
252250,Pathogenic,"criteria provided, single submitter"
252251,Pathogenic,"criteria provided, multiple submitters, no conflicts"
252252,Pathogenic,"criteria provided, single submitter"
252253,Pathogenic,"criteria provided, single submitter"
252255,Pathogenic,"criteria provided, multiple submitters, no conflicts"
252256,Pathogenic/Likely pathogenic,"criteria provided, multiple submitters, no conflicts"
252258,Pathogenic,reviewed by expert panel
252260,Pathogenic,"criteria provided, single submitter"
252261,Pathogenic/Likely pathogenic,"criteria provided, multiple submitters, no conflicts"
252263,Pathogenic,"criteria provided, multiple submitters, no conflicts"
252264,Pathogenic,"criteria provided, multiple submitters, no conflicts"
252268,Pathogenic,"criteria provided, single submitter"
252270,Pathogenic,"criteria provided, single submitter"
252271,Pathogenic,"criteria provided, single submitter"
252272,Pathogenic/Likely pathogenic,"criteria provided, multiple submitters, no conflicts"
252273,Likely pathogenic,"criteria provided, single submitter"
252274,Pathogenic/Likely pathogenic,"criteria provided, multiple submitters, no conflicts"
252275,Pathogenic/Likely pathogenic,"criteria provided, multiple submitters, no conflicts"
252285,Pathogenic,"criteria provided, single submitter"
252286,Pathogenic,"criteria provided, single submitter"
252288,Pathogenic,"criteria provided, multiple submitters, no conflicts"
252289,Pathogenic,"criteria provided, single submitter"
252297,Pathogenic/Likely pathogenic,"criteria provided, multiple submitters, no conflicts"
252298,Pathogenic/Likely pathogenic,"criteria provided, multiple submitters, no conflicts"
252299,Pathogenic/Likely pathogenic,"criteria provided, multiple submitters, no conflicts"
252300,Pathogenic/Likely pathogenic,"criteria provided, multiple submitters, no conflicts"
252302,Pathogenic,reviewed by expert panel
252301,Likely pathogenic,"criteria provided, single submitter"
252313,Pathogenic,"criteria provided, multiple submitters, no conflicts"
252316,Pathogenic,"criteria provided, multiple submitters, no conflicts"
252317,Pathogenic/Likely pathogenic,"criteria provided, multiple submitters, no conflicts"
252318,Likely pathogenic,"criteria provided, multiple submitters, no conflicts"
252320,Likely pathogenic,"criteria provided, multiple submitters, no conflicts"
252321,Likely pathogenic,reviewed by expert panel
252322,Pathogenic,"criteria provided, multiple submitters, no conflicts"
252324,Pathogenic,"criteria provided, single submitter"
252326,Pathogenic,"criteria provided, single submitter"
252328,Likely pathogenic,"criteria provided, multiple submitters, no conflicts"
252329,Pathogenic,"criteria provided, multiple submitters, no conflicts"
252330,Pathogenic,reviewed by expert panel
252331,Pathogenic,"criteria provided, multiple submitters, no conflicts"
252332,Pathogenic,"criteria provided, single submitter"
252334,Pathogenic,"criteria provided, single submitter"
252335,Pathogenic,"criteria provided, multiple submitters, no conflicts"
252336,Pathogenic,"criteria provided, multiple submitters, no conflicts"
252337,Pathogenic/Likely pathogenic,"criteria provided, multiple submitters, no conflicts"
252338,Pathogenic,"criteria provided, multiple submitters, no conflicts"
252340,Likely pathogenic,reviewed by expert panel
252341,Pathogenic,reviewed by expert panel
252342,Pathogenic/Likely pathogenic,"criteria provided, multiple submitters, no conflicts"
252344,Pathogenic,"criteria provided, single submitter"
252345,Likely pathogenic,"criteria provided, multiple submitters, no conflicts"
252346,Pathogenic,"criteria provided, single submitter"
252348,Pathogenic,"criteria provided, multiple submitters, no conflicts"
252349,Pathogenic/Likely pathogenic,"criteria provided, multiple submitters, no conflicts"
252350,Likely pathogenic,reviewed by expert panel
252351,Pathogenic/Likely pathogenic,"criteria provided, multiple submitters, no conflicts"
252352,Pathogenic/Likely pathogenic,"criteria provided, multiple submitters, no conflicts"
252357,Likely pathogenic,"criteria provided, single submitter"
252359,Pathogenic,"criteria provided, single submitter"
250931,Likely pathogenic,"criteria provided, single submitter"
250932,Pathogenic,"criteria provided, multiple submitters, no conflicts"
250934,Pathogenic,"criteria provided, multiple submitters, no conflicts"
250935,Pathogenic,"criteria provided, single submitter"
250936,Pathogenic,"criteria provided, single submitter"
250937,Pathogenic,"criteria provided, single submitter"
250938,Pathogenic,"criteria provided, single submitter"
250939,Pathogenic,"criteria provided, single submitter"
250940,Pathogenic,"criteria provided, multiple submitters, no conflicts"
250994,Pathogenic,"criteria provided, single submitter"
250995,Pathogenic,"criteria provided, single submitter"
250996,Pathogenic,"criteria provided, single submitter"
250997,Likely pathogenic,"criteria provided, single submitter"
250999,Pathogenic,"criteria provided, single submitter"
251000,Pathogenic,"criteria provided, single submitter"
251001,Pathogenic,"criteria provided, single submitter"
251002,Pathogenic,"criteria provided, single submitter"
251003,Likely pathogenic,"criteria provided, single submitter"
251004,Pathogenic,"criteria provided, single submitter"
251058,Pathogenic,"criteria provided, single submitter"
251059,Pathogenic,"criteria provided, single submitter"
251061,Pathogenic,"criteria provided, single submitter"
251062,Likely pathogenic,"criteria provided, single submitter"
251063,Pathogenic,"criteria provided, single submitter"
251064,Likely pathogenic,"criteria provided, single submitter"
251065,Pathogenic,"criteria provided, single submitter"
251066,Likely pathogenic,"criteria provided, single submitter"
251067,Pathogenic,"criteria provided, single submitter"
251068,Pathogenic,"criteria provided, single submitter"
251069,Pathogenic,"criteria provided, single submitter"
251070,Likely pathogenic,"criteria provided, single submitter"
251143,Pathogenic,"criteria provided, single submitter"
251144,Likely pathogenic,"criteria provided, single submitter"
251145,Likely pathogenic,"criteria provided, single submitter"
251146,Pathogenic,"criteria provided, multiple submitters, no conflicts"
251412,Pathogenic,"criteria provided, single submitter"
251413,Pathogenic,"criteria provided, single submitter"
251414,Pathogenic,"criteria provided, single submitter"
251472,Pathogenic,"criteria provided, single submitter"
251473,Pathogenic,"criteria provided, multiple submitters, no conflicts"
251474,Pathogenic,"criteria provided, single submitter"
251555,Likely pathogenic,"criteria provided, single submitter"
251556,Likely pathogenic,"criteria provided, single submitter"
251557,Pathogenic,"criteria provided, single submitter"
251558,Pathogenic,"criteria provided, single submitter"
251559,Pathogenic,"criteria provided, single submitter"
251560,Pathogenic,"criteria provided, single submitter"
251561,Pathogenic,"criteria provided, multiple submitters, no conflicts"
251562,Pathogenic,"criteria provided, single submitter"
251563,Pathogenic,"criteria provided, single submitter"
251633,Pathogenic/Likely pathogenic,"criteria provided, multiple submitters, no conflicts"
251634,Pathogenic,"criteria provided, single submitter"
251635,Pathogenic,"criteria provided, single submitter"
251714,Pathogenic,"criteria provided, single submitter"
251715,Pathogenic,"criteria provided, single submitter"
251716,Pathogenic,"criteria provided, multiple submitters, no conflicts"
251717,Pathogenic,"criteria provided, single submitter"
251718,Pathogenic,"criteria provided, single submitter"
251719,Pathogenic,"criteria provided, single submitter"
251720,Pathogenic,"criteria provided, single submitter"
251722,Pathogenic,"criteria provided, single submitter"
251913,Pathogenic,"criteria provided, single submitter"
251914,Pathogenic,"criteria provided, single submitter"
251916,Pathogenic,"criteria provided, single submitter"
251917,Pathogenic,"criteria provided, single submitter"
251918,Pathogenic,"criteria provided, single submitter"
251919,Pathogenic,"criteria provided, single submitter"
251920,Pathogenic,"criteria provided, single submitter"
251921,Pathogenic,"criteria provided, single submitter"
251988,Pathogenic,"criteria provided, single submitter"
251989,Pathogenic,"criteria provided, single submitter"
251990,Pathogenic,"criteria provided, single submitter"
251991,Pathogenic,"criteria provided, single submitter"
252074,Pathogenic,"criteria provided, multiple submitters, no conflicts"
252075,Pathogenic,"criteria provided, single submitter"
252076,Pathogenic,"criteria provided, single submitter"
252078,Pathogenic,"criteria provided, multiple submitters, no conflicts"
252154,Pathogenic,"criteria provided, single submitter"
252239,Pathogenic,"criteria provided, single submitter"
252240,Pathogenic,"criteria provided, single submitter"
252279,Pathogenic,"criteria provided, single submitter"
252280,Likely pathogenic,"criteria provided, single submitter"
252281,Pathogenic,"criteria provided, multiple submitters, no conflicts"
252282,Pathogenic,"criteria provided, single submitter"
252283,Pathogenic,"criteria provided, multiple submitters, no conflicts"
252284,Pathogenic,"criteria provided, single submitter"
252314,Pathogenic,"criteria provided, single submitter"
252315,Pathogenic,"criteria provided, single submitter"
254031,Pathogenic,"criteria provided, single submitter"
265901,Pathogenic,"criteria provided, single submitter"
265906,Pathogenic,"criteria provided, multiple submitters, no conflicts"
265899,Pathogenic,"criteria provided, multiple submitters, no conflicts"
265900,Likely pathogenic,"criteria provided, single submitter"
265904,Likely pathogenic,reviewed by expert panel
369864,Likely pathogenic,"criteria provided, single submitter"
369858,Pathogenic/Likely pathogenic,"criteria provided, multiple submitters, no conflicts"
369866,Pathogenic/Likely pathogenic,"criteria provided, multiple submitters, no conflicts"
369854,Pathogenic/Likely pathogenic,"criteria provided, multiple submitters, no conflicts"
369870,Pathogenic/Likely pathogenic,"criteria provided, multiple submitters, no conflicts"
369871,Likely pathogenic,"criteria provided, single submitter"
369851,Pathogenic/Likely pathogenic,"criteria provided, multiple submitters, no conflicts"
369873,Pathogenic/Likely pathogenic,"criteria provided, multiple submitters, no conflicts"
369850,Pathogenic/Likely pathogenic,"criteria provided, multiple submitters, no conflicts"
369859,Pathogenic/Likely pathogenic,"criteria provided, multiple submitters, no conflicts"
369863,Pathogenic/Likely pathogenic,"criteria provided, multiple submitters, no conflicts"
369867,Pathogenic/Likely pathogenic,"criteria provided, multiple submitters, no conflicts"
369860,Pathogenic/Likely pathogenic,"criteria provided, multiple submitters, no conflicts"
369852,Pathogenic/Likely pathogenic,"criteria provided, multiple submitters, no conflicts"
369848,Pathogenic/Likely pathogenic,"criteria provided, multiple submitters, no conflicts"
369853,Pathogenic/Likely pathogenic,"criteria provided, multiple submitters, no conflicts"
369872,Pathogenic/Likely pathogenic,"criteria provided, multiple submitters, no conflicts"
369869,Pathogenic/Likely pathogenic,"criteria provided, multiple submitters, no conflicts"
369849,Pathogenic/Likely pathogenic,"criteria provided, multiple submitters, no conflicts"
369874,Likely pathogenic,"criteria provided, single submitter"
372121,Pathogenic,no assertion criteria provided
372122,Pathogenic,no assertion criteria provided
373769,Likely pathogenic,reviewed by expert panel
375769,Likely pathogenic,"criteria provided, single submitter"
375770,Likely pathogenic,"criteria provided, single submitter"
375771,Likely pathogenic,"criteria provided, single submitter"
375772,Likely pathogenic,"criteria provided, single submitter"
375774,Pathogenic,"criteria provided, single submitter"
375776,Pathogenic,"criteria provided, multiple submitters, no conflicts"
375777,Likely pathogenic,"criteria provided, multiple submitters, no conflicts"
375779,Pathogenic,"criteria provided, single submitter"
375780,Pathogenic,"criteria provided, single submitter"
375781,Pathogenic,"criteria provided, multiple submitters, no conflicts"
375782,Pathogenic/Likely pathogenic,"criteria provided, multiple submitters, no conflicts"
375783,Pathogenic/Likely pathogenic,"criteria provided, multiple submitters, no conflicts"
375784,Likely pathogenic,"criteria provided, single submitter"
375785,Likely pathogenic,"criteria provided, multiple submitters, no conflicts"
375786,Pathogenic/Likely pathogenic,"criteria provided, multiple submitters, no conflicts"
375787,Likely pathogenic,"criteria provided, single submitter"
375789,Likely pathogenic,"criteria provided, single submitter"
375788,Likely pathogenic,"criteria provided, single submitter"
375795,Pathogenic,"criteria provided, multiple submitters, no conflicts"
375790,Pathogenic/Likely pathogenic,"criteria provided, multiple submitters, no conflicts"
375791,Likely pathogenic,"criteria provided, single submitter"
375792,Likely pathogenic,"criteria provided, single submitter"
375793,Pathogenic,"criteria provided, multiple submitters, no conflicts"
375794,Pathogenic,"criteria provided, multiple submitters, no conflicts"
375796,Pathogenic/Likely pathogenic,"criteria provided, multiple submitters, no conflicts"
375797,Likely pathogenic,"criteria provided, single submitter"
375799,Likely pathogenic,"criteria provided, multiple submitters, no conflicts"
375801,Pathogenic,"criteria provided, single submitter"
375802,Likely pathogenic,"criteria provided, single submitter"
375803,Pathogenic,"criteria provided, multiple submitters, no conflicts"
375804,Pathogenic,"criteria provided, single submitter"
375805,Pathogenic/Likely pathogenic,"criteria provided, multiple submitters, no conflicts"
375806,Likely pathogenic,reviewed by expert panel
375807,Likely pathogenic,"criteria provided, single submitter"
375808,Likely pathogenic,"criteria provided, single submitter"
375810,Pathogenic,"criteria provided, multiple submitters, no conflicts"
375811,Likely pathogenic,"criteria provided, single submitter"
375812,Likely pathogenic,"criteria provided, multiple submitters, no conflicts"
375813,Likely pathogenic,"criteria provided, multiple submitters, no conflicts"
375814,Pathogenic,"criteria provided, single submitter"
375816,Pathogenic,"criteria provided, single submitter"
375817,Pathogenic,"criteria provided, multiple submitters, no conflicts"
375818,Pathogenic,"criteria provided, single submitter"
375819,Likely pathogenic,"criteria provided, multiple submitters, no conflicts"
375820,Likely pathogenic,"criteria provided, single submitter"
375821,Pathogenic/Likely pathogenic,"criteria provided, multiple submitters, no conflicts"
375823,Pathogenic/Likely pathogenic,"criteria provided, multiple submitters, no conflicts"
375826,Pathogenic,"criteria provided, single submitter"
375828,Pathogenic/Likely pathogenic,"criteria provided, multiple submitters, no conflicts"
375829,Likely pathogenic,"criteria provided, single submitter"
375830,Pathogenic/Likely pathogenic,"criteria provided, multiple submitters, no conflicts"
375831,Pathogenic,"criteria provided, single submitter"
375832,Pathogenic,"criteria provided, single submitter"
375834,Pathogenic,"criteria provided, single submitter"
375836,Likely pathogenic,reviewed by expert panel
375837,Pathogenic,"criteria provided, multiple submitters, no conflicts"
375841,Pathogenic,"criteria provided, single submitter"
403630,Likely pathogenic,"criteria provided, single submitter"
403662,Likely pathogenic,reviewed by expert panel
403631,Likely pathogenic,"criteria provided, single submitter"
403632,Pathogenic/Likely pathogenic,"criteria provided, multiple submitters, no conflicts"
403633,Pathogenic/Likely pathogenic,"criteria provided, multiple submitters, no conflicts"
403636,Likely pathogenic,"criteria provided, single submitter"
403637,Pathogenic,"criteria provided, single submitter"
403639,Likely pathogenic,"criteria provided, single submitter"
403638,Pathogenic,"criteria provided, single submitter"
403640,Pathogenic,"criteria provided, single submitter"
403642,Pathogenic,"criteria provided, single submitter"
403643,Pathogenic,"criteria provided, single submitter"
403646,Pathogenic,"criteria provided, multiple submitters, no conflicts"
403647,Pathogenic,"criteria provided, single submitter"
403648,Likely pathogenic,"criteria provided, single submitter"
403645,Pathogenic,"criteria provided, single submitter"
403649,Pathogenic,"criteria provided, single submitter"
403650,Pathogenic,"criteria provided, single submitter"
403651,Pathogenic,"criteria provided, single submitter"
403652,Pathogenic,"criteria provided, single submitter"
403653,Pathogenic,"criteria provided, single submitter"
403654,Pathogenic,"criteria provided, single submitter"
403655,Pathogenic,"criteria provided, single submitter"
403656,Pathogenic,"criteria provided, single submitter"
403657,Pathogenic,"criteria provided, single submitter"
403658,Pathogenic,"criteria provided, single submitter"
403659,Pathogenic,"criteria provided, single submitter"
403660,Pathogenic,"criteria provided, single submitter"
403661,Pathogenic,"criteria provided, single submitter"
417369,Pathogenic,"criteria provided, multiple submitters, no conflicts"
417372,Likely pathogenic,"criteria provided, multiple submitters, no conflicts"
417373,Pathogenic,"criteria provided, single submitter"
417371,Pathogenic,"criteria provided, single submitter"
406164,Likely pathogenic,"criteria provided, single submitter"
406170,Pathogenic,"criteria provided, single submitter"
406166,Likely pathogenic,reviewed by expert panel
406168,Pathogenic,"criteria provided, multiple submitters, no conflicts"
419334,Likely pathogenic,"criteria provided, multiple submitters, no conflicts"
422951,Pathogenic,"criteria provided, multiple submitters, no conflicts"
420052,Pathogenic,"criteria provided, multiple submitters, no conflicts"
420598,Pathogenic,"criteria provided, multiple submitters, no conflicts"
426401,Likely pathogenic,"criteria provided, single submitter"
430287,Likely pathogenic,"criteria provided, single submitter"
430741,Pathogenic,"criteria provided, single submitter"
430746,Pathogenic,"criteria provided, single submitter"
430747,Pathogenic,"criteria provided, single submitter"
430749,Pathogenic,"criteria provided, single submitter"
430750,Pathogenic,"criteria provided, single submitter"
430751,Pathogenic,"criteria provided, single submitter"
430752,Pathogenic,"criteria provided, single submitter"
430753,Pathogenic,"criteria provided, multiple submitters, no conflicts"
430754,Pathogenic,"criteria provided, single submitter"
430755,Pathogenic,"criteria provided, single submitter"
430756,Likely pathogenic,"criteria provided, single submitter"
430757,Likely pathogenic,reviewed by expert panel
430758,Pathogenic,"criteria provided, single submitter"
430760,Pathogenic,"criteria provided, single submitter"
430761,Pathogenic,"criteria provided, single submitter"
430762,Pathogenic,"criteria provided, multiple submitters, no conflicts"
430764,Pathogenic,"criteria provided, multiple submitters, no conflicts"
430766,Pathogenic,"criteria provided, single submitter"
430767,Pathogenic,"criteria provided, single submitter"
430768,Pathogenic/Likely pathogenic,"criteria provided, multiple submitters, no conflicts"
430770,Pathogenic,"criteria provided, multiple submitters, no conflicts"
430771,Pathogenic,"criteria provided, single submitter"
430772,Pathogenic,"criteria provided, single submitter"
430773,Pathogenic,"criteria provided, multiple submitters, no conflicts"
430775,Pathogenic,"criteria provided, single submitter"
430778,Pathogenic,"criteria provided, single submitter"
430779,Pathogenic,"criteria provided, single submitter"
430780,Pathogenic,"criteria provided, single submitter"
430781,Pathogenic,"criteria provided, single submitter"
430784,Pathogenic,"criteria provided, single submitter"
430785,Pathogenic,"criteria provided, single submitter"
430787,Pathogenic,"criteria provided, single submitter"
430788,Pathogenic,"criteria provided, single submitter"
430789,Pathogenic,"criteria provided, single submitter"
430790,Likely pathogenic,"criteria provided, single submitter"
430791,Pathogenic,"criteria provided, single submitter"
430792,Pathogenic,"criteria provided, single submitter"
430793,Pathogenic,"criteria provided, multiple submitters, no conflicts"
430795,Pathogenic,"criteria provided, multiple submitters, no conflicts"
430798,Pathogenic,"criteria provided, multiple submitters, no conflicts"
430799,Pathogenic,"criteria provided, single submitter"
430801,Pathogenic,"criteria provided, single submitter"
430802,Pathogenic,"criteria provided, single submitter"
431541,Pathogenic,"criteria provided, single submitter"
431546,Pathogenic,"criteria provided, multiple submitters, no conflicts"
431507,Pathogenic/Likely pathogenic,"criteria provided, multiple submitters, no conflicts"
431510,Likely pathogenic,"criteria provided, single submitter"
431511,Pathogenic/Likely pathogenic,"criteria provided, multiple submitters, no conflicts"
431512,Pathogenic/Likely pathogenic,"criteria provided, multiple submitters, no conflicts"
431517,Pathogenic,"criteria provided, single submitter"
431521,Pathogenic,"criteria provided, single submitter"
431522,Pathogenic,"criteria provided, single submitter"
431528,Pathogenic,"criteria provided, single submitter"
431530,Pathogenic,"criteria provided, single submitter"
431534,Pathogenic,"criteria provided, single submitter"
431536,Pathogenic,"criteria provided, single submitter"
431537,Pathogenic,"criteria provided, single submitter"
431542,Pathogenic/Likely pathogenic,"criteria provided, multiple submitters, no conflicts"
431549,Pathogenic,"criteria provided, single submitter"
431550,Pathogenic,"criteria provided, single submitter"
432366,Pathogenic,"criteria provided, multiple submitters, no conflicts"
433160,Pathogenic,"criteria provided, single submitter"
433159,Pathogenic,"criteria provided, single submitter"
438328,Pathogenic,"criteria provided, single submitter"
438316,Likely pathogenic,"criteria provided, single submitter"
438323,Pathogenic/Likely pathogenic,"criteria provided, multiple submitters, no conflicts"
438325,Likely pathogenic,reviewed by expert panel
438326,Pathogenic,"criteria provided, single submitter"
438329,Pathogenic,"criteria provided, multiple submitters, no conflicts"
438315,Pathogenic,"criteria provided, single submitter"
438317,Pathogenic,"criteria provided, single submitter"
438318,Pathogenic,"criteria provided, single submitter"
438319,Pathogenic,"criteria provided, single submitter"
438695,Likely pathogenic,no assertion criteria provided
438696,Pathogenic,no assertion criteria provided
440486,Pathogenic,"criteria provided, multiple submitters, no conflicts"
440531,Pathogenic,no assertion criteria provided
440533,Pathogenic,no assertion criteria provided
440535,Pathogenic,no assertion criteria provided
440536,Likely pathogenic,reviewed by expert panel
440537,Pathogenic,no assertion criteria provided
440539,Pathogenic,no assertion criteria provided
440540,Pathogenic/Likely pathogenic,"criteria provided, multiple submitters, no conflicts"
440541,Pathogenic,no assertion criteria provided
440545,Pathogenic,"criteria provided, multiple submitters, no conflicts"
440547,Pathogenic/Likely pathogenic,"criteria provided, multiple submitters, no conflicts"
440550,Pathogenic,"criteria provided, single submitter"
440553,Pathogenic,no assertion criteria provided
440554,Pathogenic,no assertion criteria provided
440555,Likely pathogenic,reviewed by expert panel
440560,Pathogenic,"criteria provided, multiple submitters, no conflicts"
440563,Pathogenic,no assertion criteria provided
440565,Pathogenic,"criteria provided, multiple submitters, no conflicts"
440566,Pathogenic,no assertion criteria provided
440573,Pathogenic,no assertion criteria provided
440575,Pathogenic,"criteria provided, single submitter"
440577,Pathogenic,no assertion criteria provided
440578,Pathogenic,no assertion criteria provided
440581,Pathogenic,"criteria provided, single submitter"
440582,Pathogenic,no assertion criteria provided
440584,Pathogenic,no assertion criteria provided
440585,Pathogenic,"criteria provided, single submitter"
440586,Pathogenic,no assertion criteria provided
440589,Pathogenic,no assertion criteria provided
440591,Pathogenic,no assertion criteria provided
440593,Pathogenic,no assertion criteria provided
440594,Pathogenic,no assertion criteria provided
440596,Pathogenic,no assertion criteria provided
440597,Pathogenic,no assertion criteria provided
440603,Pathogenic,no assertion criteria provided
440726,Pathogenic,no assertion criteria provided
440604,Likely pathogenic,"criteria provided, single submitter"
440607,Pathogenic,no assertion criteria provided
440608,Pathogenic,no assertion criteria provided
440610,Pathogenic,no assertion criteria provided
440614,Pathogenic,no assertion criteria provided
440615,Pathogenic,"criteria provided, single submitter"
440616,Likely pathogenic,reviewed by expert panel
440618,Likely pathogenic,reviewed by expert panel
440622,Pathogenic,no assertion criteria provided
440623,Likely pathogenic,reviewed by expert panel
440632,Likely pathogenic,"criteria provided, single submitter"
440633,Pathogenic,no assertion criteria provided
440635,Pathogenic,no assertion criteria provided
440638,Pathogenic,no assertion criteria provided
440639,Pathogenic,no assertion criteria provided
440640,Pathogenic/Likely pathogenic,"criteria provided, multiple submitters, no conflicts"
440642,Likely pathogenic,reviewed by expert panel
440644,Likely pathogenic,"criteria provided, multiple submitters, no conflicts"
440647,Pathogenic,no assertion criteria provided
440649,Pathogenic,no assertion criteria provided
440650,Likely pathogenic,"criteria provided, single submitter"
440651,Pathogenic,no assertion criteria provided
440653,Pathogenic,no assertion criteria provided
440654,Pathogenic,no assertion criteria provided
440656,Likely pathogenic,reviewed by expert panel
440659,Pathogenic,no assertion criteria provided
440660,Pathogenic,no assertion criteria provided
440666,Pathogenic,no assertion criteria provided
440667,Pathogenic,no assertion criteria provided
440669,Pathogenic,no assertion criteria provided
440672,Pathogenic,no assertion criteria provided
440673,Pathogenic,no assertion criteria provided
440675,Pathogenic,no assertion criteria provided
440676,Pathogenic,no assertion criteria provided
440677,Pathogenic,no assertion criteria provided
440679,Pathogenic,no assertion criteria provided
440680,Pathogenic,no assertion criteria provided
440681,Pathogenic,no assertion criteria provided
440683,Pathogenic,no assertion criteria provided
440684,Pathogenic,no assertion criteria provided
440685,Pathogenic,no assertion criteria provided
440686,Pathogenic,"criteria provided, single submitter"
440688,Pathogenic,no assertion criteria provided
440689,Pathogenic,"criteria provided, multiple submitters, no conflicts"
440690,Pathogenic,no assertion criteria provided
440692,Pathogenic,no assertion criteria provided
440693,Pathogenic,no assertion criteria provided
440694,Pathogenic,"criteria provided, single submitter"
440695,Pathogenic,no assertion criteria provided
440699,Pathogenic,no assertion criteria provided
441182,Pathogenic,"criteria provided, single submitter"
441174,Likely pathogenic,reviewed by expert panel
441175,Pathogenic/Likely pathogenic,"criteria provided, multiple submitters, no conflicts"
441176,Pathogenic,"criteria provided, single submitter"
441179,Pathogenic,"criteria provided, single submitter"
441184,Likely pathogenic,"criteria provided, single submitter"
441185,Pathogenic,"criteria provided, single submitter"
441187,Likely pathogenic,"criteria provided, multiple submitters, no conflicts"
441188,Pathogenic,"criteria provided, single submitter"
441189,Pathogenic/Likely pathogenic,"criteria provided, multiple submitters, no conflicts"
441190,Likely pathogenic,"criteria provided, single submitter"
441191,Likely pathogenic,"criteria provided, single submitter"
441193,Pathogenic,"criteria provided, single submitter"
441200,Pathogenic,"criteria provided, single submitter"
441206,Pathogenic,"criteria provided, single submitter"
441207,Likely pathogenic,"criteria provided, single submitter"
441208,Likely pathogenic,"criteria provided, multiple submitters, no conflicts"
441209,Pathogenic,"criteria provided, multiple submitters, no conflicts"
441216,Pathogenic,"criteria provided, single submitter"
441217,Pathogenic,"criteria provided, multiple submitters, no conflicts"
441221,Pathogenic,"criteria provided, multiple submitters, no conflicts"
441226,Pathogenic,"criteria provided, single submitter"
441227,Likely pathogenic,"criteria provided, multiple submitters, no conflicts"
441230,Pathogenic,"criteria provided, single submitter"
441215,Pathogenic,"criteria provided, single submitter"
446149,Pathogenic,no assertion criteria provided
453194,Pathogenic,"criteria provided, single submitter"
456642,Pathogenic,"criteria provided, single submitter"
456645,Pathogenic/Likely pathogenic,"criteria provided, single submitter"
456643,Pathogenic,"criteria provided, single submitter"
456644,Pathogenic,"criteria provided, single submitter"
456651,Pathogenic,"criteria provided, single submitter"
496015,Pathogenic/Likely pathogenic,"criteria provided, multiple submitters, no conflicts"
496021,Pathogenic/Likely pathogenic,"criteria provided, multiple submitters, no conflicts"
504222,Pathogenic/Likely pathogenic,"criteria provided, multiple submitters, no conflicts"
504145,Pathogenic/Likely pathogenic,"criteria provided, multiple submitters, no conflicts"
523721,Pathogenic,"criteria provided, single submitter"
523723,Pathogenic/Likely pathogenic,"criteria provided, multiple submitters, no conflicts"
523724,Pathogenic/Likely pathogenic,"criteria provided, multiple submitters, no conflicts"
523725,Pathogenic/Likely pathogenic,"criteria provided, multiple submitters, no conflicts"
523733,Pathogenic,"criteria provided, single submitter"
523734,Pathogenic/Likely pathogenic,"criteria provided, multiple submitters, no conflicts"
523735,Pathogenic,"criteria provided, single submitter"
523852,Pathogenic/Likely pathogenic,"criteria provided, multiple submitters, no conflicts"
526768,Pathogenic,"criteria provided, single submitter"
526770,Likely pathogenic,"criteria provided, single submitter"
526767,Pathogenic,"criteria provided, single submitter"
526754,Pathogenic,"criteria provided, single submitter"
526771,Pathogenic,"criteria provided, single submitter"
548079,Pathogenic,"criteria provided, single submitter"
548088,Pathogenic,"criteria provided, single submitter"
548089,Likely pathogenic,"criteria provided, single submitter"
548090,Pathogenic,"criteria provided, single submitter"
548091,Pathogenic,"criteria provided, single submitter"
548092,Pathogenic,"criteria provided, single submitter"
548093,Pathogenic,"criteria provided, single submitter"
548094,Pathogenic,"criteria provided, single submitter"
548095,Pathogenic,"criteria provided, single submitter"
548096,Pathogenic,"criteria provided, single submitter"
548097,Pathogenic,"criteria provided, single submitter"
548098,Pathogenic,"criteria provided, single submitter"
548099,Likely pathogenic,"criteria provided, single submitter"
548100,Pathogenic,"criteria provided, single submitter"
548101,Pathogenic,"criteria provided, single submitter"
548102,Likely pathogenic,"criteria provided, single submitter"
584042,Pathogenic,"criteria provided, single submitter"
584070,Pathogenic,"criteria provided, single submitter"
583946,Pathogenic,"criteria provided, single submitter"
579747,Likely pathogenic,"criteria provided, multiple submitters, no conflicts"
574051,Likely pathogenic,"criteria provided, multiple submitters, no conflicts"
584079,Pathogenic,"criteria provided, single submitter"
583897,Pathogenic,"criteria provided, single submitter"
583555,Pathogenic,"criteria provided, single submitter"
584371,Pathogenic,"criteria provided, single submitter"
571377,Pathogenic,"criteria provided, single submitter"
565474,Pathogenic,"criteria provided, single submitter"
580835,Pathogenic,"criteria provided, single submitter"
582591,Pathogenic,"criteria provided, multiple submitters, no conflicts"
578041,Pathogenic,"criteria provided, multiple submitters, no conflicts"
590264,Pathogenic/Likely pathogenic,"criteria provided, multiple submitters, no conflicts"
619688,Likely pathogenic,"criteria provided, single submitter"
623312,Pathogenic,no assertion criteria provided
627856,Pathogenic,"criteria provided, multiple submitters, no conflicts"
629952,Likely pathogenic,"criteria provided, multiple submitters, no conflicts"
629644,Pathogenic,"criteria provided, single submitter"
631318,Pathogenic,"criteria provided, multiple submitters, no conflicts"
627979,Likely pathogenic,"criteria provided, multiple submitters, no conflicts"
630543,Pathogenic/Likely pathogenic,"criteria provided, multiple submitters, no conflicts"
635246,Likely pathogenic,no assertion criteria provided
664091,Pathogenic,"criteria provided, multiple submitters, no conflicts"
660717,Pathogenic,"criteria provided, multiple submitters, no conflicts"
652345,Pathogenic,"criteria provided, single submitter"
640361,Pathogenic,"criteria provided, single submitter"
646922,Pathogenic,"criteria provided, single submitter"
647342,Pathogenic/Likely pathogenic,"criteria provided, multiple submitters, no conflicts"
643071,Pathogenic,"criteria provided, multiple submitters, no conflicts"
660216,Pathogenic,"criteria provided, single submitter"
651247,Pathogenic,"criteria provided, single submitter"
662848,Pathogenic,"criteria provided, single submitter"
665036,Pathogenic,"criteria provided, single submitter"
649634,Pathogenic,"criteria provided, single submitter"
654906,Likely pathogenic,"criteria provided, single submitter"
663429,Pathogenic,"criteria provided, single submitter"
644845,Pathogenic,"criteria provided, single submitter"
656812,Pathogenic,"criteria provided, single submitter"
640998,Pathogenic,"criteria provided, single submitter"
658984,Pathogenic,"criteria provided, single submitter"
654664,Pathogenic,"criteria provided, single submitter"
648525,Pathogenic,"criteria provided, single submitter"
664087,Pathogenic,"criteria provided, multiple submitters, no conflicts"
650699,Pathogenic,"criteria provided, single submitter"
658446,Pathogenic,"criteria provided, single submitter"
639860,Pathogenic,"criteria provided, single submitter"
653198,Pathogenic/Likely pathogenic,"criteria provided, multiple submitters, no conflicts"
653926,Likely pathogenic,"criteria provided, single submitter"
684426,Pathogenic,no assertion criteria provided
684567,Likely pathogenic,"criteria provided, single submitter"
684864,Likely pathogenic,"criteria provided, single submitter"
684843,Pathogenic,"criteria provided, single submitter"
689345,Pathogenic,no assertion criteria provided
689346,Pathogenic,no assertion criteria provided
689351,Pathogenic,no assertion criteria provided
689352,Pathogenic,no assertion criteria provided
801200,Likely pathogenic,"criteria provided, multiple submitters, no conflicts"
810851,Pathogenic,no assertion criteria provided
810849,Likely pathogenic,reviewed by expert panel
817785,Pathogenic/Likely pathogenic,"criteria provided, multiple submitters, no conflicts"
833382,Pathogenic,"criteria provided, single submitter"
832568,Pathogenic,"criteria provided, single submitter"
832264,Pathogenic,"criteria provided, single submitter"
831216,Pathogenic,"criteria provided, single submitter"
831736,Pathogenic,"criteria provided, single submitter"
831219,Pathogenic,"criteria provided, single submitter"
832779,Pathogenic,"criteria provided, single submitter"
830959,Pathogenic,"criteria provided, single submitter"
832527,Pathogenic,"criteria provided, single submitter"
832107,Pathogenic,"criteria provided, single submitter"
830441,Pathogenic,"criteria provided, single submitter"
840015,Likely pathogenic,"criteria provided, single submitter"
841728,Pathogenic,"criteria provided, single submitter"
863180,Pathogenic,"criteria provided, single submitter"
836656,Pathogenic,"criteria provided, single submitter"
851708,Likely pathogenic,"criteria provided, single submitter"
838240,Pathogenic,"criteria provided, single submitter"
840389,Pathogenic,"criteria provided, single submitter"
840525,Pathogenic,"criteria provided, multiple submitters, no conflicts"
841257,Pathogenic,"criteria provided, single submitter"
858533,Pathogenic/Likely pathogenic,"criteria provided, multiple submitters, no conflicts"
851998,Pathogenic,"criteria provided, multiple submitters, no conflicts"
835547,Pathogenic,"criteria provided, single submitter"
844243,Pathogenic,"criteria provided, multiple submitters, no conflicts"
844410,Pathogenic,"criteria provided, single submitter"
852369,Likely pathogenic,"criteria provided, single submitter"
835638,Pathogenic,"criteria provided, single submitter"
839359,Pathogenic,"criteria provided, single submitter"
869387,Likely pathogenic,"criteria provided, single submitter"
869391,Pathogenic,"criteria provided, single submitter"
869390,Pathogenic/Likely pathogenic,"criteria provided, multiple submitters, no conflicts"
870320,Pathogenic,"criteria provided, single submitter"
921285,Likely pathogenic,"criteria provided, single submitter"
920596,Pathogenic/Likely pathogenic,"criteria provided, multiple submitters, no conflicts"
920229,Pathogenic,"criteria provided, single submitter"
922819,Pathogenic,"criteria provided, multiple submitters, no conflicts"
928776,Pathogenic/Likely pathogenic,"criteria provided, multiple submitters, no conflicts"
928775,Likely pathogenic,"criteria provided, multiple submitters, no conflicts"
947606,Pathogenic,"criteria provided, single submitter"
951687,Pathogenic/Likely pathogenic,"criteria provided, multiple submitters, no conflicts"
946724,Pathogenic,"criteria provided, multiple submitters, no conflicts"
942579,Pathogenic,"criteria provided, multiple submitters, no conflicts"
948222,Pathogenic,"criteria provided, single submitter"
955172,Pathogenic,"criteria provided, multiple submitters, no conflicts"
960398,Pathogenic/Likely pathogenic,"criteria provided, multiple submitters, no conflicts"
960667,Pathogenic,"criteria provided, single submitter"
962562,Pathogenic,"criteria provided, single submitter"
955980,Pathogenic,"criteria provided, single submitter"
961072,Pathogenic,"criteria provided, single submitter"
971107,Pathogenic,"criteria provided, multiple submitters, no conflicts"
972902,Pathogenic,"criteria provided, multiple submitters, no conflicts"
972903,Pathogenic,"criteria provided, multiple submitters, no conflicts"
975980,Pathogenic/Likely pathogenic,"criteria provided, multiple submitters, no conflicts"
976329,Likely pathogenic,"criteria provided, single submitter"
977991,Likely pathogenic,"criteria provided, single submitter"
977988,Pathogenic,"criteria provided, single submitter"
977984,Likely pathogenic,"criteria provided, single submitter"
977995,Pathogenic,"criteria provided, single submitter"
977998,Likely pathogenic,"criteria provided, single submitter"
977999,Pathogenic,"criteria provided, single submitter"
977987,Pathogenic/Likely pathogenic,"criteria provided, multiple submitters, no conflicts"
977989,Pathogenic,"criteria provided, multiple submitters, no conflicts"
977993,Pathogenic,"criteria provided, multiple submitters, no conflicts"
977992,Likely pathogenic,"criteria provided, single submitter"
977981,Pathogenic,"criteria provided, single submitter"
977982,Likely pathogenic,"criteria provided, single submitter"
977983,Pathogenic,"criteria provided, single submitter"
978377,Pathogenic/Likely pathogenic,"criteria provided, multiple submitters, no conflicts"
979066,Likely pathogenic,"criteria provided, single submitter"
979067,Likely pathogenic,"criteria provided, single submitter"
982979,Likely pathogenic,"criteria provided, single submitter"
985904,Likely pathogenic,"criteria provided, single submitter"
986739,Pathogenic,no assertion criteria provided
988768,Pathogenic/Likely pathogenic,"criteria provided, multiple submitters, no conflicts"
992900,Likely pathogenic,reviewed by expert panel
993226,Likely pathogenic,reviewed by expert panel
998054,Likely pathogenic,"criteria provided, single submitter"
998052,Likely pathogenic,reviewed by expert panel
2524408,Likely pathogenic,"criteria provided, multiple submitters, no conflicts"
1052293,Pathogenic,"criteria provided, single submitter"
1067553,Likely pathogenic,"criteria provided, single submitter"
1066271,Likely pathogenic,"criteria provided, single submitter"
1066036,Likely pathogenic,"criteria provided, multiple submitters, no conflicts"
1065909,Likely pathogenic,"criteria provided, multiple submitters, no conflicts"
1070723,Pathogenic,"criteria provided, single submitter"
1070724,Pathogenic,"criteria provided, single submitter"
1076614,Pathogenic,"criteria provided, single submitter"
1070725,Pathogenic,"criteria provided, single submitter"
1076616,Pathogenic,"criteria provided, single submitter"
1074804,Pathogenic,"criteria provided, single submitter"
1074805,Pathogenic,"criteria provided, single submitter"
1074663,Pathogenic,"criteria provided, single submitter"
1075416,Pathogenic,"criteria provided, multiple submitters, no conflicts"
1068547,Pathogenic,"criteria provided, single submitter"
1072924,Pathogenic,"criteria provided, single submitter"
1071946,Pathogenic,"criteria provided, single submitter"
1069255,Pathogenic,"criteria provided, single submitter"
1073028,Pathogenic,"criteria provided, single submitter"
1076861,Pathogenic,"criteria provided, single submitter"
1073362,Pathogenic,"criteria provided, single submitter"
1074682,Pathogenic,"criteria provided, single submitter"
1076971,Pathogenic,"criteria provided, single submitter"
1069978,Pathogenic,"criteria provided, single submitter"
1075455,Pathogenic,"criteria provided, single submitter"
1120146,Pathogenic,"criteria provided, single submitter"
1120147,Pathogenic,"criteria provided, single submitter"
1120148,Pathogenic,"criteria provided, single submitter"
1120149,Pathogenic,"criteria provided, single submitter"
1120150,Pathogenic,"criteria provided, single submitter"
1120145,Pathogenic,"criteria provided, single submitter"
1120251,Pathogenic,"criteria provided, single submitter"
1120255,Pathogenic,"criteria provided, single submitter"
1120250,Pathogenic,"criteria provided, single submitter"
1120252,Pathogenic,"criteria provided, single submitter"
1120253,Pathogenic,"criteria provided, single submitter"
1120254,Pathogenic,"criteria provided, single submitter"
1120248,Likely pathogenic,"criteria provided, single submitter"
1120258,Pathogenic,"criteria provided, multiple submitters, no conflicts"
1120259,Pathogenic,"criteria provided, multiple submitters, no conflicts"
1120245,Likely pathogenic,reviewed by expert panel
1120246,Likely pathogenic,"criteria provided, multiple submitters, no conflicts"
1120249,Pathogenic,"criteria provided, single submitter"
1120256,Pathogenic,"criteria provided, single submitter"
1163620,Pathogenic,"criteria provided, multiple submitters, no conflicts"
1163722,Pathogenic,"criteria provided, single submitter"
1163724,Likely pathogenic,"criteria provided, single submitter"
1171040,Likely pathogenic,reviewed by expert panel
1180494,Pathogenic/Likely pathogenic,"criteria provided, multiple submitters, no conflicts"
1180495,Likely pathogenic,"criteria provided, multiple submitters, no conflicts"
1192228,Pathogenic/Likely pathogenic,"criteria provided, multiple submitters, no conflicts"
1220548,Pathogenic,no assertion criteria provided
1284721,Likely pathogenic,"criteria provided, single submitter"
1300030,Likely pathogenic,no assertion criteria provided
1300653,Pathogenic,"criteria provided, single submitter"
1321217,Pathogenic,no assertion criteria provided
1321218,Pathogenic,no assertion criteria provided
1321221,Pathogenic,no assertion criteria provided
1321222,Likely pathogenic,"criteria provided, single submitter"
1321223,Pathogenic,no assertion criteria provided
1321224,Pathogenic,no assertion criteria provided
1321225,Pathogenic,no assertion criteria provided
1321226,Likely pathogenic,"criteria provided, single submitter"
1321227,Pathogenic,no assertion criteria provided
1321228,Pathogenic,no assertion criteria provided
1321229,Likely pathogenic,"criteria provided, single submitter"
1330203,Likely pathogenic,"criteria provided, single submitter"
1334394,Likely pathogenic,"criteria provided, single submitter"
1334395,Likely pathogenic,"criteria provided, single submitter"
1334396,Pathogenic,"criteria provided, single submitter"
1334399,Pathogenic,"criteria provided, multiple submitters, no conflicts"
1341564,Pathogenic,"criteria provided, single submitter"
1341565,Likely pathogenic,"criteria provided, single submitter"
1341566,Likely pathogenic,"criteria provided, single submitter"
1341567,Likely pathogenic,"criteria provided, single submitter"
1341570,Likely pathogenic,"criteria provided, single submitter"
1341581,Pathogenic/Likely pathogenic,"criteria provided, multiple submitters, no conflicts"
1343370,Pathogenic/Likely pathogenic,"criteria provided, multiple submitters, no conflicts"
1371905,Pathogenic,"criteria provided, single submitter"
1454247,Pathogenic,"criteria provided, single submitter"
1455835,Pathogenic,"criteria provided, single submitter"
1512785,Likely pathogenic,"criteria provided, multiple submitters, no conflicts"
1457589,Pathogenic,"criteria provided, single submitter"
1457599,Pathogenic,"criteria provided, single submitter"
1457613,Pathogenic,"criteria provided, single submitter"
1498802,Pathogenic,"criteria provided, single submitter"
1362872,Pathogenic,"criteria provided, single submitter"
1420888,Pathogenic,"criteria provided, single submitter"
1459377,Pathogenic/Likely pathogenic,"criteria provided, multiple submitters, no conflicts"
1500501,Likely pathogenic,"criteria provided, single submitter"
1474520,Pathogenic/Likely pathogenic,"criteria provided, multiple submitters, no conflicts"
1423897,Pathogenic,"criteria provided, single submitter"
1394742,Pathogenic,"criteria provided, single submitter"
1395739,Likely pathogenic,reviewed by expert panel
1452737,Pathogenic,"criteria provided, single submitter"
1436912,Likely pathogenic,"criteria provided, single submitter"
1452256,Pathogenic,"criteria provided, multiple submitters, no conflicts"
1372829,Pathogenic/Likely pathogenic,"criteria provided, multiple submitters, no conflicts"
1454897,Pathogenic,"criteria provided, single submitter"
1455062,Pathogenic,"criteria provided, single submitter"
1455072,Pathogenic,"criteria provided, single submitter"
1455437,Pathogenic,"criteria provided, single submitter"
1455439,Pathogenic,"criteria provided, single submitter"
1458332,Pathogenic,"criteria provided, single submitter"
1497238,Likely pathogenic,"criteria provided, multiple submitters, no conflicts"
1460038,Pathogenic,"criteria provided, single submitter"
1460041,Pathogenic,"criteria provided, single submitter"
1498943,Likely pathogenic,"criteria provided, single submitter"
1418589,Pathogenic,"criteria provided, single submitter"
1460327,Pathogenic,"criteria provided, single submitter"
3248378,Pathogenic,"criteria provided, single submitter"
1460372,Pathogenic,"criteria provided, single submitter"
1434758,Likely pathogenic,"criteria provided, multiple submitters, no conflicts"
1518023,Likely pathogenic,"criteria provided, multiple submitters, no conflicts"
1410201,Pathogenic,"criteria provided, single submitter"
1520258,Likely pathogenic,"criteria provided, multiple submitters, no conflicts"
1676657,Pathogenic,no assertion criteria provided
1677968,Likely pathogenic,"criteria provided, single submitter"
1683260,Likely pathogenic,"criteria provided, single submitter"
1685923,Pathogenic,"criteria provided, single submitter"
1686778,Pathogenic/Likely pathogenic,"criteria provided, multiple submitters, no conflicts"
1701351,Likely pathogenic,"criteria provided, single submitter"
1703193,Pathogenic,reviewed by expert panel
1703194,Pathogenic,reviewed by expert panel
1705272,Pathogenic,no assertion criteria provided
1705273,Likely pathogenic,no assertion criteria provided
1709599,Pathogenic,"criteria provided, single submitter"
1712251,Pathogenic,no assertion criteria provided
1737803,Pathogenic,"criteria provided, single submitter"
1738982,Pathogenic,"criteria provided, single submitter"
1730412,Pathogenic,"criteria provided, single submitter"
1740423,Likely pathogenic,"criteria provided, single submitter"
1737013,Pathogenic,"criteria provided, single submitter"
1727785,Pathogenic/Likely pathogenic,"criteria provided, multiple submitters, no conflicts"
1738257,Pathogenic,"criteria provided, single submitter"
1753763,Pathogenic,"criteria provided, single submitter"
1740990,Pathogenic/Likely pathogenic,"criteria provided, multiple submitters, no conflicts"
1754692,Likely pathogenic,"criteria provided, single submitter"
1756297,Pathogenic,"criteria provided, multiple submitters, no conflicts"
1761428,Pathogenic/Likely pathogenic,"criteria provided, multiple submitters, no conflicts"
1755426,Pathogenic,"criteria provided, single submitter"
1758997,Pathogenic,"criteria provided, multiple submitters, no conflicts"
1763717,Likely pathogenic,"criteria provided, single submitter"
1755040,Likely pathogenic,"criteria provided, single submitter"
1764981,Likely pathogenic,"criteria provided, multiple submitters, no conflicts"
1770817,Pathogenic,"criteria provided, single submitter"
1776031,Pathogenic,"criteria provided, single submitter"
1777552,Likely pathogenic,"criteria provided, multiple submitters, no conflicts"
1780568,Pathogenic,"criteria provided, single submitter"
1778445,Pathogenic,"criteria provided, single submitter"
1781789,Pathogenic,"criteria provided, single submitter"
1769469,Likely pathogenic,"criteria provided, single submitter"
1776435,Pathogenic,"criteria provided, single submitter"
1778186,Likely pathogenic,"criteria provided, multiple submitters, no conflicts"
1779868,Likely pathogenic,"criteria provided, single submitter"
1792272,Pathogenic,"criteria provided, single submitter"
1783245,Likely pathogenic,"criteria provided, single submitter"
1783294,Pathogenic,"criteria provided, single submitter"
1791746,Likely pathogenic,"criteria provided, single submitter"
1782873,Pathogenic,"criteria provided, single submitter"
1789858,Pathogenic,"criteria provided, single submitter"
1783896,Pathogenic,"criteria provided, single submitter"
1783984,Likely pathogenic,"criteria provided, single submitter"
1785647,Likely pathogenic,"criteria provided, single submitter"
1785835,Pathogenic,"criteria provided, single submitter"
1789452,Likely pathogenic,"criteria provided, single submitter"
1792888,Pathogenic,"criteria provided, single submitter"
1798997,Pathogenic/Likely pathogenic,"criteria provided, multiple submitters, no conflicts"
1804138,Pathogenic,"criteria provided, single submitter"
1809532,Pathogenic,"criteria provided, single submitter"
1809533,Pathogenic,"criteria provided, single submitter"
1809781,Likely pathogenic,no assertion criteria provided
2138225,Likely pathogenic,"criteria provided, multiple submitters, no conflicts"
2138230,Pathogenic,"criteria provided, single submitter"
2152306,Pathogenic,"criteria provided, single submitter"
2152308,Pathogenic/Likely pathogenic,"criteria provided, multiple submitters, no conflicts"
2152309,Likely pathogenic,"criteria provided, single submitter"
2169607,Pathogenic,"criteria provided, single submitter"
2174859,Pathogenic,"criteria provided, multiple submitters, no conflicts"
2193196,Likely pathogenic,"criteria provided, single submitter"
2423205,Pathogenic,"criteria provided, single submitter"
2423206,Pathogenic,"criteria provided, single submitter"
2423207,Pathogenic,"criteria provided, single submitter"
2423208,Pathogenic,"criteria provided, single submitter"
2423209,Pathogenic,"criteria provided, single submitter"
2423210,Pathogenic,"criteria provided, single submitter"
2423211,Pathogenic,"criteria provided, single submitter"
2423214,Pathogenic,"criteria provided, single submitter"
2423215,Pathogenic,"criteria provided, single submitter"
2423216,Pathogenic,"criteria provided, single submitter"
2423218,Likely pathogenic,"criteria provided, single submitter"
2423219,Pathogenic,"criteria provided, single submitter"
2423220,Pathogenic,"criteria provided, single submitter"
2423221,Pathogenic,"criteria provided, single submitter"
2423222,Pathogenic,"criteria provided, single submitter"
2423223,Likely pathogenic,"criteria provided, single submitter"
1924983,Likely pathogenic,"criteria provided, single submitter"
1975487,Likely pathogenic,"criteria provided, single submitter"
1972135,Likely pathogenic,"criteria provided, single submitter"
1996374,Likely pathogenic,"criteria provided, single submitter"
1994295,Pathogenic,"criteria provided, single submitter"
2004497,Pathogenic,"criteria provided, single submitter"
2036616,Likely pathogenic,"criteria provided, single submitter"
2083068,Pathogenic,"criteria provided, single submitter"
2099294,Likely pathogenic,"criteria provided, single submitter"
2091981,Pathogenic,"criteria provided, single submitter"
2109937,Pathogenic,"criteria provided, single submitter"
2125438,Pathogenic,"criteria provided, single submitter"
2118340,Likely pathogenic,"criteria provided, single submitter"
2132481,Pathogenic,"criteria provided, single submitter"
2133944,Likely pathogenic,"criteria provided, single submitter"
2133381,Pathogenic,"criteria provided, single submitter"
2430372,Pathogenic/Likely pathogenic,"criteria provided, multiple submitters, no conflicts"
2441111,Pathogenic,"criteria provided, single submitter"
2441124,Likely pathogenic,"criteria provided, multiple submitters, no conflicts"
2453916,Pathogenic,"criteria provided, multiple submitters, no conflicts"
2453917,Pathogenic,"criteria provided, single submitter"
2453918,Likely pathogenic,"criteria provided, single submitter"
2453919,Pathogenic,"criteria provided, single submitter"
2491048,Pathogenic,"criteria provided, single submitter"
2498754,Pathogenic,"criteria provided, single submitter"
2500308,Likely pathogenic,"criteria provided, single submitter"
2500336,Likely pathogenic,"criteria provided, single submitter"
2514788,Likely pathogenic,"criteria provided, multiple submitters, no conflicts"
2568142,Likely pathogenic,"criteria provided, single submitter"
2568145,Likely pathogenic,"criteria provided, single submitter"
2568146,Likely pathogenic,"criteria provided, multiple submitters, no conflicts"
2571060,Pathogenic,"criteria provided, single submitter"
2571061,Pathogenic,"criteria provided, single submitter"
2574174,Likely pathogenic,reviewed by expert panel
2574175,Pathogenic,reviewed by expert panel
2574176,Likely pathogenic,reviewed by expert panel
2574177,Likely pathogenic,reviewed by expert panel
2574178,Pathogenic,reviewed by expert panel
2577317,Likely pathogenic,"criteria provided, single submitter"
2578842,Pathogenic,"criteria provided, single submitter"
2627788,Likely pathogenic,no assertion criteria provided
2630476,Likely pathogenic,"criteria provided, single submitter"
2633776,Pathogenic,"criteria provided, multiple submitters, no conflicts"
2636939,Pathogenic/Likely pathogenic,"criteria provided, multiple submitters, no conflicts"
2662464,Pathogenic/Likely pathogenic,"criteria provided, multiple submitters, no conflicts"
2672294,Likely pathogenic,"criteria provided, single submitter"
2681997,Pathogenic,"criteria provided, multiple submitters, no conflicts"
2682001,Likely pathogenic,"criteria provided, single submitter"
2682002,Likely pathogenic,"criteria provided, single submitter"
2682634,Pathogenic,"criteria provided, multiple submitters, no conflicts"
2692366,Likely pathogenic,"criteria provided, single submitter"
2700653,Pathogenic,"criteria provided, single submitter"
2696786,Likely pathogenic,"criteria provided, single submitter"
2701718,Pathogenic,"criteria provided, single submitter"
2704792,Pathogenic,"criteria provided, single submitter"
2719652,Likely pathogenic,"criteria provided, single submitter"
2706780,Likely pathogenic,"criteria provided, single submitter"
2713545,Likely pathogenic,"criteria provided, single submitter"
2713547,Likely pathogenic,"criteria provided, multiple submitters, no conflicts"
2725293,Pathogenic,"criteria provided, single submitter"
2719688,Likely pathogenic,"criteria provided, single submitter"
2725110,Pathogenic,"criteria provided, single submitter"
2735808,Likely pathogenic,"criteria provided, single submitter"
2744437,Pathogenic,"criteria provided, single submitter"
2744449,Likely pathogenic,"criteria provided, single submitter"
2736774,Pathogenic/Likely pathogenic,"criteria provided, multiple submitters, no conflicts"
2736797,Pathogenic/Likely pathogenic,"criteria provided, multiple submitters, no conflicts"
2736801,Pathogenic/Likely pathogenic,"criteria provided, multiple submitters, no conflicts"
2740380,Pathogenic,"criteria provided, single submitter"
2753412,Likely pathogenic,"criteria provided, single submitter"
2749132,Likely pathogenic,"criteria provided, single submitter"
2751116,Likely pathogenic,"criteria provided, single submitter"
2765602,Pathogenic,"criteria provided, single submitter"
2768817,Pathogenic/Likely pathogenic,"criteria provided, multiple submitters, no conflicts"
2771714,Pathogenic/Likely pathogenic,"criteria provided, multiple submitters, no conflicts"
2769386,Pathogenic,"criteria provided, single submitter"
2772644,Pathogenic,"criteria provided, single submitter"
2773491,Pathogenic,"criteria provided, single submitter"
2775431,Likely pathogenic,"criteria provided, multiple submitters, no conflicts"
2777596,Likely pathogenic,"criteria provided, single submitter"
2790080,Pathogenic,"criteria provided, multiple submitters, no conflicts"
2824015,Pathogenic,"criteria provided, single submitter"
2825678,Pathogenic,"criteria provided, single submitter"
2823437,Pathogenic,"criteria provided, single submitter"
2822853,Pathogenic,"criteria provided, single submitter"
2839825,Pathogenic,"criteria provided, single submitter"
2842836,Pathogenic,"criteria provided, single submitter"
2833142,Pathogenic,"criteria provided, single submitter"
2843275,Pathogenic,"criteria provided, single submitter"
2847986,Pathogenic,"criteria provided, single submitter"
2848117,Pathogenic,"criteria provided, single submitter"
2856762,Pathogenic,"criteria provided, single submitter"
2858988,Pathogenic,"criteria provided, single submitter"
2858488,Pathogenic,"criteria provided, single submitter"
2882133,Pathogenic,"criteria provided, single submitter"
2921174,Likely pathogenic,"criteria provided, single submitter"
2972903,Pathogenic,"criteria provided, single submitter"
3062327,Pathogenic/Likely pathogenic,"criteria provided, multiple submitters, no conflicts"
3075748,Likely pathogenic,"criteria provided, single submitter"
3075749,Likely pathogenic,"criteria provided, single submitter"
3075750,Likely pathogenic,"criteria provided, single submitter"
3075751,Likely pathogenic,"criteria provided, single submitter"
3075778,Pathogenic,"criteria provided, multiple submitters, no conflicts"
3075824,Likely pathogenic,"criteria provided, single submitter"
3076048,Pathogenic,"criteria provided, single submitter"
3076054,Likely pathogenic,"criteria provided, single submitter"
3076055,Likely pathogenic,"criteria provided, single submitter"
3076062,Likely pathogenic,"criteria provided, single submitter"
3076070,Likely pathogenic,"criteria provided, single submitter"
3118259,Pathogenic,"criteria provided, single submitter"
3118260,Pathogenic,"criteria provided, single submitter"
3231947,Likely pathogenic,"criteria provided, single submitter"
3231948,Likely pathogenic,"criteria provided, single submitter"
3231951,Pathogenic,"criteria provided, single submitter"
3231959,Likely pathogenic,"criteria provided, single submitter"
3231961,Likely pathogenic,"criteria provided, multiple submitters, no conflicts"
3231963,Pathogenic,"criteria provided, single submitter"
3248369,Pathogenic,"criteria provided, single submitter"
3248370,Pathogenic,"criteria provided, single submitter"
3248371,Pathogenic,"criteria provided, single submitter"
3248372,Pathogenic,"criteria provided, single submitter"
3248373,Pathogenic,"criteria provided, single submitter"
3248375,Pathogenic,"criteria provided, single submitter"
3248379,Pathogenic,"criteria provided, single submitter"
3248380,Pathogenic,"criteria provided, single submitter"
3248381,Pathogenic,"criteria provided, single submitter"
3248382,Pathogenic,"criteria provided, single submitter"
3248383,Pathogenic,"criteria provided, single submitter"
3248384,Pathogenic,"criteria provided, single submitter"
3248386,Pathogenic,"criteria provided, single submitter"
3248387,Pathogenic,"criteria provided, single submitter"
3248389,Pathogenic,"criteria provided, single submitter"
3248390,Likely pathogenic,"criteria provided, single submitter"
3248391,Likely pathogenic,"criteria provided, single submitter"
3248392,Likely pathogenic,"criteria provided, single submitter"
3248393,Pathogenic,"criteria provided, single submitter"
3248394,Pathogenic,"criteria provided, single submitter"
3251087,Pathogenic,"criteria provided, single submitter"
3251242,Pathogenic,"criteria provided, single submitter"
3256915,Pathogenic,"criteria provided, single submitter"
3258107,Pathogenic,"criteria provided, multiple submitters, no conflicts"
3290391,Pathogenic,"criteria provided, single submitter"
3290395,Pathogenic,"criteria provided, single submitter"
3290402,Pathogenic,"criteria provided, single submitter"
3339147,Likely pathogenic,"criteria provided, single submitter"
3340080,Pathogenic,no assertion criteria provided
3340100,Likely pathogenic,"criteria provided, multiple submitters, no conflicts"
3359096,Likely pathogenic,"criteria provided, single submitter"
3360686,Pathogenic/Likely pathogenic,"criteria provided, multiple submitters, no conflicts"
3366495,Pathogenic,"criteria provided, single submitter"
3374772,Likely pathogenic,"criteria provided, single submitter"
3376573,Pathogenic,"criteria provided, single submitter"
3376633,Pathogenic,"criteria provided, single submitter"
3377107,Likely pathogenic,"criteria provided, single submitter"
3377358,Pathogenic,"criteria provided, single submitter"
3377558,Likely pathogenic,"criteria provided, single submitter"
3386979,Likely pathogenic,"criteria provided, single submitter"
3393076,Pathogenic/Likely pathogenic,"criteria provided, multiple submitters, no conflicts"
3537730,Pathogenic,"criteria provided, single submitter"
3537736,Pathogenic,"criteria provided, single submitter"
3537746,Likely pathogenic,"criteria provided, single submitter"
4278948,Pathogenic,"criteria provided, single submitter"
3572132,Likely pathogenic,"criteria provided, single submitter"
3600610,Pathogenic,"criteria provided, single submitter"
3629931,Pathogenic,"criteria provided, single submitter"
3642923,Pathogenic,"criteria provided, single submitter"
3639450,Pathogenic,"criteria provided, single submitter"
3636898,Likely pathogenic,"criteria provided, single submitter"
3636900,Likely pathogenic,"criteria provided, single submitter"
3636903,Likely pathogenic,"criteria provided, single submitter"
3636904,Likely pathogenic,"criteria provided, single submitter"
3636910,Likely pathogenic,"criteria provided, single submitter"
3636911,Likely pathogenic,"criteria provided, single submitter"
3645738,Pathogenic,"criteria provided, single submitter"
3655986,Pathogenic,"criteria provided, single submitter"
3655773,Pathogenic,"criteria provided, single submitter"
3655240,Pathogenic,"criteria provided, single submitter"
3656834,Pathogenic,"criteria provided, single submitter"
3657376,Pathogenic,"criteria provided, multiple submitters, no conflicts"
3667465,Likely pathogenic,"criteria provided, single submitter"
3658602,Pathogenic,"criteria provided, single submitter"
3683876,Likely pathogenic,"criteria provided, single submitter"
3677175,Pathogenic,"criteria provided, single submitter"
3706408,Pathogenic,"criteria provided, single submitter"
3721826,Pathogenic,"criteria provided, single submitter"
3723280,Pathogenic,"criteria provided, single submitter"
3723319,Pathogenic,"criteria provided, single submitter"
3721368,Pathogenic,"criteria provided, single submitter"
3721460,Pathogenic,"criteria provided, single submitter"
3724389,Pathogenic,"criteria provided, single submitter"
3729364,Pathogenic,"criteria provided, single submitter"
3729528,Pathogenic,"criteria provided, multiple submitters, no conflicts"
3724050,Pathogenic,"criteria provided, single submitter"
3764540,Pathogenic,"criteria provided, single submitter"
3767245,Pathogenic,"criteria provided, single submitter"
3767246,Pathogenic,"criteria provided, single submitter"
3768668,Pathogenic,"criteria provided, single submitter"
3769563,Pathogenic,"criteria provided, single submitter"
3772642,Pathogenic,"criteria provided, single submitter"
3772652,Pathogenic,"criteria provided, single submitter"
3773676,Pathogenic,"criteria provided, multiple submitters, no conflicts"
3775024,Pathogenic,reviewed by expert panel
3776094,Likely pathogenic,"criteria provided, multiple submitters, no conflicts"
3893685,Likely pathogenic,"criteria provided, single submitter"
3894793,Likely pathogenic,"criteria provided, single submitter"
3895054,Pathogenic,"criteria provided, single submitter"
3895055,Pathogenic,"criteria provided, single submitter"
3895056,Likely pathogenic,"criteria provided, single submitter"
3895057,Pathogenic,"criteria provided, single submitter"
3895059,Likely pathogenic,"criteria provided, single submitter"
3895221,Likely pathogenic,"criteria provided, single submitter"
3895383,Likely pathogenic,"criteria provided, single submitter"
3895384,Pathogenic,"criteria provided, single submitter"
3895428,Likely pathogenic,"criteria provided, single submitter"
3895464,Pathogenic,"criteria provided, single submitter"
3895565,Pathogenic,"criteria provided, single submitter"
3896748,Likely pathogenic,"criteria provided, single submitter"
3897928,Likely pathogenic,"criteria provided, single submitter"
3902573,Pathogenic,"criteria provided, single submitter"
3907151,Pathogenic,"criteria provided, single submitter"
3911896,Likely pathogenic,"criteria provided, single submitter"
4046733,Likely pathogenic,"criteria provided, single submitter"
4046743,Pathogenic,"criteria provided, single submitter"
4046748,Pathogenic,"criteria provided, multiple submitters, no conflicts"
4069778,Likely pathogenic,"criteria provided, single submitter"
4069780,Pathogenic,"criteria provided, single submitter"
4072195,Pathogenic,"criteria provided, single submitter"
4075804,Pathogenic,"criteria provided, single submitter"
4076978,Likely pathogenic,"criteria provided, single submitter"
4076979,Likely pathogenic,"criteria provided, single submitter"
4076980,Likely pathogenic,"criteria provided, single submitter"
4076981,Likely pathogenic,"criteria provided, single submitter"
4076982,Likely pathogenic,"criteria provided, single submitter"
4076983,Likely pathogenic,"criteria provided, single submitter"
4076984,Likely pathogenic,"criteria provided, single submitter"
4076985,Likely pathogenic,"criteria provided, single submitter"
4076986,Likely pathogenic,"criteria provided, single submitter"
4076987,Likely pathogenic,"criteria provided, single submitter"
4081489,Likely pathogenic,"criteria provided, single submitter"
4081490,Likely pathogenic,"criteria provided, single submitter"
4082332,Likely pathogenic,"criteria provided, single submitter"
4087736,Likely pathogenic,"criteria provided, single submitter"
4097140,Pathogenic,"criteria provided, single submitter"
4097141,Pathogenic,"criteria provided, single submitter"
4097144,Pathogenic,"criteria provided, single submitter"
4291087,Pathogenic,"criteria provided, single submitter"
4291088,Likely pathogenic,"criteria provided, single submitter"
4291089,Pathogenic,"criteria provided, single submitter"
4291090,Pathogenic,"criteria provided, single submitter"
4291091,Pathogenic,"criteria provided, single submitter"
4291092,Pathogenic,"criteria provided, single submitter"
4525752,Likely pathogenic,"criteria provided, single submitter"
4526396,Likely pathogenic,"criteria provided, single submitter"
4526397,Likely pathogenic,"criteria provided, single submitter"
4526398,Likely pathogenic,"criteria provided, single submitter"
4526399,Likely pathogenic,"criteria provided, single submitter"
4526400,Likely pathogenic,"criteria provided, single submitter"
4526401,Likely pathogenic,"criteria provided, single submitter"
4526402,Likely pathogenic,"criteria provided, single submitter"
4526682,Likely pathogenic,no assertion criteria provided
4526720,Pathogenic,"criteria provided, single submitter"
4526913,Pathogenic,"criteria provided, single submitter"
4528366,Pathogenic,"criteria provided, single submitter"
4530625,Likely pathogenic,"criteria provided, single submitter"
4532973,Pathogenic,"criteria provided, single submitter"
4533277,Likely pathogenic,"criteria provided, single submitter"
4535448,Pathogenic,"criteria provided, single submitter"
4538560,Pathogenic,"criteria provided, single submitter"
4538561,Pathogenic,"criteria provided, single submitter"
4538562,Likely pathogenic,"criteria provided, single submitter"
4538563,Pathogenic,"criteria provided, single submitter"
4538564,Pathogenic,"criteria provided, single submitter"
4538565,Pathogenic,"criteria provided, single submitter"
4538566,Pathogenic,"criteria provided, single submitter"
4538567,Pathogenic,"criteria provided, single submitter"
4540592,Likely pathogenic,"criteria provided, single submitter"
4540594,Likely pathogenic,"criteria provided, single submitter"
4540597,Likely pathogenic,"criteria provided, single submitter"
4614505,Pathogenic,"criteria provided, multiple submitters, no conflicts"
4683166,Pathogenic,"criteria provided, single submitter"
4683172,Pathogenic,"criteria provided, single submitter"
4683175,Pathogenic,"criteria provided, single submitter"
4683176,Likely pathogenic,"criteria provided, single submitter"
4687151,Pathogenic,"criteria provided, single submitter"
4690271,Likely pathogenic,reviewed by expert panel
4695160,Pathogenic,"criteria provided, single submitter"
4708249,Likely pathogenic,"criteria provided, single submitter"
4710494,Pathogenic,"criteria provided, multiple submitters, no conflicts"
4715103,Pathogenic,"criteria provided, single submitter"
4721653,Pathogenic,"criteria provided, single submitter"
4713364,Pathogenic,"criteria provided, single submitter"
4712681,Pathogenic,"criteria provided, single submitter"
4714333,Pathogenic,"criteria provided, single submitter"
4726831,Pathogenic,"criteria provided, single submitter"
4728244,Pathogenic,"criteria provided, single submitter"
4733629,Pathogenic,"criteria provided, single submitter"
4735252,Pathogenic,"criteria provided, single submitter"
4722996,Pathogenic,"criteria provided, single submitter"
4729680,Pathogenic,"criteria provided, single submitter"
4725725,Pathogenic,"criteria provided, single submitter"
4727644,Pathogenic,"criteria provided, single submitter"
4727742,Pathogenic,"criteria provided, single submitter"
4733870,Pathogenic,"criteria provided, single submitter"
4755539,Pathogenic,"criteria provided, single submitter"
4758041,Likely pathogenic,"criteria provided, single submitter"
4763895,Pathogenic,"criteria provided, single submitter"
4771976,Likely pathogenic,"criteria provided, single submitter"
4812851,Likely pathogenic,"criteria provided, single submitter"
4812849,Likely pathogenic,"criteria provided, single submitter"
4812842,Likely pathogenic,"criteria provided, single submitter"
4812843,Likely pathogenic,"criteria provided, single submitter"
4796812,Likely pathogenic,"criteria provided, single submitter"
4802594,Likely pathogenic,"criteria provided, single submitter"
4802595,Likely pathogenic,"criteria provided, single submitter"
4802598,Likely pathogenic,"criteria provided, single submitter"
4802599,Likely pathogenic,"criteria provided, single submitter"
4802602,Likely pathogenic,"criteria provided, single submitter"
4802604,Likely pathogenic,"criteria provided, single submitter"
4802605,Likely pathogenic,"criteria provided, single submitter"
4810747,Likely pathogenic,"criteria provided, single submitter"
4812827,Pathogenic,"criteria provided, single submitter"
4812828,Pathogenic,"criteria provided, single submitter"
4812837,Pathogenic,"criteria provided, single submitter"
4812872,Pathogenic,"criteria provided, single submitter"
4812875,Pathogenic,"criteria provided, single submitter"
4812876,Likely pathogenic,"criteria provided, single submitter"
4812877,Pathogenic,"criteria provided, single submitter"
4813275,Pathogenic,"criteria provided, single submitter"
4813276,Likely pathogenic,"criteria provided, single submitter"
4813630,Likely pathogenic,"criteria provided, single submitter"
4814302,Likely pathogenic,"criteria provided, single submitter"
4814303,Likely pathogenic,"criteria provided, single submitter"
4819958,Likely pathogenic,"criteria provided, single submitter"
4819959,Likely pathogenic,"criteria provided, single submitter"
4820289,Pathogenic,"criteria provided, single submitter"
4820447,Pathogenic,"criteria provided, single submitter"
4820448,Pathogenic,"criteria provided, single submitter"
4820564,Pathogenic,"criteria provided, single submitter"
4823870,Pathogenic,"criteria provided, single submitter"
4825489,Pathogenic,"criteria provided, single submitter"
4825490,Likely pathogenic,"criteria provided, single submitter"
4845403,Pathogenic,"criteria provided, single submitter"
4847740,Pathogenic,"criteria provided, single submitter"
4848586,Pathogenic,"criteria provided, single submitter"
4850741,Likely pathogenic,"criteria provided, single submitter"
4851367,Pathogenic,"criteria provided, single submitter"
4852367,Likely pathogenic,"criteria provided, single submitter"
4853802,Pathogenic,"criteria provided, single submitter"
4367,Likely pathogenic,"criteria provided, single submitter"
4369,Likely pathogenic,"criteria provided, multiple submitters, no conflicts"
30576,Pathogenic,no assertion criteria provided
30577,Likely pathogenic,"criteria provided, single submitter"
1027890,Likely pathogenic,"criteria provided, single submitter"
1065507,Pathogenic/Likely pathogenic,"criteria provided, multiple submitters, no conflicts"
4404,Pathogenic,no assertion criteria provided
381733,Pathogenic,"criteria provided, multiple submitters, no conflicts"
978324,Pathogenic/Likely pathogenic,"criteria provided, multiple submitters, no conflicts"
995944,Pathogenic,"criteria provided, single submitter"
1678124,Likely pathogenic,"criteria provided, single submitter"
1742314,Likely pathogenic,"criteria provided, single submitter"
1760482,Likely pathogenic,"criteria provided, single submitter"
1775030,Likely pathogenic,"criteria provided, single submitter"
2434519,Likely pathogenic,"criteria provided, single submitter"
2587093,Pathogenic,"criteria provided, single submitter"
3884283,Pathogenic,"criteria provided, single submitter"
4075749,Likely pathogenic,"criteria provided, single submitter"
4850156,Likely pathogenic,"criteria provided, single submitter"
4773,Pathogenic,"criteria provided, multiple submitters, no conflicts"
4774,Pathogenic,no assertion criteria provided
4775,Pathogenic,"criteria provided, multiple submitters, no conflicts"
4777,Pathogenic,no assertion criteria provided
4779,Pathogenic,"criteria provided, multiple submitters, no conflicts"
4780,Likely pathogenic,"criteria provided, single submitter"
4781,Pathogenic,"criteria provided, multiple submitters, no conflicts"
296981,Pathogenic,"criteria provided, single submitter"
468290,Pathogenic,"criteria provided, multiple submitters, no conflicts"
620519,Pathogenic,"criteria provided, single submitter"
662264,Pathogenic,"criteria provided, multiple submitters, no conflicts"
806092,Likely pathogenic,"criteria provided, single submitter"
817252,Pathogenic/Likely pathogenic,"criteria provided, multiple submitters, no conflicts"
830746,Pathogenic,"criteria provided, single submitter"
860136,Pathogenic,"criteria provided, single submitter"
847427,Likely pathogenic,"criteria provided, multiple submitters, no conflicts"
947831,Pathogenic/Likely pathogenic,"criteria provided, multiple submitters, no conflicts"
935692,Pathogenic,"criteria provided, single submitter"
981055,Pathogenic,"criteria provided, multiple submitters, no conflicts"
1373822,Pathogenic/Likely pathogenic,"criteria provided, multiple submitters, no conflicts"
1072550,Pathogenic,"criteria provided, single submitter"
1074905,Pathogenic,"criteria provided, single submitter"
1072018,Pathogenic/Likely pathogenic,"criteria provided, multiple submitters, no conflicts"
1324659,Pathogenic/Likely pathogenic,"criteria provided, multiple submitters, no conflicts"
1394189,Pathogenic/Likely pathogenic,"criteria provided, multiple submitters, no conflicts"
1399626,Pathogenic,"criteria provided, single submitter"
1471714,Pathogenic/Likely pathogenic,"criteria provided, multiple submitters, no conflicts"
1366160,Pathogenic/Likely pathogenic,"criteria provided, multiple submitters, no conflicts"
1455119,Pathogenic,"criteria provided, single submitter"
1456558,Pathogenic,"criteria provided, single submitter"
1456290,Pathogenic,"criteria provided, single submitter"
1457973,Pathogenic/Likely pathogenic,"criteria provided, multiple submitters, no conflicts"
1677405,Likely pathogenic,"criteria provided, single submitter"
1751270,Pathogenic,"criteria provided, multiple submitters, no conflicts"
1759118,Likely pathogenic,"criteria provided, multiple submitters, no conflicts"
1792217,Pathogenic,"criteria provided, single submitter"
2154296,Pathogenic,"criteria provided, single submitter"
2045810,Likely pathogenic,"criteria provided, single submitter"
2043753,Pathogenic,"criteria provided, single submitter"
2441145,Likely pathogenic,"criteria provided, single submitter"
2441149,Likely pathogenic,"criteria provided, single submitter"
2441153,Likely pathogenic,"criteria provided, multiple submitters, no conflicts"
2441156,Likely pathogenic,"criteria provided, multiple submitters, no conflicts"
2437212,Pathogenic/Likely pathogenic,"criteria provided, multiple submitters, no conflicts"
2698048,Pathogenic,"criteria provided, single submitter"
2697613,Pathogenic,"criteria provided, single submitter"
2789329,Pathogenic,"criteria provided, multiple submitters, no conflicts"
2804597,Pathogenic,"criteria provided, single submitter"
2832489,Pathogenic,"criteria provided, single submitter"
2835248,Pathogenic,"criteria provided, single submitter"
2831407,Pathogenic,"criteria provided, single submitter"
2850621,Pathogenic,"criteria provided, single submitter"
2855236,Pathogenic,"criteria provided, single submitter"
2976227,Likely pathogenic,"criteria provided, single submitter"
2994776,Likely pathogenic,"criteria provided, multiple submitters, no conflicts"
3247771,Pathogenic,"criteria provided, single submitter"
3247772,Pathogenic,"criteria provided, single submitter"
3247773,Pathogenic,"criteria provided, single submitter"
3583488,Likely pathogenic,"criteria provided, single submitter"
3583492,Likely pathogenic,"criteria provided, single submitter"
3611168,Pathogenic/Likely pathogenic,"criteria provided, multiple submitters, no conflicts"
3633064,Pathogenic,"criteria provided, single submitter"
3720184,Pathogenic,"criteria provided, single submitter"
3728969,Likely pathogenic,"criteria provided, single submitter"
4526515,Likely pathogenic,"criteria provided, multiple submitters, no conflicts"
4687614,Pathogenic,"criteria provided, single submitter"
4766926,Pathogenic,"criteria provided, single submitter"
4781508,Pathogenic,"criteria provided, single submitter"
4815875,Likely pathogenic,"criteria provided, single submitter"
4815876,Likely pathogenic,"criteria provided, single submitter"
4815877,Likely pathogenic,"criteria provided, single submitter"
4815879,Likely pathogenic,"criteria provided, single submitter"
4815880,Likely pathogenic,"criteria provided, single submitter"
4847843,Likely pathogenic,"criteria provided, single submitter"
4848184,Pathogenic,"criteria provided, single submitter"
6776,Likely pathogenic,"criteria provided, single submitter"
6777,Pathogenic,no assertion criteria provided
6778,Pathogenic,no assertion criteria provided
6779,Pathogenic,no assertion criteria provided
6780,Pathogenic/Likely pathogenic,"criteria provided, multiple submitters, no conflicts"
6781,Pathogenic/Likely pathogenic,"criteria provided, multiple submitters, no conflicts"
6782,Pathogenic,no assertion criteria provided
6783,Pathogenic/Likely pathogenic,"criteria provided, multiple submitters, no conflicts"
6784,Pathogenic,no assertion criteria provided
6785,Pathogenic/Likely pathogenic,"criteria provided, multiple submitters, no conflicts"
6787,Pathogenic,"criteria provided, multiple submitters, no conflicts"
6788,Pathogenic,"criteria provided, multiple submitters, no conflicts"
6789,Pathogenic/Likely pathogenic,"criteria provided, multiple submitters, no conflicts"
6790,Pathogenic/Likely pathogenic,"criteria provided, multiple submitters, no conflicts"
6791,Pathogenic/Likely pathogenic,"criteria provided, multiple submitters, no conflicts"
6792,Pathogenic/Likely pathogenic,"criteria provided, multiple submitters, no conflicts"
6794,Pathogenic/Likely pathogenic,"criteria provided, multiple submitters, no conflicts"
6795,Pathogenic,"criteria provided, multiple submitters, no conflicts"
21272,Pathogenic,"criteria provided, multiple submitters, no conflicts"
21273,Pathogenic/Likely pathogenic,"criteria provided, multiple submitters, no conflicts"
21274,Pathogenic/Likely pathogenic,"criteria provided, multiple submitters, no conflicts"
21275,Pathogenic/Likely pathogenic,"criteria provided, multiple submitters, no conflicts"
21276,Pathogenic/Likely pathogenic,"criteria provided, multiple submitters, no conflicts"
21277,Pathogenic/Likely pathogenic,"criteria provided, multiple submitters, no conflicts"
30278,Likely pathogenic,"criteria provided, multiple submitters, no conflicts"
93712,Pathogenic,"criteria provided, multiple submitters, no conflicts"
93724,Pathogenic/Likely pathogenic,"criteria provided, multiple submitters, no conflicts"
93725,Pathogenic/Likely pathogenic,"criteria provided, multiple submitters, no conflicts"
166988,Pathogenic/Likely pathogenic,"criteria provided, multiple submitters, no conflicts"
189069,Pathogenic/Likely pathogenic,"criteria provided, multiple submitters, no conflicts"
188923,Pathogenic,"criteria provided, multiple submitters, no conflicts"
188723,Pathogenic,"criteria provided, multiple submitters, no conflicts"
189168,Pathogenic/Likely pathogenic,"criteria provided, multiple submitters, no conflicts"
198773,Pathogenic/Likely pathogenic,"criteria provided, multiple submitters, no conflicts"
265097,Pathogenic/Likely pathogenic,"criteria provided, multiple submitters, no conflicts"
280065,Pathogenic/Likely pathogenic,"criteria provided, multiple submitters, no conflicts"
282268,Pathogenic/Likely pathogenic,"criteria provided, multiple submitters, no conflicts"
284527,Pathogenic/Likely pathogenic,"criteria provided, multiple submitters, no conflicts"
305956,Pathogenic/Likely pathogenic,"criteria provided, multiple submitters, no conflicts"
305955,Pathogenic,"criteria provided, single submitter"
370443,Likely pathogenic,no assertion criteria provided
370598,Pathogenic/Likely pathogenic,"criteria provided, multiple submitters, no conflicts"
370597,Likely pathogenic,"criteria provided, multiple submitters, no conflicts"
370588,Pathogenic/Likely pathogenic,"criteria provided, multiple submitters, no conflicts"
370286,Likely pathogenic,no assertion criteria provided
371183,Pathogenic/Likely pathogenic,"criteria provided, multiple submitters, no conflicts"
371059,Pathogenic/Likely pathogenic,"criteria provided, multiple submitters, no conflicts"
370988,Pathogenic/Likely pathogenic,"criteria provided, multiple submitters, no conflicts"
370808,Likely pathogenic,no assertion criteria provided
371358,Likely pathogenic,"criteria provided, multiple submitters, no conflicts"
371480,Likely pathogenic,no assertion criteria provided
370449,Pathogenic/Likely pathogenic,"criteria provided, multiple submitters, no conflicts"
370573,Pathogenic/Likely pathogenic,"criteria provided, multiple submitters, no conflicts"
371066,Pathogenic,"criteria provided, single submitter"
374209,Likely pathogenic,"criteria provided, single submitter"
381657,Pathogenic/Likely pathogenic,"criteria provided, multiple submitters, no conflicts"
394257,Pathogenic,no assertion criteria provided
397519,Pathogenic/Likely pathogenic,"criteria provided, multiple submitters, no conflicts"
427052,Likely pathogenic,"criteria provided, single submitter"
431994,Pathogenic/Likely pathogenic,"criteria provided, multiple submitters, no conflicts"
458678,Pathogenic/Likely pathogenic,"criteria provided, multiple submitters, no conflicts"
488492,Pathogenic/Likely pathogenic,"criteria provided, multiple submitters, no conflicts"
520690,Pathogenic/Likely pathogenic,"criteria provided, multiple submitters, no conflicts"
558380,Likely pathogenic,no assertion criteria provided
558447,Likely pathogenic,"criteria provided, multiple submitters, no conflicts"
553336,Pathogenic,"criteria provided, single submitter"
551481,Pathogenic/Likely pathogenic,"criteria provided, multiple submitters, no conflicts"
558432,Pathogenic/Likely pathogenic,"criteria provided, multiple submitters, no conflicts"
556307,Pathogenic/Likely pathogenic,"criteria provided, multiple submitters, no conflicts"
550877,Pathogenic,"criteria provided, single submitter"
549919,Likely pathogenic,"criteria provided, multiple submitters, no conflicts"
550951,Pathogenic/Likely pathogenic,"criteria provided, multiple submitters, no conflicts"
557359,Pathogenic/Likely pathogenic,"criteria provided, multiple submitters, no conflicts"
554159,Likely pathogenic,"criteria provided, single submitter"
552616,Pathogenic/Likely pathogenic,"criteria provided, multiple submitters, no conflicts"
551712,Pathogenic/Likely pathogenic,"criteria provided, multiple submitters, no conflicts"
553880,Pathogenic,"criteria provided, single submitter"
549916,Pathogenic/Likely pathogenic,"criteria provided, multiple submitters, no conflicts"
554204,Likely pathogenic,"criteria provided, single submitter"
558708,Likely pathogenic,"criteria provided, single submitter"
553296,Pathogenic/Likely pathogenic,"criteria provided, multiple submitters, no conflicts"
554965,Likely pathogenic,"criteria provided, multiple submitters, no conflicts"
552200,Pathogenic/Likely pathogenic,"criteria provided, multiple submitters, no conflicts"
556525,Pathogenic,"criteria provided, single submitter"
552757,Likely pathogenic,"criteria provided, single submitter"
552520,Pathogenic/Likely pathogenic,"criteria provided, multiple submitters, no conflicts"
558335,Pathogenic/Likely pathogenic,"criteria provided, multiple submitters, no conflicts"
557305,Likely pathogenic,"criteria provided, multiple submitters, no conflicts"
558361,Pathogenic/Likely pathogenic,"criteria provided, multiple submitters, no conflicts"
552797,Likely pathogenic,"criteria provided, multiple submitters, no conflicts"
552371,Pathogenic/Likely pathogenic,"criteria provided, multiple submitters, no conflicts"
555540,Likely pathogenic,no assertion criteria provided
552228,Pathogenic/Likely pathogenic,"criteria provided, multiple submitters, no conflicts"
557422,Likely pathogenic,"criteria provided, single submitter"
558625,Pathogenic/Likely pathogenic,"criteria provided, multiple submitters, no conflicts"
558319,Likely pathogenic,no assertion criteria provided
550263,Likely pathogenic,"criteria provided, single submitter"
562391,Likely pathogenic,no assertion criteria provided
587952,Pathogenic/Likely pathogenic,"criteria provided, multiple submitters, no conflicts"
595087,Pathogenic/Likely pathogenic,"criteria provided, multiple submitters, no conflicts"
620411,Likely pathogenic,"criteria provided, multiple submitters, no conflicts"
623647,Pathogenic/Likely pathogenic,"criteria provided, multiple submitters, no conflicts"
632172,Pathogenic/Likely pathogenic,"criteria provided, multiple submitters, no conflicts"
633186,Pathogenic/Likely pathogenic,"criteria provided, multiple submitters, no conflicts"
652894,Pathogenic/Likely pathogenic,"criteria provided, multiple submitters, no conflicts"
658626,Pathogenic/Likely pathogenic,"criteria provided, multiple submitters, no conflicts"
694691,Pathogenic,"criteria provided, single submitter"
813422,Likely pathogenic,"criteria provided, single submitter"
813482,Pathogenic/Likely pathogenic,"criteria provided, multiple submitters, no conflicts"
813483,Pathogenic/Likely pathogenic,"criteria provided, multiple submitters, no conflicts"
813484,Pathogenic/Likely pathogenic,"criteria provided, multiple submitters, no conflicts"
813485,Pathogenic/Likely pathogenic,"criteria provided, multiple submitters, no conflicts"
813423,Pathogenic/Likely pathogenic,"criteria provided, multiple submitters, no conflicts"
813424,Likely pathogenic,no assertion criteria provided
813425,Pathogenic/Likely pathogenic,"criteria provided, multiple submitters, no conflicts"
831165,Pathogenic,"criteria provided, single submitter"
830646,Pathogenic,"criteria provided, single submitter"
832024,Pathogenic,"criteria provided, single submitter"
845176,Likely pathogenic,"criteria provided, single submitter"
845177,Pathogenic/Likely pathogenic,"criteria provided, multiple submitters, no conflicts"
854087,Pathogenic,"criteria provided, single submitter"
928932,Likely pathogenic,"criteria provided, multiple submitters, no conflicts"
970420,Pathogenic,"criteria provided, single submitter"
961893,Likely pathogenic,"criteria provided, multiple submitters, no conflicts"
983645,Likely pathogenic,"criteria provided, single submitter"
983926,Pathogenic/Likely pathogenic,"criteria provided, multiple submitters, no conflicts"
983927,Likely pathogenic,"criteria provided, single submitter"
983928,Likely pathogenic,"criteria provided, single submitter"
993946,Likely pathogenic,"criteria provided, multiple submitters, no conflicts"
1027907,Likely pathogenic,"criteria provided, multiple submitters, no conflicts"
1066937,Likely pathogenic,"criteria provided, single submitter"
1066741,Likely pathogenic,"criteria provided, multiple submitters, no conflicts"
1066076,Likely pathogenic,"criteria provided, single submitter"
1066908,Likely pathogenic,"criteria provided, single submitter"
1073442,Pathogenic,"criteria provided, single submitter"
1071907,Pathogenic/Likely pathogenic,"criteria provided, multiple submitters, no conflicts"
1076651,Pathogenic,"criteria provided, multiple submitters, no conflicts"
1076413,Pathogenic/Likely pathogenic,"criteria provided, multiple submitters, no conflicts"
1074358,Pathogenic/Likely pathogenic,"criteria provided, multiple submitters, no conflicts"
1179170,Likely pathogenic,no assertion criteria provided
1333506,Likely pathogenic,"criteria provided, multiple submitters, no conflicts"
1338543,Likely pathogenic,"criteria provided, single submitter"
1342621,Pathogenic/Likely pathogenic,"criteria provided, multiple submitters, no conflicts"
1476545,Likely pathogenic,"criteria provided, single submitter"
1478024,Likely pathogenic,"criteria provided, multiple submitters, no conflicts"
1441328,Pathogenic,"criteria provided, single submitter"
1481528,Likely pathogenic,"criteria provided, single submitter"
1414460,Pathogenic,"criteria provided, single submitter"
1497817,Likely pathogenic,"criteria provided, single submitter"
1506319,Likely pathogenic,"criteria provided, single submitter"
1477868,Likely pathogenic,"criteria provided, single submitter"
1452130,Pathogenic/Likely pathogenic,"criteria provided, multiple submitters, no conflicts"
1455236,Pathogenic,"criteria provided, single submitter"
1457935,Pathogenic,"criteria provided, single submitter"
1457937,Pathogenic/Likely pathogenic,"criteria provided, multiple submitters, no conflicts"
1458037,Pathogenic/Likely pathogenic,"criteria provided, multiple submitters, no conflicts"
1361572,Pathogenic,"criteria provided, single submitter"
1457187,Pathogenic/Likely pathogenic,"criteria provided, multiple submitters, no conflicts"
1487172,Likely pathogenic,"criteria provided, single submitter"
1392687,Pathogenic,"criteria provided, single submitter"
1383040,Pathogenic,"criteria provided, single submitter"
1675468,Likely pathogenic,"criteria provided, multiple submitters, no conflicts"
1685298,Likely pathogenic,"criteria provided, single submitter"
1709241,Pathogenic/Likely pathogenic,"criteria provided, multiple submitters, no conflicts"
1723309,Likely pathogenic,"criteria provided, multiple submitters, no conflicts"
1723988,Likely pathogenic,"criteria provided, multiple submitters, no conflicts"
1724221,Likely pathogenic,"criteria provided, single submitter"
1724668,Likely pathogenic,"criteria provided, single submitter"
1725061,Likely pathogenic,"criteria provided, single submitter"
1725240,Likely pathogenic,"criteria provided, single submitter"
1726149,Likely pathogenic,"criteria provided, single submitter"
1726512,Likely pathogenic,"criteria provided, single submitter"
1726797,Likely pathogenic,"criteria provided, single submitter"
1738885,Pathogenic,"criteria provided, single submitter"
2137189,Pathogenic/Likely pathogenic,"criteria provided, multiple submitters, no conflicts"
2137192,Pathogenic,"criteria provided, multiple submitters, no conflicts"
2137194,Likely pathogenic,"criteria provided, single submitter"
2149234,Likely pathogenic,"criteria provided, single submitter"
2174465,Likely pathogenic,"criteria provided, multiple submitters, no conflicts"
2424132,Pathogenic,"criteria provided, single submitter"
2424133,Pathogenic,"criteria provided, single submitter"
2424134,Pathogenic,"criteria provided, single submitter"
1949695,Pathogenic/Likely pathogenic,"criteria provided, multiple submitters, no conflicts"
1984076,Likely pathogenic,"criteria provided, single submitter"
1999612,Pathogenic,"criteria provided, single submitter"
2027738,Likely pathogenic,"criteria provided, single submitter"
2030429,Pathogenic,"criteria provided, single submitter"
2034234,Pathogenic/Likely pathogenic,"criteria provided, multiple submitters, no conflicts"
2036105,Likely pathogenic,"criteria provided, multiple submitters, no conflicts"
2098111,Pathogenic/Likely pathogenic,"criteria provided, multiple submitters, no conflicts"
2113572,Likely pathogenic,"criteria provided, single submitter"
2108087,Pathogenic,"criteria provided, single submitter"
2119342,Likely pathogenic,"criteria provided, single submitter"
2135337,Pathogenic,"criteria provided, single submitter"
2442157,Likely pathogenic,"criteria provided, multiple submitters, no conflicts"
2444619,Likely pathogenic,"criteria provided, single submitter"
2500785,Pathogenic/Likely pathogenic,"criteria provided, multiple submitters, no conflicts"
2705375,Pathogenic,"criteria provided, single submitter"
2707266,Pathogenic,"criteria provided, single submitter"
2709156,Pathogenic,"criteria provided, single submitter"
2718976,Likely pathogenic,"criteria provided, single submitter"
2713214,Pathogenic/Likely pathogenic,"criteria provided, multiple submitters, no conflicts"
2712742,Pathogenic,"criteria provided, single submitter"
2720743,Likely pathogenic,"criteria provided, single submitter"
2734739,Pathogenic,"criteria provided, single submitter"
2738216,Likely pathogenic,"criteria provided, multiple submitters, no conflicts"
2735694,Pathogenic,"criteria provided, single submitter"
2735696,Likely pathogenic,"criteria provided, multiple submitters, no conflicts"
2742143,Likely pathogenic,"criteria provided, single submitter"
2751498,Pathogenic,"criteria provided, single submitter"
2756505,Pathogenic/Likely pathogenic,"criteria provided, multiple submitters, no conflicts"
2752700,Pathogenic,"criteria provided, single submitter"
2748684,Likely pathogenic,"criteria provided, single submitter"
2765084,Pathogenic,"criteria provided, single submitter"
2776868,Pathogenic,"criteria provided, single submitter"
2785310,Pathogenic,"criteria provided, single submitter"
2789912,Likely pathogenic,"criteria provided, single submitter"
2793342,Pathogenic/Likely pathogenic,"criteria provided, multiple submitters, no conflicts"
2790179,Pathogenic/Likely pathogenic,"criteria provided, multiple submitters, no conflicts"
2798881,Likely pathogenic,"criteria provided, single submitter"
2802434,Pathogenic/Likely pathogenic,"criteria provided, multiple submitters, no conflicts"
2815506,Pathogenic/Likely pathogenic,"criteria provided, multiple submitters, no conflicts"
2810893,Pathogenic,"criteria provided, single submitter"
2812732,Likely pathogenic,"criteria provided, single submitter"
2829355,Pathogenic/Likely pathogenic,"criteria provided, multiple submitters, no conflicts"
2820023,Likely pathogenic,"criteria provided, single submitter"
2823123,Likely pathogenic,"criteria provided, single submitter"
2830940,Pathogenic,"criteria provided, single submitter"
2854167,Likely pathogenic,"criteria provided, single submitter"
2858320,Pathogenic/Likely pathogenic,"criteria provided, multiple submitters, no conflicts"
2872676,Pathogenic/Likely pathogenic,"criteria provided, multiple submitters, no conflicts"
2883701,Pathogenic/Likely pathogenic,"criteria provided, multiple submitters, no conflicts"
2918569,Pathogenic,"criteria provided, single submitter"
2968929,Likely pathogenic,"criteria provided, single submitter"
2993642,Likely pathogenic,"criteria provided, single submitter"
3052442,Likely pathogenic,"criteria provided, single submitter"
3233720,Likely pathogenic,"criteria provided, multiple submitters, no conflicts"
3244559,Pathogenic,"criteria provided, single submitter"
3336096,Likely pathogenic,"criteria provided, multiple submitters, no conflicts"
3340265,Pathogenic,"criteria provided, single submitter"
3345666,Likely pathogenic,no assertion criteria provided
3573962,Pathogenic,"criteria provided, single submitter"
3573964,Likely pathogenic,"criteria provided, single submitter"
3573967,Likely pathogenic,"criteria provided, single submitter"
3573968,Likely pathogenic,"criteria provided, single submitter"
3573972,Likely pathogenic,"criteria provided, single submitter"
3573973,Likely pathogenic,"criteria provided, multiple submitters, no conflicts"
3573975,Pathogenic/Likely pathogenic,"criteria provided, multiple submitters, no conflicts"
3573983,Likely pathogenic,"criteria provided, multiple submitters, no conflicts"
3573985,Likely pathogenic,"criteria provided, multiple submitters, no conflicts"
3573987,Likely pathogenic,"criteria provided, single submitter"
3573994,Likely pathogenic,"criteria provided, single submitter"
3649433,Likely pathogenic,"criteria provided, single submitter"
3695689,Pathogenic/Likely pathogenic,"criteria provided, multiple submitters, no conflicts"
3709909,Pathogenic/Likely pathogenic,"criteria provided, multiple submitters, no conflicts"
3720830,Likely pathogenic,"criteria provided, single submitter"
3902470,Pathogenic,"criteria provided, single submitter"
4065832,Likely pathogenic,"criteria provided, single submitter"
4065858,Likely pathogenic,"criteria provided, single submitter"
4065882,Likely pathogenic,"criteria provided, single submitter"
4065893,Likely pathogenic,"criteria provided, single submitter"
4071555,Likely pathogenic,"criteria provided, single submitter"
4540440,Likely pathogenic,"criteria provided, single submitter"
4709607,Likely pathogenic,"criteria provided, single submitter"
4733688,Pathogenic,"criteria provided, single submitter"
4735424,Pathogenic,"criteria provided, single submitter"
4776999,Likely pathogenic,"criteria provided, multiple submitters, no conflicts"
4795135,Likely pathogenic,"criteria provided, single submitter"
4814802,Likely pathogenic,"criteria provided, single submitter"
4814803,Likely pathogenic,"criteria provided, single submitter"
4814804,Likely pathogenic,"criteria provided, single submitter"
4814805,Likely pathogenic,"criteria provided, single submitter"
4814806,Likely pathogenic,"criteria provided, single submitter"
4814807,Likely pathogenic,"criteria provided, single submitter"
4814808,Likely pathogenic,"criteria provided, single submitter"
4814809,Likely pathogenic,"criteria provided, single submitter"
4814810,Likely pathogenic,"criteria provided, single submitter"
4814811,Likely pathogenic,"criteria provided, single submitter"
4814812,Likely pathogenic,"criteria provided, single submitter"
4814813,Likely pathogenic,"criteria provided, single submitter"
4814814,Likely pathogenic,"criteria provided, single submitter"
4814815,Likely pathogenic,"criteria provided, single submitter"
4814816,Likely pathogenic,"criteria provided, single submitter"
4814817,Likely pathogenic,"criteria provided, single submitter"
4814818,Likely pathogenic,"criteria provided, single submitter"
4814819,Likely pathogenic,"criteria provided, single submitter"
4814820,Likely pathogenic,"criteria provided, single submitter"
4814821,Likely pathogenic,"criteria provided, single submitter"
4814822,Likely pathogenic,"criteria provided, single submitter"
4814823,Likely pathogenic,"criteria provided, single submitter"
4814824,Likely pathogenic,"criteria provided, single submitter"
4814825,Likely pathogenic,"criteria provided, single submitter"
4814826,Likely pathogenic,"criteria provided, single submitter"
4814827,Likely pathogenic,"criteria provided, single submitter"
4814828,Likely pathogenic,"criteria provided, single submitter"
4814829,Likely pathogenic,"criteria provided, single submitter"
4814830,Likely pathogenic,"criteria provided, single submitter"
4814831,Likely pathogenic,"criteria provided, single submitter"
4814832,Likely pathogenic,"criteria provided, single submitter"
4814833,Likely pathogenic,"criteria provided, single submitter"
4814834,Likely pathogenic,"criteria provided, single submitter"
4814835,Likely pathogenic,"criteria provided, single submitter"
4814836,Likely pathogenic,"criteria provided, single submitter"
4814837,Likely pathogenic,"criteria provided, single submitter"
4814838,Pathogenic,"criteria provided, single submitter"
4814839,Likely pathogenic,"criteria provided, single submitter"
4814840,Likely pathogenic,"criteria provided, single submitter"
4814841,Likely pathogenic,"criteria provided, single submitter"
4814842,Likely pathogenic,"criteria provided, single submitter"
4814843,Likely pathogenic,"criteria provided, single submitter"
4814844,Likely pathogenic,"criteria provided, single submitter"
4814845,Likely pathogenic,"criteria provided, single submitter"
4814846,Likely pathogenic,"criteria provided, single submitter"
4814847,Likely pathogenic,"criteria provided, single submitter"
4847783,Pathogenic,"criteria provided, single submitter"
7354,Likely pathogenic,"criteria provided, single submitter"
7355,Likely pathogenic,"criteria provided, single submitter"
7356,Pathogenic,no assertion criteria provided
916041,Pathogenic,no assertion criteria provided
916042,Pathogenic,no assertion criteria provided
9257,Pathogenic/Likely pathogenic,"criteria provided, multiple submitters, no conflicts"
9258,Pathogenic,"criteria provided, multiple submitters, no conflicts"
9259,Pathogenic/Likely pathogenic,"criteria provided, multiple submitters, no conflicts"
9260,Pathogenic/Likely pathogenic,"criteria provided, multiple submitters, no conflicts"
9261,Likely pathogenic,"criteria provided, multiple submitters, no conflicts"
9262,Pathogenic,no assertion criteria provided
203781,Likely pathogenic,"criteria provided, multiple submitters, no conflicts"
280473,Pathogenic,"criteria provided, multiple submitters, no conflicts"
452101,Pathogenic/Likely pathogenic,"criteria provided, multiple submitters, no conflicts"
449457,Pathogenic,"criteria provided, multiple submitters, no conflicts"
488532,Pathogenic,"criteria provided, single submitter"
488533,Pathogenic,"criteria provided, single submitter"
590814,Likely pathogenic,"criteria provided, multiple submitters, no conflicts"
650721,Pathogenic,"criteria provided, single submitter"
644135,Pathogenic,"criteria provided, single submitter"
827683,Pathogenic,"criteria provided, single submitter"
832206,Pathogenic,"criteria provided, single submitter"
859739,Pathogenic/Likely pathogenic,"criteria provided, multiple submitters, no conflicts"
859738,Pathogenic,"criteria provided, single submitter"
870424,Likely pathogenic,"criteria provided, single submitter"
870423,Likely pathogenic,"criteria provided, single submitter"
915425,Pathogenic/Likely pathogenic,"criteria provided, multiple submitters, no conflicts"
2194069,Pathogenic/Likely pathogenic,"criteria provided, multiple submitters, no conflicts"
2080601,Pathogenic,"criteria provided, single submitter"
3730215,Pathogenic,"criteria provided, single submitter"
1120051,Pathogenic,no assertion criteria provided
1175190,Likely pathogenic,"criteria provided, single submitter"
1175191,Likely pathogenic,"criteria provided, single submitter"
1184725,Pathogenic,no assertion criteria provided
1327460,Pathogenic,"criteria provided, single submitter"
1327461,Pathogenic,"criteria provided, single submitter"
1327462,Likely pathogenic,"criteria provided, single submitter"
1327463,Likely pathogenic,"criteria provided, single submitter"
1327465,Pathogenic,"criteria provided, multiple submitters, no conflicts"
1327466,Likely pathogenic,"criteria provided, single submitter"
1327467,Pathogenic,"criteria provided, single submitter"
1327468,Likely pathogenic,"criteria provided, single submitter"
1327469,Pathogenic,"criteria provided, single submitter"
1342318,Likely pathogenic,"criteria provided, single submitter"
1453176,Pathogenic,"criteria provided, multiple submitters, no conflicts"
1424635,Pathogenic,"criteria provided, single submitter"
1458530,Pathogenic,"criteria provided, single submitter"
2149225,Pathogenic,"criteria provided, single submitter"
2230120,Pathogenic,"criteria provided, single submitter"
2628076,Likely pathogenic,"criteria provided, single submitter"
2964858,Pathogenic,"criteria provided, single submitter"
3370433,Likely pathogenic,no assertion criteria provided
3382317,Likely pathogenic,"criteria provided, single submitter"
3383101,Likely pathogenic,"criteria provided, multiple submitters, no conflicts"
3693126,Pathogenic,"criteria provided, single submitter"
3896593,Likely pathogenic,"criteria provided, single submitter"
4278221,Likely pathogenic,"criteria provided, single submitter"
4278298,Likely pathogenic,"criteria provided, single submitter"
4706223,Pathogenic,"criteria provided, single submitter"
4742331,Pathogenic,"criteria provided, single submitter"
4805929,Likely pathogenic,"criteria provided, single submitter"
4850041,Likely pathogenic,"criteria provided, single submitter"
4852948,Pathogenic,"criteria provided, single submitter"
9483,Likely pathogenic,"criteria provided, single submitter"
9484,Pathogenic,no assertion criteria provided
9485,Pathogenic,no assertion criteria provided
9486,Pathogenic,no assertion criteria provided
9487,Pathogenic,no assertion criteria provided
9488,Pathogenic,"criteria provided, single submitter"
9489,Pathogenic,no assertion criteria provided
9492,Pathogenic,no assertion criteria provided
9493,Pathogenic,no assertion criteria provided
9494,Likely pathogenic,"criteria provided, single submitter"
9495,Pathogenic,no assertion criteria provided
9496,Likely pathogenic,"criteria provided, single submitter"
9498,Pathogenic,no assertion criteria provided
9499,Pathogenic,no assertion criteria provided
9500,Pathogenic,no assertion criteria provided
9502,Pathogenic,no assertion criteria provided
9504,Pathogenic,no assertion criteria provided
9505,Pathogenic,no assertion criteria provided
364389,Pathogenic/Likely pathogenic,"criteria provided, multiple submitters, no conflicts"
374312,Likely pathogenic,no assertion criteria provided
504124,Pathogenic,"criteria provided, single submitter"
632033,Pathogenic/Likely pathogenic,"criteria provided, multiple submitters, no conflicts"
872555,Pathogenic,"criteria provided, single submitter"
933215,Likely pathogenic,"criteria provided, single submitter"
2136803,Likely pathogenic,"criteria provided, single submitter"
1064620,Likely pathogenic,"criteria provided, single submitter"
3720890,Pathogenic,"criteria provided, single submitter"
4813697,Pathogenic,"criteria provided, single submitter"
2735310,Pathogenic,"criteria provided, single submitter"
4709684,Pathogenic,"criteria provided, single submitter"
2735311,Pathogenic,"criteria provided, single submitter"
1360777,Pathogenic,"criteria provided, single submitter"
1443024,Pathogenic,"criteria provided, single submitter"
1503632,Likely pathogenic,"criteria provided, multiple submitters, no conflicts"
1456561,Pathogenic,"criteria provided, single submitter"
1457817,Pathogenic,"criteria provided, single submitter"
1803827,Likely pathogenic,"criteria provided, single submitter"
1803885,Likely pathogenic,"criteria provided, single submitter"
2136800,Likely pathogenic,"criteria provided, multiple submitters, no conflicts"
2425359,Likely pathogenic,"criteria provided, single submitter"
1929414,Pathogenic,"criteria provided, single submitter"
1969031,Likely pathogenic,"criteria provided, single submitter"
2087161,Pathogenic,"criteria provided, single submitter"
2110925,Likely pathogenic,"criteria provided, single submitter"
2627928,Pathogenic,"criteria provided, single submitter"
2683744,Likely pathogenic,"criteria provided, single submitter"
2735312,Pathogenic/Likely pathogenic,"criteria provided, multiple submitters, no conflicts"
2735314,Pathogenic,"criteria provided, single submitter"
2794859,Pathogenic,"criteria provided, single submitter"
2806056,Pathogenic,"criteria provided, single submitter"
2847432,Pathogenic,"criteria provided, single submitter"
2862987,Pathogenic,"criteria provided, single submitter"
2976199,Likely pathogenic,"criteria provided, single submitter"
3063714,Likely pathogenic,"criteria provided, single submitter"
3078691,Likely pathogenic,"criteria provided, multiple submitters, no conflicts"
3224730,Pathogenic,"criteria provided, single submitter"
3256126,Pathogenic,"criteria provided, single submitter"
3339293,Pathogenic,"criteria provided, single submitter"
3490013,Likely pathogenic,"criteria provided, single submitter"
3492444,Likely pathogenic,"criteria provided, single submitter"
3573478,Pathogenic,"criteria provided, single submitter"
3618784,Pathogenic,"criteria provided, single submitter"
3618082,Pathogenic,"criteria provided, single submitter"
3642246,Likely pathogenic,"criteria provided, single submitter"
3650081,Likely pathogenic,"criteria provided, single submitter"
3673493,Pathogenic,"criteria provided, single submitter"
3720893,Pathogenic,"criteria provided, single submitter"
3729642,Likely pathogenic,"criteria provided, single submitter"
3779318,Likely pathogenic,"criteria provided, single submitter"
3892960,Likely pathogenic,"criteria provided, single submitter"
3911242,Likely pathogenic,"criteria provided, single submitter"
4081070,Likely pathogenic,"criteria provided, single submitter"
4715168,Pathogenic,"criteria provided, single submitter"
4709686,Pathogenic,"criteria provided, single submitter"
4725075,Pathogenic,"criteria provided, single submitter"
4730816,Pathogenic,"criteria provided, single submitter"
4727208,Pathogenic,"criteria provided, single submitter"
4813698,Pathogenic,"criteria provided, single submitter"
4849334,Likely pathogenic,"criteria provided, single submitter"
11426,Likely pathogenic,"criteria provided, single submitter"
11427,Pathogenic,no assertion criteria provided
11428,Pathogenic,no assertion criteria provided
11429,Pathogenic,no assertion criteria provided
11430,Pathogenic,no assertion criteria provided
11431,Pathogenic,no assertion criteria provided
21265,Likely pathogenic,"criteria provided, single submitter"
21266,Pathogenic,"criteria provided, single submitter"
21268,Pathogenic,no assertion criteria provided
159454,Pathogenic,"criteria provided, single submitter"
159456,Pathogenic,"criteria provided, single submitter"
159457,Pathogenic,"criteria provided, single submitter"
159449,Likely pathogenic,"criteria provided, single submitter"
211748,Pathogenic,"criteria provided, single submitter"
800901,Likely pathogenic,"criteria provided, single submitter"
958137,Likely pathogenic,"criteria provided, single submitter"
1013083,Pathogenic,"criteria provided, single submitter"
1066388,Likely pathogenic,"criteria provided, single submitter"
1214891,Likely pathogenic,"criteria provided, single submitter"
2441794,Likely pathogenic,"criteria provided, single submitter"
4082153,Pathogenic,no assertion criteria provided
11483,Pathogenic,no assertion criteria provided
11484,Pathogenic,"criteria provided, single submitter"
11485,Pathogenic/Likely pathogenic,"criteria provided, multiple submitters, no conflicts"
11486,Pathogenic,no assertion criteria provided
11487,Pathogenic,no assertion criteria provided
11488,Pathogenic,no assertion criteria provided
11489,Pathogenic,"criteria provided, single submitter"
11490,Pathogenic,no assertion criteria provided
11491,Pathogenic,no assertion criteria provided
11492,Pathogenic,"criteria provided, multiple submitters, no conflicts"
11493,Pathogenic,no assertion criteria provided
158530,Pathogenic,"criteria provided, single submitter"
158532,Pathogenic,"criteria provided, single submitter"
158533,Pathogenic/Likely pathogenic,"criteria provided, multiple submitters, no conflicts"
158534,Likely pathogenic,"criteria provided, single submitter"
158535,Likely pathogenic,"criteria provided, single submitter"
158536,Pathogenic,"criteria provided, single submitter"
158537,Likely pathogenic,"criteria provided, single submitter"
158538,Pathogenic,"criteria provided, single submitter"
158539,Likely pathogenic,"criteria provided, single submitter"
158540,Pathogenic,"criteria provided, single submitter"
158541,Pathogenic,"criteria provided, single submitter"
158542,Likely pathogenic,"criteria provided, single submitter"
158543,Likely pathogenic,"criteria provided, single submitter"
158544,Likely pathogenic,"criteria provided, single submitter"
158545,Pathogenic,"criteria provided, multiple submitters, no conflicts"
158546,Likely pathogenic,"criteria provided, single submitter"
158548,Pathogenic,"criteria provided, single submitter"
158549,Pathogenic,"criteria provided, single submitter"
158550,Likely pathogenic,"criteria provided, single submitter"
158553,Likely pathogenic,"criteria provided, single submitter"
209038,Pathogenic,no assertion criteria provided
209039,Likely pathogenic,"criteria provided, single submitter"
209040,Pathogenic,no assertion criteria provided
210901,Likely pathogenic,"criteria provided, single submitter"
210902,Pathogenic,"criteria provided, single submitter"
210903,Pathogenic,"criteria provided, single submitter"
210904,Likely pathogenic,"criteria provided, single submitter"
210905,Pathogenic,"criteria provided, single submitter"
210906,Pathogenic,"criteria provided, single submitter"
265110,Pathogenic/Likely pathogenic,"criteria provided, multiple submitters, no conflicts"
423969,Pathogenic,"criteria provided, single submitter"
803990,Pathogenic,"criteria provided, multiple submitters, no conflicts"
803991,Pathogenic,"criteria provided, single submitter"
807598,Pathogenic/Likely pathogenic,"criteria provided, multiple submitters, no conflicts"
988320,Pathogenic,"criteria provided, single submitter"
989351,Pathogenic,"criteria provided, single submitter"
1069093,Pathogenic,"criteria provided, single submitter"
1322814,Pathogenic,"criteria provided, single submitter"
1335934,Likely pathogenic,"criteria provided, single submitter"
1338397,Likely pathogenic,"criteria provided, single submitter"
1354233,Pathogenic/Likely pathogenic,"criteria provided, multiple submitters, no conflicts"
1453472,Pathogenic,"criteria provided, single submitter"
1514947,Likely pathogenic,"criteria provided, single submitter"
1486480,Likely pathogenic,"criteria provided, single submitter"
1352397,Pathogenic,"criteria provided, single submitter"
1463061,Likely pathogenic,"criteria provided, single submitter"
1410474,Pathogenic/Likely pathogenic,"criteria provided, multiple submitters, no conflicts"
1699251,Pathogenic,"criteria provided, single submitter"
1712643,Pathogenic,"criteria provided, single submitter"
2138562,Pathogenic,"criteria provided, single submitter"
2138564,Likely pathogenic,"criteria provided, single submitter"
2015626,Pathogenic,"criteria provided, single submitter"
2445496,Pathogenic,"criteria provided, single submitter"
2498139,Likely pathogenic,"criteria provided, single submitter"
2501695,Pathogenic,"criteria provided, single submitter"
2632981,Likely pathogenic,"criteria provided, multiple submitters, no conflicts"
2737222,Likely pathogenic,"criteria provided, single submitter"
2770855,Pathogenic,"criteria provided, single submitter"
2765456,Likely pathogenic,"criteria provided, single submitter"
2833708,Likely pathogenic,"criteria provided, single submitter"
3251172,Likely pathogenic,"criteria provided, single submitter"
3376737,Likely pathogenic,"criteria provided, single submitter"
3638247,Pathogenic,"criteria provided, single submitter"
3662928,Pathogenic,"criteria provided, single submitter"
3661413,Pathogenic,"criteria provided, single submitter"
4293298,Likely pathogenic,"criteria provided, single submitter"
4293428,Likely pathogenic,"criteria provided, single submitter"
4710748,Pathogenic,"criteria provided, multiple submitters, no conflicts"
4717836,Pathogenic,"criteria provided, single submitter"
4732145,Pathogenic,"criteria provided, single submitter"
4745674,Likely pathogenic,"criteria provided, single submitter"
11928,Pathogenic,no assertion criteria provided
11929,Pathogenic/Likely pathogenic,"criteria provided, multiple submitters, no conflicts"
11930,Pathogenic,"criteria provided, multiple submitters, no conflicts"
11931,Pathogenic,"criteria provided, multiple submitters, no conflicts"
11932,Pathogenic/Likely pathogenic,"criteria provided, multiple submitters, no conflicts"
11933,Likely pathogenic,"criteria provided, single submitter"
11934,Pathogenic,"criteria provided, multiple submitters, no conflicts"
11935,Pathogenic,no assertion criteria provided
39724,Pathogenic,no assertion criteria provided
39725,Pathogenic/Likely pathogenic,"criteria provided, multiple submitters, no conflicts"
39726,Pathogenic/Likely pathogenic,"criteria provided, multiple submitters, no conflicts"
39727,Pathogenic,"criteria provided, multiple submitters, no conflicts"
39728,Pathogenic,no assertion criteria provided
39729,Pathogenic,no assertion criteria provided
39730,Pathogenic,no assertion criteria provided
88836,Pathogenic,"criteria provided, single submitter"
88837,Pathogenic,no assertion criteria provided
97561,Pathogenic/Likely pathogenic,"criteria provided, multiple submitters, no conflicts"
97569,Pathogenic/Likely pathogenic,"criteria provided, multiple submitters, no conflicts"
97572,Pathogenic,"criteria provided, multiple submitters, no conflicts"
97574,Pathogenic/Likely pathogenic,"criteria provided, multiple submitters, no conflicts"
97576,Pathogenic,"criteria provided, multiple submitters, no conflicts"
97579,Pathogenic/Likely pathogenic,"criteria provided, multiple submitters, no conflicts"
97580,Pathogenic,"criteria provided, single submitter"
97581,Pathogenic/Likely pathogenic,"criteria provided, multiple submitters, no conflicts"
97585,Pathogenic,"criteria provided, single submitter"
97587,Pathogenic,"criteria provided, single submitter"
97589,Pathogenic/Likely pathogenic,"criteria provided, multiple submitters, no conflicts"
97591,Likely pathogenic,"criteria provided, multiple submitters, no conflicts"
97592,Pathogenic/Likely pathogenic,"criteria provided, multiple submitters, no conflicts"
97593,Pathogenic,"criteria provided, single submitter"
97597,Pathogenic,"criteria provided, multiple submitters, no conflicts"
97601,Pathogenic/Likely pathogenic,"criteria provided, multiple submitters, no conflicts"
97602,Pathogenic/Likely pathogenic,"criteria provided, multiple submitters, no conflicts"
97603,Pathogenic/Likely pathogenic,"criteria provided, multiple submitters, no conflicts"
97608,Pathogenic/Likely pathogenic,"criteria provided, multiple submitters, no conflicts"
97612,Pathogenic/Likely pathogenic,"criteria provided, multiple submitters, no conflicts"
97616,Likely pathogenic,"criteria provided, single submitter"
97625,Pathogenic,"criteria provided, multiple submitters, no conflicts"
97627,Likely pathogenic,"criteria provided, multiple submitters, no conflicts"
97630,Pathogenic/Likely pathogenic,"criteria provided, multiple submitters, no conflicts"
97631,Pathogenic/Likely pathogenic,"criteria provided, multiple submitters, no conflicts"
97637,Likely pathogenic,"criteria provided, multiple submitters, no conflicts"
97639,Pathogenic/Likely pathogenic,"criteria provided, multiple submitters, no conflicts"
217749,Pathogenic,no assertion criteria provided
217750,Pathogenic,no assertion criteria provided
234379,Pathogenic,"criteria provided, multiple submitters, no conflicts"
307100,Pathogenic/Likely pathogenic,"criteria provided, multiple submitters, no conflicts"
488556,Likely pathogenic,"criteria provided, single submitter"
573681,Pathogenic,"criteria provided, single submitter"
636691,Pathogenic/Likely pathogenic,"criteria provided, multiple submitters, no conflicts"
649235,Pathogenic,"criteria provided, multiple submitters, no conflicts"
802890,Likely pathogenic,"criteria provided, single submitter"
812112,Pathogenic,"criteria provided, single submitter"
871146,Pathogenic/Likely pathogenic,"criteria provided, multiple submitters, no conflicts"
943304,Likely pathogenic,"criteria provided, multiple submitters, no conflicts"
954760,Pathogenic/Likely pathogenic,"criteria provided, multiple submitters, no conflicts"
960301,Likely pathogenic,"criteria provided, multiple submitters, no conflicts"
987381,Likely pathogenic,"criteria provided, single submitter"
1044056,Likely pathogenic,"criteria provided, single submitter"
1067488,Likely pathogenic,"criteria provided, single submitter"
1075609,Pathogenic,"criteria provided, single submitter"
1071478,Pathogenic,"criteria provided, single submitter"
1460450,Pathogenic,"criteria provided, single submitter"
1683508,Likely pathogenic,"criteria provided, single submitter"
1694354,Likely pathogenic,"criteria provided, single submitter"
1695892,Likely pathogenic,no assertion criteria provided
1801199,Likely pathogenic,"criteria provided, single submitter"
2137420,Pathogenic,"criteria provided, single submitter"
2137423,Likely pathogenic,"criteria provided, single submitter"
2142782,Pathogenic,"criteria provided, single submitter"
2196384,Pathogenic,"criteria provided, single submitter"
2423080,Pathogenic,"criteria provided, single submitter"
2019291,Likely pathogenic,"criteria provided, single submitter"
2024803,Pathogenic,"criteria provided, single submitter"
2033869,Likely pathogenic,"criteria provided, single submitter"
2090149,Pathogenic,"criteria provided, single submitter"
2098514,Likely pathogenic,"criteria provided, single submitter"
2441609,Likely pathogenic,"criteria provided, multiple submitters, no conflicts"
2635502,Pathogenic,"criteria provided, multiple submitters, no conflicts"
2931188,Pathogenic,"criteria provided, single submitter"
2921862,Pathogenic,"criteria provided, single submitter"
2925505,Pathogenic,"criteria provided, single submitter"
2925507,Pathogenic,"criteria provided, single submitter"
2947497,Pathogenic,"criteria provided, single submitter"
2938110,Pathogenic,"criteria provided, single submitter"
2943228,Pathogenic,"criteria provided, single submitter"
2944926,Pathogenic,"criteria provided, single submitter"
2948422,Pathogenic,"criteria provided, single submitter"
2949233,Pathogenic,"criteria provided, single submitter"
2954526,Pathogenic,"criteria provided, single submitter"
2952122,Pathogenic,"criteria provided, single submitter"
2953508,Pathogenic,"criteria provided, single submitter"
2953001,Pathogenic,"criteria provided, single submitter"
3244321,Pathogenic,"criteria provided, single submitter"
3574221,Likely pathogenic,"criteria provided, single submitter"
3574224,Likely pathogenic,"criteria provided, single submitter"
3574227,Likely pathogenic,"criteria provided, single submitter"
3574230,Likely pathogenic,"criteria provided, single submitter"
3574237,Likely pathogenic,"criteria provided, single submitter"
3574238,Likely pathogenic,"criteria provided, multiple submitters, no conflicts"
3574240,Likely pathogenic,"criteria provided, single submitter"
3574243,Likely pathogenic,"criteria provided, single submitter"
3574246,Likely pathogenic,"criteria provided, single submitter"
3749910,Likely pathogenic,"criteria provided, single submitter"
3753367,Pathogenic,"criteria provided, single submitter"
3759174,Pathogenic,"criteria provided, single submitter"
3896240,Likely pathogenic,"criteria provided, single submitter"
4081743,Pathogenic,"criteria provided, single submitter"
4082099,Likely pathogenic,"criteria provided, single submitter"
4085084,Likely pathogenic,"criteria provided, single submitter"
4784797,Pathogenic,"criteria provided, single submitter"
4789069,Pathogenic,"criteria provided, single submitter"
4793682,Likely pathogenic,"criteria provided, single submitter"
4794732,Likely pathogenic,"criteria provided, single submitter"
4845250,Pathogenic,"criteria provided, single submitter"
4847619,Pathogenic,"criteria provided, single submitter"
12200,Pathogenic,no assertion criteria provided
12201,Pathogenic,"criteria provided, single submitter"
12202,Pathogenic,no assertion criteria provided
21381,Pathogenic,no assertion criteria provided
55852,Pathogenic,no assertion criteria provided
64373,Pathogenic,"criteria provided, single submitter"
212557,Likely pathogenic,"criteria provided, single submitter"
212565,Pathogenic/Likely pathogenic,"criteria provided, multiple submitters, no conflicts"
265344,Pathogenic,"criteria provided, multiple submitters, no conflicts"
450520,Likely pathogenic,"criteria provided, single submitter"
450521,Pathogenic,"criteria provided, single submitter"
635065,Likely pathogenic,"criteria provided, single submitter"
1180758,Pathogenic,"criteria provided, single submitter"
1219774,Likely pathogenic,"criteria provided, single submitter"
1223471,Pathogenic,"criteria provided, multiple submitters, no conflicts"
1325339,Pathogenic/Likely pathogenic,"criteria provided, multiple submitters, no conflicts"
1333255,Likely pathogenic,"criteria provided, single submitter"
1679407,Likely pathogenic,"criteria provided, single submitter"
1699105,Likely pathogenic,"criteria provided, single submitter"
1705671,Likely pathogenic,"criteria provided, single submitter"
1705926,Likely pathogenic,"criteria provided, single submitter"
2231752,Likely pathogenic,"criteria provided, single submitter"
2444129,Likely pathogenic,"criteria provided, single submitter"
2445903,Likely pathogenic,"criteria provided, multiple submitters, no conflicts"
2577844,Pathogenic,"criteria provided, multiple submitters, no conflicts"
2577846,Pathogenic,no assertion criteria provided
2577847,Pathogenic,no assertion criteria provided
2577848,Pathogenic,no assertion criteria provided
2698407,Pathogenic,"criteria provided, single submitter"
2706526,Pathogenic,"criteria provided, single submitter"
2708334,Pathogenic,"criteria provided, single submitter"
2735236,Likely pathogenic,"criteria provided, single submitter"
2750364,Pathogenic,"criteria provided, single submitter"
2753414,Pathogenic,"criteria provided, single submitter"
2766171,Pathogenic,"criteria provided, single submitter"
2787504,Pathogenic,"criteria provided, single submitter"
2827540,Pathogenic,"criteria provided, single submitter"
2826269,Pathogenic,"criteria provided, single submitter"
2837856,Pathogenic,"criteria provided, single submitter"
2838121,Pathogenic,"criteria provided, single submitter"
2832321,Pathogenic,"criteria provided, single submitter"
2842085,Pathogenic,"criteria provided, single submitter"
2842381,Likely pathogenic,"criteria provided, single submitter"
2836814,Likely pathogenic,"criteria provided, single submitter"
2847664,Likely pathogenic,"criteria provided, single submitter"
2855138,Pathogenic,"criteria provided, single submitter"
2860356,Pathogenic,"criteria provided, single submitter"
2892838,Likely pathogenic,"criteria provided, multiple submitters, no conflicts"
2888335,Likely pathogenic,"criteria provided, single submitter"
2904136,Likely pathogenic,"criteria provided, multiple submitters, no conflicts"
2908853,Pathogenic,"criteria provided, single submitter"
2978710,Pathogenic,"criteria provided, single submitter"
2999329,Pathogenic,"criteria provided, single submitter"
3016959,Likely pathogenic,"criteria provided, single submitter"
3245313,Pathogenic,"criteria provided, single submitter"
3245314,Pathogenic,"criteria provided, single submitter"
3245315,Pathogenic,"criteria provided, single submitter"
3245316,Pathogenic,"criteria provided, single submitter"
3255613,Pathogenic,"criteria provided, single submitter"
3597243,Likely pathogenic,"criteria provided, single submitter"
3597244,Likely pathogenic,"criteria provided, single submitter"
3597245,Likely pathogenic,"criteria provided, single submitter"
3597246,Likely pathogenic,"criteria provided, single submitter"
3597247,Likely pathogenic,"criteria provided, single submitter"
3722097,Likely pathogenic,"criteria provided, single submitter"
4735338,Likely pathogenic,"criteria provided, single submitter"
4847965,Likely pathogenic,"criteria provided, single submitter"
14234,Pathogenic,"criteria provided, single submitter"
14235,Pathogenic,"criteria provided, multiple submitters, no conflicts"
14236,Pathogenic/Likely pathogenic,"criteria provided, multiple submitters, no conflicts"
14237,Pathogenic,no assertion criteria provided
14238,Pathogenic/Likely pathogenic,"criteria provided, multiple submitters, no conflicts"
14239,Pathogenic,no assertion criteria provided
14240,Pathogenic,no assertion criteria provided
14241,Pathogenic,no assertion criteria provided
14243,Pathogenic,"criteria provided, multiple submitters, no conflicts"
435905,Pathogenic,"criteria provided, multiple submitters, no conflicts"
495776,Pathogenic,"criteria provided, multiple submitters, no conflicts"
557836,Likely pathogenic,no assertion criteria provided
627620,Likely pathogenic,"criteria provided, single submitter"
633321,Pathogenic/Likely pathogenic,"criteria provided, multiple submitters, no conflicts"
646677,Likely pathogenic,"criteria provided, multiple submitters, no conflicts"
638950,Pathogenic,"criteria provided, multiple submitters, no conflicts"
832755,Pathogenic,"criteria provided, single submitter"
835792,Pathogenic,"criteria provided, single submitter"
850460,Pathogenic,"criteria provided, single submitter"
840396,Pathogenic/Likely pathogenic,"criteria provided, multiple submitters, no conflicts"
855242,Pathogenic/Likely pathogenic,"criteria provided, multiple submitters, no conflicts"
855865,Pathogenic,"criteria provided, single submitter"
861271,Likely pathogenic,"criteria provided, single submitter"
871102,Likely pathogenic,"criteria provided, single submitter"
955246,Pathogenic/Likely pathogenic,"criteria provided, multiple submitters, no conflicts"
956573,Pathogenic/Likely pathogenic,"criteria provided, multiple submitters, no conflicts"
984258,Likely pathogenic,"criteria provided, single submitter"
984259,Pathogenic/Likely pathogenic,"criteria provided, multiple submitters, no conflicts"
984260,Likely pathogenic,"criteria provided, single submitter"
983692,Likely pathogenic,"criteria provided, single submitter"
983693,Likely pathogenic,"criteria provided, single submitter"
983694,Likely pathogenic,"criteria provided, single submitter"
983695,Likely pathogenic,"criteria provided, single submitter"
983696,Likely pathogenic,"criteria provided, single submitter"
983697,Likely pathogenic,"criteria provided, single submitter"
983698,Likely pathogenic,"criteria provided, single submitter"
983699,Likely pathogenic,"criteria provided, single submitter"
983772,Likely pathogenic,"criteria provided, multiple submitters, no conflicts"
983773,Likely pathogenic,"criteria provided, single submitter"
983774,Likely pathogenic,"criteria provided, single submitter"
983775,Likely pathogenic,"criteria provided, single submitter"
983776,Likely pathogenic,"criteria provided, single submitter"
983777,Likely pathogenic,"criteria provided, single submitter"
1028159,Likely pathogenic,"criteria provided, multiple submitters, no conflicts"
1028157,Pathogenic,"criteria provided, single submitter"
1067411,Likely pathogenic,"criteria provided, single submitter"
1066159,Likely pathogenic,"criteria provided, multiple submitters, no conflicts"
1069670,Pathogenic,"criteria provided, single submitter"
1075423,Pathogenic/Likely pathogenic,"criteria provided, multiple submitters, no conflicts"
1070986,Pathogenic,"criteria provided, single submitter"
1073794,Pathogenic/Likely pathogenic,"criteria provided, multiple submitters, no conflicts"
1072850,Pathogenic,"criteria provided, multiple submitters, no conflicts"
1069126,Pathogenic/Likely pathogenic,"criteria provided, multiple submitters, no conflicts"
1068931,Pathogenic/Likely pathogenic,"criteria provided, multiple submitters, no conflicts"
1072851,Pathogenic,"criteria provided, single submitter"
1321372,Likely pathogenic,"criteria provided, single submitter"
1323301,Pathogenic,"criteria provided, single submitter"
1411259,Pathogenic,"criteria provided, single submitter"
1356942,Pathogenic,"criteria provided, single submitter"
1452643,Pathogenic,"criteria provided, multiple submitters, no conflicts"
1454038,Pathogenic,"criteria provided, single submitter"
1401466,Pathogenic,"criteria provided, single submitter"
1455866,Pathogenic,"criteria provided, single submitter"
1455885,Pathogenic,"criteria provided, single submitter"
1486711,Likely pathogenic,"criteria provided, multiple submitters, no conflicts"
1421683,Pathogenic,"criteria provided, single submitter"
1409778,Pathogenic/Likely pathogenic,"criteria provided, multiple submitters, no conflicts"
1450470,Pathogenic,"criteria provided, single submitter"
1465914,Likely pathogenic,"criteria provided, single submitter"
1385779,Pathogenic/Likely pathogenic,"criteria provided, multiple submitters, no conflicts"
1373188,Pathogenic,"criteria provided, single submitter"
1455229,Pathogenic,"criteria provided, single submitter"
1458029,Pathogenic,"criteria provided, single submitter"
1407188,Pathogenic,"criteria provided, single submitter"
1407271,Pathogenic,"criteria provided, single submitter"
1487209,Likely pathogenic,"criteria provided, single submitter"
1437947,Pathogenic,"criteria provided, single submitter"
1355057,Pathogenic,"criteria provided, single submitter"
1520206,Likely pathogenic,"criteria provided, multiple submitters, no conflicts"
1519984,Likely pathogenic,"criteria provided, single submitter"
1687508,Pathogenic,"criteria provided, single submitter"
1711595,Likely pathogenic,"criteria provided, single submitter"
1724038,Likely pathogenic,"criteria provided, single submitter"
1724073,Likely pathogenic,"criteria provided, single submitter"
1724151,Likely pathogenic,"criteria provided, single submitter"
1724277,Likely pathogenic,"criteria provided, single submitter"
1724329,Likely pathogenic,"criteria provided, single submitter"
1724469,Likely pathogenic,"criteria provided, single submitter"
1724542,Likely pathogenic,"criteria provided, single submitter"
1724604,Likely pathogenic,"criteria provided, single submitter"
1724636,Likely pathogenic,"criteria provided, single submitter"
1724637,Likely pathogenic,"criteria provided, single submitter"
1724822,Likely pathogenic,"criteria provided, single submitter"
1724911,Likely pathogenic,"criteria provided, single submitter"
1725004,Likely pathogenic,"criteria provided, single submitter"
1725048,Likely pathogenic,"criteria provided, single submitter"
1725111,Likely pathogenic,"criteria provided, single submitter"
1725205,Likely pathogenic,"criteria provided, single submitter"
1725302,Likely pathogenic,"criteria provided, single submitter"
1725352,Likely pathogenic,"criteria provided, single submitter"
1725587,Likely pathogenic,"criteria provided, single submitter"
1725645,Likely pathogenic,"criteria provided, single submitter"
1725668,Likely pathogenic,"criteria provided, single submitter"
1726254,Likely pathogenic,"criteria provided, single submitter"
1726271,Likely pathogenic,"criteria provided, single submitter"
1726379,Likely pathogenic,"criteria provided, single submitter"
1726425,Likely pathogenic,"criteria provided, single submitter"
1726461,Pathogenic/Likely pathogenic,"criteria provided, multiple submitters, no conflicts"
1726513,Likely pathogenic,"criteria provided, single submitter"
1726580,Likely pathogenic,"criteria provided, single submitter"
1726729,Likely pathogenic,"criteria provided, single submitter"
1726882,Likely pathogenic,"criteria provided, single submitter"
1726902,Likely pathogenic,"criteria provided, single submitter"
2154056,Pathogenic/Likely pathogenic,"criteria provided, multiple submitters, no conflicts"
2189688,Pathogenic,"criteria provided, single submitter"
2195657,Pathogenic,"criteria provided, single submitter"
2203554,Likely pathogenic,"criteria provided, multiple submitters, no conflicts"
2422674,Pathogenic,"criteria provided, single submitter"
2422675,Pathogenic,"criteria provided, single submitter"
2422676,Likely pathogenic,"criteria provided, single submitter"
2422677,Pathogenic,"criteria provided, single submitter"
2418922,Pathogenic,"criteria provided, single submitter"
1898960,Pathogenic/Likely pathogenic,"criteria provided, multiple submitters, no conflicts"
1934654,Pathogenic,"criteria provided, single submitter"
1930401,Pathogenic,"criteria provided, single submitter"
1957408,Likely pathogenic,"criteria provided, single submitter"
1951879,Pathogenic,"criteria provided, single submitter"
1994774,Pathogenic,"criteria provided, single submitter"
1996484,Pathogenic,"criteria provided, single submitter"
2031225,Pathogenic,"criteria provided, single submitter"
2028760,Pathogenic,"criteria provided, single submitter"
2064741,Pathogenic,"criteria provided, single submitter"
2080628,Pathogenic,"criteria provided, single submitter"
2097816,Pathogenic,"criteria provided, single submitter"
2103356,Pathogenic,"criteria provided, single submitter"
2107362,Pathogenic/Likely pathogenic,"criteria provided, multiple submitters, no conflicts"
2128305,Pathogenic,"criteria provided, single submitter"
2133283,Likely pathogenic,"criteria provided, single submitter"
2430126,Likely pathogenic,"criteria provided, single submitter"
2431640,Pathogenic,"criteria provided, single submitter"
2445867,Pathogenic,"criteria provided, multiple submitters, no conflicts"
2603785,Pathogenic,"criteria provided, single submitter"
2629592,Likely pathogenic,no assertion criteria provided
2690280,Pathogenic,"criteria provided, single submitter"
2703893,Pathogenic,"criteria provided, single submitter"
2703419,Pathogenic,"criteria provided, single submitter"
2696160,Pathogenic,"criteria provided, single submitter"
2707287,Pathogenic,"criteria provided, single submitter"
2728721,Pathogenic,"criteria provided, single submitter"
2745785,Pathogenic,"criteria provided, single submitter"
2765356,Likely pathogenic,"criteria provided, single submitter"
2770323,Likely pathogenic,"criteria provided, single submitter"
2766675,Pathogenic,"criteria provided, single submitter"
2812397,Pathogenic,"criteria provided, single submitter"
2837120,Pathogenic,"criteria provided, single submitter"
2848080,Likely pathogenic,"criteria provided, single submitter"
2871245,Pathogenic/Likely pathogenic,"criteria provided, multiple submitters, no conflicts"
2979028,Likely pathogenic,"criteria provided, single submitter"
2984156,Pathogenic,"criteria provided, single submitter"
2999044,Pathogenic/Likely pathogenic,"criteria provided, multiple submitters, no conflicts"
3020506,Pathogenic,"criteria provided, single submitter"
3032498,Likely pathogenic,no assertion criteria provided
3246705,Pathogenic,"criteria provided, single submitter"
3377094,Likely pathogenic,"criteria provided, single submitter"
3377112,Likely pathogenic,"criteria provided, single submitter"
3377626,Likely pathogenic,"criteria provided, single submitter"
3589696,Likely pathogenic,"criteria provided, single submitter"
3589698,Likely pathogenic,"criteria provided, single submitter"
3643073,Likely pathogenic,"criteria provided, single submitter"
3645379,Pathogenic,"criteria provided, single submitter"
3659342,Pathogenic,"criteria provided, single submitter"
3723376,Pathogenic,"criteria provided, single submitter"
3723730,Pathogenic,"criteria provided, single submitter"
4058009,Likely pathogenic,"criteria provided, single submitter"
4058040,Pathogenic,"criteria provided, single submitter"
4058049,Pathogenic,"criteria provided, single submitter"
4058055,Likely pathogenic,"criteria provided, single submitter"
4081742,Pathogenic/Likely pathogenic,"criteria provided, multiple submitters, no conflicts"
4731969,Likely pathogenic,"criteria provided, single submitter"
4763203,Pathogenic,"criteria provided, single submitter"
4813308,Likely pathogenic,"criteria provided, single submitter"
4817985,Pathogenic,"criteria provided, single submitter"
4817986,Likely pathogenic,"criteria provided, single submitter"
4817987,Likely pathogenic,"criteria provided, single submitter"
4817988,Likely pathogenic,"criteria provided, single submitter"
4817989,Likely pathogenic,"criteria provided, single submitter"
4817990,Likely pathogenic,"criteria provided, single submitter"
4817991,Likely pathogenic,"criteria provided, single submitter"
4817992,Likely pathogenic,"criteria provided, single submitter"
4817993,Likely pathogenic,"criteria provided, single submitter"
4817994,Likely pathogenic,"criteria provided, single submitter"
14450,Pathogenic,no assertion criteria provided
4070902,Likely pathogenic,no assertion criteria provided
29776,Pathogenic,no assertion criteria provided
1174131,Pathogenic,no assertion criteria provided
1705274,Likely pathogenic,no assertion criteria provided
1705275,Pathogenic,no assertion criteria provided
17524,Pathogenic/Likely pathogenic,"criteria provided, multiple submitters, no conflicts"
17528,Pathogenic,no assertion criteria provided
1322066,Pathogenic,"criteria provided, single submitter"
1324061,Likely pathogenic,"criteria provided, multiple submitters, no conflicts"
1324062,Pathogenic,"criteria provided, single submitter"
1675625,Pathogenic,"criteria provided, single submitter"
2690563,Likely pathogenic,"criteria provided, single submitter"
2690564,Likely pathogenic,"criteria provided, single submitter"
3349566,Likely pathogenic,no assertion criteria provided
3779056,Likely pathogenic,"criteria provided, single submitter"
4850047,Likely pathogenic,"criteria provided, single submitter"
17849,Pathogenic,no assertion criteria provided
17850,Likely pathogenic,"criteria provided, multiple submitters, no conflicts"
17852,Pathogenic,no assertion criteria provided
17853,Pathogenic,no assertion criteria provided
17857,Pathogenic,no assertion criteria provided
17858,Pathogenic,no assertion criteria provided
17859,Pathogenic,no assertion criteria provided
17861,Pathogenic,no assertion criteria provided
17862,Likely pathogenic,"criteria provided, multiple submitters, no conflicts"
17874,Pathogenic,no assertion criteria provided
17875,Pathogenic,no assertion criteria provided
17879,Pathogenic,no assertion criteria provided
17880,Pathogenic/Likely pathogenic,"criteria provided, multiple submitters, no conflicts"
487346,Likely pathogenic,"criteria provided, single submitter"
126456,Pathogenic,"criteria provided, multiple submitters, no conflicts"
375636,Likely pathogenic,"criteria provided, single submitter"
1077013,Likely pathogenic,"criteria provided, single submitter"
1341575,Likely pathogenic,"criteria provided, single submitter"
4293233,Likely pathogenic,"criteria provided, single submitter"
4812829,Likely pathogenic,"criteria provided, single submitter"
17881,Pathogenic,"criteria provided, multiple submitters, no conflicts"
17882,Pathogenic,no assertion criteria provided
17883,Pathogenic,"criteria provided, multiple submitters, no conflicts"
17884,Pathogenic/Likely pathogenic,"criteria provided, multiple submitters, no conflicts"
17885,Pathogenic,no assertion criteria provided
17886,Pathogenic,no assertion criteria provided
17887,Pathogenic/Likely pathogenic,"criteria provided, multiple submitters, no conflicts"
17888,Pathogenic,no assertion criteria provided
17889,Pathogenic,no assertion criteria provided
17890,Pathogenic/Likely pathogenic,"criteria provided, multiple submitters, no conflicts"
17892,Pathogenic,"criteria provided, multiple submitters, no conflicts"
17893,Pathogenic,"criteria provided, single submitter"
17894,Pathogenic,no assertion criteria provided
17895,Pathogenic/Likely pathogenic,"criteria provided, multiple submitters, no conflicts"
17896,Pathogenic,"criteria provided, single submitter"
17898,Likely pathogenic,"criteria provided, single submitter"
17899,Pathogenic,no assertion criteria provided
17900,Pathogenic,no assertion criteria provided
17901,Pathogenic,"criteria provided, single submitter"
29608,Pathogenic,no assertion criteria provided
40223,Pathogenic/Likely pathogenic,"criteria provided, multiple submitters, no conflicts"
69511,Pathogenic,"criteria provided, multiple submitters, no conflicts"
3752738,Pathogenic,"criteria provided, single submitter"
210222,Likely pathogenic,"criteria provided, single submitter"
228245,Likely pathogenic,"criteria provided, multiple submitters, no conflicts"
237754,Pathogenic,"criteria provided, single submitter"
265895,Pathogenic,"criteria provided, single submitter"
374255,Likely pathogenic,"criteria provided, single submitter"
404400,Pathogenic/Likely pathogenic,"criteria provided, multiple submitters, no conflicts"
404409,Pathogenic,"criteria provided, single submitter"
431502,Pathogenic,"criteria provided, single submitter"
431499,Pathogenic,"criteria provided, multiple submitters, no conflicts"
431498,Pathogenic,"criteria provided, single submitter"
431494,Pathogenic,"criteria provided, single submitter"
431489,Pathogenic,"criteria provided, single submitter"
434251,Likely pathogenic,"criteria provided, single submitter"
434252,Pathogenic/Likely pathogenic,"criteria provided, multiple submitters, no conflicts"
438310,Pathogenic/Likely pathogenic,"criteria provided, multiple submitters, no conflicts"
440505,Pathogenic,no assertion criteria provided
440509,Pathogenic,no assertion criteria provided
440510,Pathogenic,no assertion criteria provided
440512,Pathogenic,no assertion criteria provided
440522,Pathogenic,"criteria provided, single submitter"
440523,Likely pathogenic,"criteria provided, single submitter"
440524,Pathogenic,no assertion criteria provided
440525,Pathogenic,no assertion criteria provided
440526,Pathogenic,no assertion criteria provided
440527,Pathogenic,no assertion criteria provided
440528,Pathogenic,"criteria provided, single submitter"
440529,Pathogenic,no assertion criteria provided
444010,Likely pathogenic,"criteria provided, single submitter"
477784,Pathogenic,"criteria provided, single submitter"
477783,Pathogenic,"criteria provided, multiple submitters, no conflicts"
495857,Pathogenic/Likely pathogenic,"criteria provided, multiple submitters, no conflicts"
524093,Pathogenic/Likely pathogenic,"criteria provided, multiple submitters, no conflicts"
544130,Pathogenic,"criteria provided, single submitter"
544076,Pathogenic/Likely pathogenic,"criteria provided, multiple submitters, no conflicts"
544071,Pathogenic,"criteria provided, single submitter"
580451,Likely pathogenic,"criteria provided, single submitter"
569699,Pathogenic/Likely pathogenic,"criteria provided, multiple submitters, no conflicts"
577519,Pathogenic/Likely pathogenic,"criteria provided, multiple submitters, no conflicts"
620216,Likely pathogenic,"criteria provided, single submitter"
630334,Likely pathogenic,"criteria provided, multiple submitters, no conflicts"
648832,Pathogenic,"criteria provided, single submitter"
801653,Likely pathogenic,"criteria provided, single submitter"
827637,Likely pathogenic,no assertion criteria provided
827638,Likely pathogenic,"criteria provided, single submitter"
827639,Likely pathogenic,no assertion criteria provided
853099,Pathogenic,"criteria provided, single submitter"
843259,Pathogenic,"criteria provided, multiple submitters, no conflicts"
838558,Pathogenic/Likely pathogenic,"criteria provided, multiple submitters, no conflicts"
855100,Pathogenic,"criteria provided, multiple submitters, no conflicts"
895430,Pathogenic,"criteria provided, multiple submitters, no conflicts"
917844,Pathogenic,"criteria provided, single submitter"
925921,Pathogenic,"criteria provided, multiple submitters, no conflicts"
921367,Pathogenic,"criteria provided, single submitter"
920726,Pathogenic,"criteria provided, single submitter"
927955,Pathogenic,"criteria provided, multiple submitters, no conflicts"
918183,Pathogenic,"criteria provided, single submitter"
2931646,Likely pathogenic,"criteria provided, single submitter"
930769,Likely pathogenic,"criteria provided, single submitter"
951011,Pathogenic,"criteria provided, single submitter"
950577,Pathogenic,"criteria provided, single submitter"
939237,Pathogenic,"criteria provided, single submitter"
959104,Pathogenic,"criteria provided, single submitter"
976726,Pathogenic,"criteria provided, single submitter"
977986,Pathogenic,"criteria provided, single submitter"
977985,Pathogenic,"criteria provided, single submitter"
978301,Likely pathogenic,"criteria provided, single submitter"
982792,Likely pathogenic,"criteria provided, single submitter"
2949610,Pathogenic/Likely pathogenic,"criteria provided, multiple submitters, no conflicts"
1046270,Likely pathogenic,"criteria provided, single submitter"
1068824,Pathogenic,"criteria provided, single submitter"
1071546,Pathogenic,"criteria provided, single submitter"
1070406,Pathogenic,"criteria provided, multiple submitters, no conflicts"
1070659,Pathogenic,"criteria provided, single submitter"
1174484,Pathogenic/Likely pathogenic,"criteria provided, multiple submitters, no conflicts"
1299572,Pathogenic,"criteria provided, single submitter"
1299586,Pathogenic,"criteria provided, single submitter"
1323319,Pathogenic/Likely pathogenic,"criteria provided, multiple submitters, no conflicts"
1323322,Pathogenic,"criteria provided, multiple submitters, no conflicts"
1323325,Pathogenic/Likely pathogenic,"criteria provided, multiple submitters, no conflicts"
4783531,Likely pathogenic,"criteria provided, single submitter"
1323360,Pathogenic,"criteria provided, single submitter"
1323920,Likely pathogenic,"criteria provided, single submitter"
1323922,Likely pathogenic,"criteria provided, single submitter"
2650709,Pathogenic,"criteria provided, multiple submitters, no conflicts"
1330071,Likely pathogenic,"criteria provided, single submitter"
1330634,Pathogenic/Likely pathogenic,"criteria provided, multiple submitters, no conflicts"
1468789,Likely pathogenic,"criteria provided, single submitter"
1386291,Pathogenic,"criteria provided, single submitter"
1494951,Likely pathogenic,"criteria provided, single submitter"
1455782,Pathogenic,"criteria provided, single submitter"
1496923,Likely pathogenic,"criteria provided, single submitter"
1416136,Pathogenic,"criteria provided, single submitter"
1364654,Pathogenic/Likely pathogenic,"criteria provided, multiple submitters, no conflicts"
1369494,Pathogenic,"criteria provided, single submitter"
1453164,Pathogenic,"criteria provided, single submitter"
1454956,Pathogenic,"criteria provided, single submitter"
1402036,Pathogenic,"criteria provided, single submitter"
1456415,Pathogenic,"criteria provided, single submitter"
1458186,Pathogenic,"criteria provided, single submitter"
1458005,Pathogenic/Likely pathogenic,"criteria provided, multiple submitters, no conflicts"
1432825,Pathogenic,"criteria provided, single submitter"
1406951,Pathogenic,"criteria provided, single submitter"
1416940,Pathogenic,"criteria provided, single submitter"
1515327,Likely pathogenic,"criteria provided, single submitter"
1678797,Pathogenic,"criteria provided, multiple submitters, no conflicts"
1685525,Pathogenic,"criteria provided, single submitter"
1685526,Pathogenic,"criteria provided, single submitter"
1685527,Pathogenic/Likely pathogenic,"criteria provided, multiple submitters, no conflicts"
1685528,Pathogenic,"criteria provided, single submitter"
1701919,Likely pathogenic,"criteria provided, single submitter"
1704963,Pathogenic,"criteria provided, multiple submitters, no conflicts"
1705571,Pathogenic,"criteria provided, single submitter"
1803866,Pathogenic,"criteria provided, single submitter"
1809710,Likely pathogenic,no assertion criteria provided
2203022,Pathogenic,"criteria provided, single submitter"
2202111,Pathogenic,"criteria provided, single submitter"
1878402,Pathogenic,"criteria provided, single submitter"
1895395,Likely pathogenic,"criteria provided, single submitter"
1914768,Pathogenic,"criteria provided, single submitter"
1939251,Pathogenic,"criteria provided, single submitter"
1957134,Pathogenic,"criteria provided, multiple submitters, no conflicts"
1991651,Pathogenic,"criteria provided, single submitter"
1983784,Pathogenic,"criteria provided, multiple submitters, no conflicts"
2044989,Pathogenic/Likely pathogenic,"criteria provided, multiple submitters, no conflicts"
2033258,Pathogenic,"criteria provided, single submitter"
2084238,Pathogenic,"criteria provided, single submitter"
2094513,Pathogenic,"criteria provided, single submitter"
2100639,Pathogenic,"criteria provided, single submitter"
2130943,Pathogenic,"criteria provided, single submitter"
2134447,Likely pathogenic,"criteria provided, single submitter"
2501611,Pathogenic/Likely pathogenic,"criteria provided, multiple submitters, no conflicts"
2506190,Pathogenic,"criteria provided, single submitter"
2572439,Likely pathogenic,"criteria provided, single submitter"
2582602,Likely pathogenic,"criteria provided, multiple submitters, no conflicts"
2636301,Likely pathogenic,"criteria provided, single submitter"
2650710,Pathogenic,"criteria provided, single submitter"
2692513,Likely pathogenic,"criteria provided, single submitter"
2922354,Pathogenic,"criteria provided, single submitter"
2925964,Pathogenic,"criteria provided, single submitter"
2927391,Pathogenic,"criteria provided, single submitter"
2927629,Pathogenic,"criteria provided, single submitter"
2929243,Pathogenic,"criteria provided, single submitter"
2925315,Pathogenic,"criteria provided, single submitter"
2925317,Pathogenic,"criteria provided, single submitter"
2925318,Pathogenic,"criteria provided, multiple submitters, no conflicts"
2930593,Pathogenic,"criteria provided, single submitter"
2928257,Likely pathogenic,"criteria provided, single submitter"
2933458,Pathogenic,"criteria provided, single submitter"
2927812,Pathogenic/Likely pathogenic,"criteria provided, multiple submitters, no conflicts"
2929773,Pathogenic,"criteria provided, single submitter"
2931489,Likely pathogenic,"criteria provided, single submitter"
2934540,Pathogenic,"criteria provided, single submitter"
2937495,Pathogenic,"criteria provided, single submitter"
2944357,Likely pathogenic,"criteria provided, single submitter"
2946216,Pathogenic,"criteria provided, single submitter"
2948178,Pathogenic,"criteria provided, single submitter"
2943935,Likely pathogenic,"criteria provided, single submitter"
2936678,Pathogenic,"criteria provided, single submitter"
2943324,Pathogenic,"criteria provided, single submitter"
2944775,Pathogenic,"criteria provided, single submitter"
2944843,Pathogenic,"criteria provided, single submitter"
2948441,Pathogenic,"criteria provided, single submitter"
2949732,Pathogenic,"criteria provided, single submitter"
2949743,Pathogenic,"criteria provided, multiple submitters, no conflicts"
2951059,Pathogenic,"criteria provided, single submitter"
2951661,Pathogenic,"criteria provided, single submitter"
2953129,Pathogenic,"criteria provided, single submitter"
2953191,Pathogenic,"criteria provided, single submitter"
3027049,Pathogenic,"criteria provided, single submitter"
3067674,Pathogenic,"criteria provided, single submitter"
3069184,Likely pathogenic,"criteria provided, single submitter"
3076010,Likely pathogenic,"criteria provided, single submitter"
3076012,Likely pathogenic,"criteria provided, single submitter"
3236789,Pathogenic,"criteria provided, single submitter"
3236855,Pathogenic/Likely pathogenic,"criteria provided, multiple submitters, no conflicts"
3247423,Pathogenic,"criteria provided, single submitter"
3307797,Pathogenic,"criteria provided, single submitter"
3358994,Likely pathogenic,"criteria provided, single submitter"
3359085,Pathogenic,"criteria provided, single submitter"
3381149,Likely pathogenic,"criteria provided, single submitter"
3381871,Likely pathogenic,"criteria provided, single submitter"
3382717,Likely pathogenic,"criteria provided, single submitter"
3382761,Likely pathogenic,"criteria provided, single submitter"
3382837,Likely pathogenic,"criteria provided, single submitter"
3388716,Likely pathogenic,"criteria provided, single submitter"
3572065,Pathogenic,"criteria provided, single submitter"
3602760,Likely pathogenic,"criteria provided, single submitter"
3758585,Pathogenic,"criteria provided, single submitter"
3759634,Pathogenic,"criteria provided, single submitter"
3759711,Pathogenic,"criteria provided, single submitter"
3751074,Pathogenic,"criteria provided, single submitter"
3751084,Pathogenic,"criteria provided, single submitter"
3752274,Pathogenic,"criteria provided, single submitter"
3755950,Pathogenic,"criteria provided, single submitter"
3748465,Likely pathogenic,"criteria provided, single submitter"
3756925,Likely pathogenic,"criteria provided, single submitter"
3760061,Pathogenic,"criteria provided, single submitter"
3760082,Likely pathogenic,"criteria provided, single submitter"
3763156,Pathogenic,"criteria provided, single submitter"
3764668,Likely pathogenic,"criteria provided, single submitter"
3767115,Likely pathogenic,"criteria provided, single submitter"
3775164,Pathogenic,"criteria provided, single submitter"
3779350,Likely pathogenic,"criteria provided, single submitter"
3885619,Likely pathogenic,"criteria provided, single submitter"
3885337,Pathogenic,"criteria provided, single submitter"
3893241,Likely pathogenic,"criteria provided, single submitter"
3896614,Likely pathogenic,"criteria provided, single submitter"
3898700,Likely pathogenic,"criteria provided, single submitter"
3899242,Likely pathogenic,"criteria provided, single submitter"
3903258,Likely pathogenic,"criteria provided, single submitter"
3911889,Likely pathogenic,"criteria provided, single submitter"
4070954,Pathogenic,no assertion criteria provided
4072067,Likely pathogenic,"criteria provided, single submitter"
4077157,Likely pathogenic,"criteria provided, single submitter"
4531296,Likely pathogenic,"criteria provided, single submitter"
4532934,Likely pathogenic,"criteria provided, single submitter"
4533252,Likely pathogenic,"criteria provided, single submitter"
4542537,Pathogenic,"criteria provided, single submitter"
4542538,Likely pathogenic,"criteria provided, single submitter"
4686062,Likely pathogenic,"criteria provided, single submitter"
4783133,Pathogenic,"criteria provided, single submitter"
4784103,Pathogenic,"criteria provided, single submitter"
4784355,Pathogenic,"criteria provided, single submitter"
4784371,Pathogenic,"criteria provided, single submitter"
4786150,Pathogenic,"criteria provided, single submitter"
4787609,Pathogenic,"criteria provided, single submitter"
4785552,Pathogenic,"criteria provided, single submitter"
4785641,Pathogenic,"criteria provided, single submitter"
4785096,Pathogenic,"criteria provided, single submitter"
4792430,Pathogenic,"criteria provided, single submitter"
4794201,Pathogenic,"criteria provided, single submitter"
4823125,Pathogenic,"criteria provided, single submitter"
4851852,Pathogenic,"criteria provided, single submitter"
17902,Pathogenic,no assertion criteria provided
17903,Pathogenic,no assertion criteria provided
17909,Pathogenic,no assertion criteria provided
17911,Pathogenic,no assertion criteria provided
17914,Pathogenic,no assertion criteria provided
17917,Pathogenic,"criteria provided, multiple submitters, no conflicts"
17918,Pathogenic,no assertion criteria provided
17919,Pathogenic,no assertion criteria provided
17921,Pathogenic,no assertion criteria provided
17922,Pathogenic,no assertion criteria provided
17923,Pathogenic,no assertion criteria provided
17924,Pathogenic,"criteria provided, multiple submitters, no conflicts"
17926,Pathogenic,no assertion criteria provided
17927,Pathogenic,no assertion criteria provided
17928,Pathogenic,"criteria provided, single submitter"
17929,Pathogenic,no assertion criteria provided
17930,Pathogenic,no assertion criteria provided
17932,Pathogenic,no assertion criteria provided
17933,Pathogenic,no assertion criteria provided
17934,Pathogenic,no assertion criteria provided
565272,Pathogenic/Likely pathogenic,"criteria provided, multiple submitters, no conflicts"
1163527,Pathogenic/Likely pathogenic,"criteria provided, multiple submitters, no conflicts"
1284381,Pathogenic,no assertion criteria provided
1341582,Likely pathogenic,"criteria provided, single submitter"
1687354,Likely pathogenic,"criteria provided, single submitter"
2137255,Pathogenic,"criteria provided, multiple submitters, no conflicts"
2137256,Pathogenic,"criteria provided, single submitter"
2422186,Pathogenic,"criteria provided, single submitter"
2572647,Likely pathogenic,"criteria provided, single submitter"
2735760,Pathogenic,"criteria provided, single submitter"
3127886,Likely pathogenic,"criteria provided, single submitter"
3236478,Pathogenic,no assertion criteria provided
3619394,Pathogenic,"criteria provided, single submitter"
3767253,Pathogenic,no assertion criteria provided
4768101,Pathogenic,"criteria provided, single submitter"
4812879,Pathogenic,no assertion criteria provided
17935,Pathogenic,no assertion criteria provided
2690543,Likely pathogenic,"criteria provided, multiple submitters, no conflicts"
4541826,Likely pathogenic,"criteria provided, single submitter"
18439,Pathogenic,no assertion criteria provided
18440,Pathogenic,no assertion criteria provided
91863,Pathogenic,no assertion criteria provided
91864,Pathogenic,no assertion criteria provided
91865,Pathogenic/Likely pathogenic,"criteria provided, multiple submitters, no conflicts"
91867,Pathogenic,no assertion criteria provided
1031836,Pathogenic,"criteria provided, multiple submitters, no conflicts"
2525900,Pathogenic,"criteria provided, single submitter"
2893114,Likely pathogenic,"criteria provided, single submitter"
3706742,Pathogenic,"criteria provided, single submitter"
3712309,Likely pathogenic,"criteria provided, single submitter"
4694450,Pathogenic,"criteria provided, single submitter"
4752496,Pathogenic,"criteria provided, single submitter"
4845847,Likely pathogenic,"criteria provided, single submitter"
4850335,Likely pathogenic,"criteria provided, single submitter"
96713,Likely pathogenic,no assertion criteria provided
132834,Pathogenic,no assertion criteria provided
1321297,Likely pathogenic,"criteria provided, single submitter"
2691743,Pathogenic,no assertion criteria provided
2691744,Pathogenic,no assertion criteria provided
2691745,Pathogenic,no assertion criteria provided
2691746,Pathogenic,no assertion criteria provided
144013,Pathogenic,no assertion criteria provided
144014,Pathogenic,no assertion criteria provided
144015,Pathogenic,no assertion criteria provided
144017,Pathogenic,no assertion criteria provided
144018,Pathogenic,"criteria provided, single submitter"
144019,Pathogenic,"criteria provided, single submitter"
144020,Pathogenic,"criteria provided, single submitter"
144021,Likely pathogenic,"criteria provided, multiple submitters, no conflicts"
144022,Pathogenic,no assertion criteria provided
917845,Likely pathogenic,no assertion criteria provided
975917,Likely pathogenic,"criteria provided, multiple submitters, no conflicts"
1031306,Pathogenic/Likely pathogenic,"criteria provided, multiple submitters, no conflicts"
1677951,Pathogenic,"criteria provided, multiple submitters, no conflicts"
1685860,Pathogenic,"criteria provided, multiple submitters, no conflicts"
1687542,Pathogenic/Likely pathogenic,"criteria provided, multiple submitters, no conflicts"
1803904,Likely pathogenic,"criteria provided, single submitter"
2427568,Pathogenic,"criteria provided, single submitter"
2735230,Pathogenic,"criteria provided, single submitter"
3358985,Pathogenic/Likely pathogenic,"criteria provided, multiple submitters, no conflicts"
3391055,Likely pathogenic,"criteria provided, single submitter"
3653843,Pathogenic,"criteria provided, single submitter"
3677071,Pathogenic,"criteria provided, single submitter"
3681349,Likely pathogenic,"criteria provided, single submitter"
4292487,Likely pathogenic,"criteria provided, single submitter"
217746,Pathogenic,no assertion criteria provided
217747,Pathogenic,no assertion criteria provided
217748,Pathogenic,no assertion criteria provided
659608,Pathogenic,"criteria provided, single submitter"
835300,Likely pathogenic,"criteria provided, single submitter"
221227,Pathogenic,no assertion criteria provided
599317,Pathogenic,no assertion criteria provided
599319,Likely pathogenic,"criteria provided, single submitter"
599320,Pathogenic,no assertion criteria provided
599321,Pathogenic,"criteria provided, single submitter"
599322,Pathogenic,no assertion criteria provided
599323,Likely pathogenic,"criteria provided, single submitter"
834064,Likely pathogenic,"criteria provided, single submitter"
834065,Pathogenic,no assertion criteria provided
834066,Pathogenic,no assertion criteria provided
834068,Pathogenic,no assertion criteria provided
982379,Pathogenic,"criteria provided, single submitter"
1098866,Likely pathogenic,"criteria provided, single submitter"
1256056,Likely pathogenic,"criteria provided, multiple submitters, no conflicts"
1256057,Pathogenic,"criteria provided, multiple submitters, no conflicts"
1526304,Pathogenic/Likely pathogenic,"criteria provided, multiple submitters, no conflicts"
1707082,Likely pathogenic,"criteria provided, single submitter"
1707553,Pathogenic,"criteria provided, single submitter"
1707554,Pathogenic,"criteria provided, single submitter"
1966922,Pathogenic,"criteria provided, single submitter"
2084020,Pathogenic,"criteria provided, single submitter"
2120289,Pathogenic,"criteria provided, single submitter"
2227722,Pathogenic,"criteria provided, single submitter"
2500989,Pathogenic,"criteria provided, single submitter"
2500990,Pathogenic,"criteria provided, single submitter"
2861308,Likely pathogenic,"criteria provided, single submitter"
2861309,Pathogenic,"criteria provided, single submitter"
2972956,Pathogenic,"criteria provided, single submitter"
3065729,Likely pathogenic,"criteria provided, single submitter"
3121356,Likely pathogenic,"criteria provided, single submitter"
3681234,Likely pathogenic,"criteria provided, single submitter"
4072283,Likely pathogenic,"criteria provided, single submitter"
4081501,Likely pathogenic,"criteria provided, single submitter"
4751137,Pathogenic,"criteria provided, single submitter"
4805866,Pathogenic,"criteria provided, single submitter"
4813367,Likely pathogenic,"criteria provided, single submitter"
222974,Pathogenic,no assertion criteria provided
222975,Likely pathogenic,"criteria provided, single submitter"
222976,Pathogenic,no assertion criteria provided
253039,Pathogenic,"criteria provided, multiple submitters, no conflicts"
253040,Pathogenic,"criteria provided, single submitter"
1301637,Pathogenic,"criteria provided, single submitter"
1323302,Pathogenic,"criteria provided, single submitter"
1344672,Likely pathogenic,no assertion criteria provided
3350259,Likely pathogenic,no assertion criteria provided
3779982,Likely pathogenic,"criteria provided, single submitter"
253041,Pathogenic,"criteria provided, single submitter"
253042,Pathogenic,no assertion criteria provided
1012741,Pathogenic/Likely pathogenic,"criteria provided, multiple submitters, no conflicts"
1344669,Likely pathogenic,no assertion criteria provided
1344671,Likely pathogenic,no assertion criteria provided
4077434,Likely pathogenic,"criteria provided, single submitter"
1334398,Pathogenic,"criteria provided, single submitter"
587360,Pathogenic,no assertion criteria provided
587361,Likely pathogenic,"criteria provided, single submitter"
587362,Likely pathogenic,"criteria provided, single submitter"
599353,Likely pathogenic,"criteria provided, single submitter"
996898,Likely pathogenic,"criteria provided, single submitter"
4849700,Likely pathogenic,"criteria provided, single submitter"
3764740,Pathogenic,no assertion criteria provided
3764741,Pathogenic,no assertion criteria provided
1803007,Pathogenic,"criteria provided, single submitter"
2506430,Likely pathogenic,"criteria provided, single submitter"
2506431,Likely pathogenic,"criteria provided, single submitter"
2506432,Pathogenic,no assertion criteria provided
2506433,Pathogenic,no assertion criteria provided
3767619,Likely pathogenic,"criteria provided, multiple submitters, no conflicts"
4686052,Likely pathogenic,"criteria provided, single submitter"
2580362,Pathogenic,"criteria provided, single submitter"
2580363,Pathogenic,"criteria provided, single submitter"
2580364,Pathogenic,"criteria provided, single submitter"
2580365,Pathogenic,"criteria provided, single submitter"
2580366,Pathogenic,"criteria provided, single submitter"
4533190,Pathogenic,no assertion criteria provided
4533192,Pathogenic,no assertion criteria provided
3393179,Likely pathogenic,"criteria provided, single submitter"
4070986,Pathogenic,no assertion criteria provided
