ensembl_id,name,description,string_id
9606.ENSP00000233575,SNX17,Sorting nexin 17; regulates LDLR recycling from endosomes,9606.ENSP00000233575
9606.ENSP00000466775,APOC2,Apolipoprotein C-II; essential cofactor for lipoprotein lipase activation,9606.ENSP00000466775
9606.ENSP00000306245,FOS,Protein FOS; human protein in STRING interactome,9606.ENSP00000306245
9606.ENSP00000396688,C4A,Protein C4A; human protein in STRING interactome,9606.ENSP00000396688
9606.ENSP00000412324,PPP2R5C,Protein PPP2R5C; human protein in STRING interactome,9606.ENSP00000412324
9606.ENSP00000333685,MAPK11,Protein MAPK11; human protein in STRING interactome,9606.ENSP00000333685
9606.ENSP00000289547,NPC1L1,Niemann-Pick C1-like 1; mediates intestinal cholesterol absorption,9606.ENSP00000289547
9606.ENSP00000232003,HRG,Protein HRG; human protein in STRING interactome,9606.ENSP00000232003
9606.ENSP00000437125,HSPA8,Protein HSPA8; human protein in STRING interactome,9606.ENSP00000437125
9606.ENSP00000378402,SIN3A,Protein SIN3A; human protein in STRING interactome,9606.ENSP00000378402
9606.ENSP00000293761,ALOX15,Protein ALOX15; human protein in STRING interactome,9606.ENSP00000293761
9606.ENSP00000256958,SLCO1B1,Protein SLCO1B1; human protein in STRING interactome,9606.ENSP00000256958
9606.ENSP00000312027,CD7,Protein CD7; human protein in STRING interactome,9606.ENSP00000312027
9606.ENSP00000301455,ANGPTL4,Angiopoietin-like protein 4; inhibitor of lipoprotein lipase,9606.ENSP00000301455
9606.ENSP00000211287,MAPK13,Protein MAPK13; human protein in STRING interactome,9606.ENSP00000211287
9606.ENSP00000314407,CA8,Protein CA8; human protein in STRING interactome,9606.ENSP00000314407
9606.ENSP00000389241,DHRS9,Protein DHRS9; human protein in STRING interactome,9606.ENSP00000389241
9606.ENSP00000358866,FLNA,Protein FLNA; human protein in STRING interactome,9606.ENSP00000358866
9606.ENSP00000323720,MED14,Protein MED14; human protein in STRING interactome,9606.ENSP00000323720
9606.ENSP00000262395,TRAF4,Protein TRAF4; human protein in STRING interactome,9606.ENSP00000262395
9606.ENSP00000354394,STAT1,Protein STAT1; human protein in STRING interactome,9606.ENSP00000354394
9606.ENSP00000480132,NCAM1,Protein NCAM1; human protein in STRING interactome,9606.ENSP00000480132
9606.ENSP00000264065,DNAJC10,Protein DNAJC10; human protein in STRING interactome,9606.ENSP00000264065
9606.ENSP00000400175,RHOA,Protein RHOA; human protein in STRING interactome,9606.ENSP00000400175
9606.ENSP00000319476,ICOS,Protein ICOS; human protein in STRING interactome,9606.ENSP00000319476
9606.ENSP00000256637,SORT1,Sortilin 1; sorting receptor regulating LDLR and PCSK9 trafficking,9606.ENSP00000256637
9606.ENSP00000372155,PSME1,Protein PSME1; human protein in STRING interactome,9606.ENSP00000372155
9606.ENSP00000326366,PSEN1,Protein PSEN1; human protein in STRING interactome,9606.ENSP00000326366
9606.ENSP00000408411,LAMP2,Protein LAMP2; human protein in STRING interactome,9606.ENSP00000408411
9606.ENSP00000330341,SOCS3,Protein SOCS3; human protein in STRING interactome,9606.ENSP00000330341
9606.ENSP00000379873,HLA-A,Protein HLA-A; human protein in STRING interactome,9606.ENSP00000379873
9606.ENSP00000382434,PLA2G4E,Protein PLA2G4E; human protein in STRING interactome,9606.ENSP00000382434
9606.ENSP00000244926,SCGB1D2,Protein SCGB1D2; human protein in STRING interactome,9606.ENSP00000244926
9606.ENSP00000495360,CTNNB1,Protein CTNNB1; human protein in STRING interactome,9606.ENSP00000495360
9606.ENSP00000455897,MRC1,Protein MRC1; human protein in STRING interactome,9606.ENSP00000455897
9606.ENSP00000222139,EPOR,Protein EPOR; human protein in STRING interactome,9606.ENSP00000222139
9606.ENSP00000387739,AMOTL1,Protein AMOTL1; human protein in STRING interactome,9606.ENSP00000387739
9606.ENSP00000416338,MFN2,Protein MFN2; human protein in STRING interactome,9606.ENSP00000416338
9606.ENSP00000258168,BCO1,Protein BCO1; human protein in STRING interactome,9606.ENSP00000258168
9606.ENSP00000407509,PNPLA6,Protein PNPLA6; human protein in STRING interactome,9606.ENSP00000407509
9606.ENSP00000286371,ATP1B3,Protein ATP1B3; human protein in STRING interactome,9606.ENSP00000286371
9606.ENSP00000296930,NPM1,Protein NPM1; human protein in STRING interactome,9606.ENSP00000296930
9606.ENSP00000345672,CTSB,Protein CTSB; human protein in STRING interactome,9606.ENSP00000345672
9606.ENSP00000296027,CXCL5,Protein CXCL5; human protein in STRING interactome,9606.ENSP00000296027
9606.ENSP00000376893,IL1F10,Protein IL1F10; human protein in STRING interactome,9606.ENSP00000376893
9606.ENSP00000387211,IL18R1,Protein IL18R1; human protein in STRING interactome,9606.ENSP00000387211
9606.ENSP00000356591,SOAT1,Sterol O-acyltransferase 1 (same as ACAT1),9606.ENSP00000356591
9606.ENSP00000498104,BCL10,Protein BCL10; human protein in STRING interactome,9606.ENSP00000498104
9606.ENSP00000357470,IL6R,Protein IL6R; human protein in STRING interactome,9606.ENSP00000357470
9606.ENSP00000333142,PLA2G6,Protein PLA2G6; human protein in STRING interactome,9606.ENSP00000333142
9606.ENSP00000078445,CREB3L3,cAMP responsive element binding protein 3-like 3 (CREBH); hepatic lipogenesis regulator,9606.ENSP00000078445
9606.ENSP00000417401,HELZ2,Protein HELZ2; human protein in STRING interactome,9606.ENSP00000417401
9606.ENSP00000361471,ASS1,Protein ASS1; human protein in STRING interactome,9606.ENSP00000361471
9606.ENSP00000346693,ELOVL2,Protein ELOVL2; human protein in STRING interactome,9606.ENSP00000346693
9606.ENSP00000379904,THRB,Protein THRB; human protein in STRING interactome,9606.ENSP00000379904
9606.ENSP00000370034,TLR7,Protein TLR7; human protein in STRING interactome,9606.ENSP00000370034
9606.ENSP00000314733,TOLLIP,Protein TOLLIP; human protein in STRING interactome,9606.ENSP00000314733
9606.ENSP00000378877,AGPAT1,Protein AGPAT1; human protein in STRING interactome,9606.ENSP00000378877
9606.ENSP00000246792,RRAS,Protein RRAS; human protein in STRING interactome,9606.ENSP00000246792
9606.ENSP00000351273,CASP8,Protein CASP8; human protein in STRING interactome,9606.ENSP00000351273
9606.ENSP00000425561,EIF4E,Protein EIF4E; human protein in STRING interactome,9606.ENSP00000425561
9606.ENSP00000330696,P2RX7,Protein P2RX7; human protein in STRING interactome,9606.ENSP00000330696
9606.ENSP00000356015,ACAT2,Acyl-CoA:cholesterol acyltransferase 2; intestinal and hepatic cholesterol esterification,9606.ENSP00000356015
9606.ENSP00000335062,PDCD1,Protein PDCD1; human protein in STRING interactome,9606.ENSP00000335062
9606.ENSP00000311032,CASP3,Protein CASP3; human protein in STRING interactome,9606.ENSP00000311032
9606.ENSP00000358072,ATG5,Protein ATG5; human protein in STRING interactome,9606.ENSP00000358072
9606.ENSP00000421172,AWAT2,Protein AWAT2; human protein in STRING interactome,9606.ENSP00000421172
9606.ENSP00000262999,UCP1,Protein UCP1; human protein in STRING interactome,9606.ENSP00000262999
9606.ENSP00000381302,PLPP4,Protein PLPP4; human protein in STRING interactome,9606.ENSP00000381302
9606.ENSP00000297146,GPR85,Protein GPR85; human protein in STRING interactome,9606.ENSP00000297146
9606.ENSP00000419692,RXRA,Retinoid X receptor alpha; heterodimer partner for PPARs and LXRs,9606.ENSP00000419692
9606.ENSP00000367527,DCLRE1C,Protein DCLRE1C; human protein in STRING interactome,9606.ENSP00000367527
9606.ENSP00000277517,IDI2,Protein IDI2; human protein in STRING interactome,9606.ENSP00000277517
9606.ENSP00000501150,PIK3CB,Protein PIK3CB; human protein in STRING interactome,9606.ENSP00000501150
9606.ENSP00000419371,AZI2,Protein AZI2; human protein in STRING interactome,9606.ENSP00000419371
9606.ENSP00000343896,SMARCA4,Protein SMARCA4; human protein in STRING interactome,9606.ENSP00000343896
9606.ENSP00000376445,TIRAP,Protein TIRAP; human protein in STRING interactome,9606.ENSP00000376445
9606.ENSP00000267843,FGF7,Protein FGF7; human protein in STRING interactome,9606.ENSP00000267843
9606.ENSP00000265960,MAPKAP1,Protein MAPKAP1; human protein in STRING interactome,9606.ENSP00000265960
9606.ENSP00000283290,ATG3,Protein ATG3; human protein in STRING interactome,9606.ENSP00000283290
9606.ENSP00000488481,PLIN4,Perilipin 4; lipid droplet-associated protein,9606.ENSP00000488481
9606.ENSP00000338990,ATG101,Protein ATG101; human protein in STRING interactome,9606.ENSP00000338990
9606.ENSP00000381185,BCL2,Protein BCL2; human protein in STRING interactome,9606.ENSP00000381185
9606.ENSP00000263071,SCARF1,Protein SCARF1; human protein in STRING interactome,9606.ENSP00000263071
9606.ENSP00000466090,ELANE,Protein ELANE; human protein in STRING interactome,9606.ENSP00000466090
9606.ENSP00000378857,WDR6,Protein WDR6; human protein in STRING interactome,9606.ENSP00000378857
9606.ENSP00000362824,OGT,Protein OGT; human protein in STRING interactome,9606.ENSP00000362824
9606.ENSP00000367832,CCL7,Protein CCL7; human protein in STRING interactome,9606.ENSP00000367832
9606.ENSP00000363089,TLR4,Protein TLR4; human protein in STRING interactome,9606.ENSP00000363089
9606.ENSP00000364597,PADI4,Protein PADI4; human protein in STRING interactome,9606.ENSP00000364597
9606.ENSP00000369899,RRAGA,Protein RRAGA; human protein in STRING interactome,9606.ENSP00000369899
9606.ENSP00000306157,IL7R,Protein IL7R; human protein in STRING interactome,9606.ENSP00000306157
9606.ENSP00000320043,LYPLA1,Protein LYPLA1; human protein in STRING interactome,9606.ENSP00000320043
9606.ENSP00000359424,CHUK,Protein CHUK; human protein in STRING interactome,9606.ENSP00000359424
9606.ENSP00000231751,LTF,Protein LTF; human protein in STRING interactome,9606.ENSP00000231751
9606.ENSP00000177694,TBX21,Protein TBX21; human protein in STRING interactome,9606.ENSP00000177694
9606.ENSP00000324648,CYP2B6,Protein CYP2B6; human protein in STRING interactome,9606.ENSP00000324648
9606.ENSP00000378965,SNTB1,Protein SNTB1; human protein in STRING interactome,9606.ENSP00000378965
9606.ENSP00000396345,CHD9,Protein CHD9; human protein in STRING interactome,9606.ENSP00000396345
9606.ENSP00000360493,RUNX2,Protein RUNX2; human protein in STRING interactome,9606.ENSP00000360493
9606.ENSP00000280701,OXSM,Protein OXSM; human protein in STRING interactome,9606.ENSP00000280701
9606.ENSP00000358421,HSD3B1,Protein HSD3B1; human protein in STRING interactome,9606.ENSP00000358421
9606.ENSP00000284274,OTULIN,Protein OTULIN; human protein in STRING interactome,9606.ENSP00000284274
9606.ENSP00000379438,UMOD,Protein UMOD; human protein in STRING interactome,9606.ENSP00000379438
9606.ENSP00000418447,PPP2CA,Protein PPP2CA; human protein in STRING interactome,9606.ENSP00000418447
9606.ENSP00000158771,DERL2,Protein DERL2; human protein in STRING interactome,9606.ENSP00000158771
9606.ENSP00000363318,IL2RG,Protein IL2RG; human protein in STRING interactome,9606.ENSP00000363318
9606.ENSP00000416255,EIF4G1,Protein EIF4G1; human protein in STRING interactome,9606.ENSP00000416255
9606.ENSP00000249396,SIRT2,Protein SIRT2; human protein in STRING interactome,9606.ENSP00000249396
9606.ENSP00000389600,TLR6,Protein TLR6; human protein in STRING interactome,9606.ENSP00000389600
9606.ENSP00000340691,EIF4EBP1,Protein EIF4EBP1; human protein in STRING interactome,9606.ENSP00000340691
9606.ENSP00000185150,ERLEC1,Protein ERLEC1; human protein in STRING interactome,9606.ENSP00000185150
9606.ENSP00000222553,NAMPT,Protein NAMPT; human protein in STRING interactome,9606.ENSP00000222553
9606.ENSP00000304782,CES3,Protein CES3; human protein in STRING interactome,9606.ENSP00000304782
9606.ENSP00000375711,AKT1S1,Protein AKT1S1; human protein in STRING interactome,9606.ENSP00000375711
9606.ENSP00000300651,MED1,Protein MED1; human protein in STRING interactome,9606.ENSP00000300651
9606.ENSP00000256495,BHLHE40,Protein BHLHE40; human protein in STRING interactome,9606.ENSP00000256495
9606.ENSP00000247668,TRAF2,Protein TRAF2; human protein in STRING interactome,9606.ENSP00000247668
9606.ENSP00000286234,DEPTOR,Protein DEPTOR; human protein in STRING interactome,9606.ENSP00000286234
9606.ENSP00000384359,APOBEC3A,Protein APOBEC3A; human protein in STRING interactome,9606.ENSP00000384359
9606.ENSP00000359532,NTSR1,Protein NTSR1; human protein in STRING interactome,9606.ENSP00000359532
9606.ENSP00000421339,SLCO6A1,Protein SLCO6A1; human protein in STRING interactome,9606.ENSP00000421339
9606.ENSP00000263932,TNFRSF8,Protein TNFRSF8; human protein in STRING interactome,9606.ENSP00000263932
9606.ENSP00000387356,ACAN,Protein ACAN; human protein in STRING interactome,9606.ENSP00000387356
9606.ENSP00000386165,CEBPD,Protein CEBPD; human protein in STRING interactome,9606.ENSP00000386165
9606.ENSP00000315465,DSCAML1,Protein DSCAML1; human protein in STRING interactome,9606.ENSP00000315465
9606.ENSP00000264664,FGF10,Protein FGF10; human protein in STRING interactome,9606.ENSP00000264664
9606.ENSP00000296782,RICTOR,Protein RICTOR; human protein in STRING interactome,9606.ENSP00000296782
9606.ENSP00000334002,HAP1,Protein HAP1; human protein in STRING interactome,9606.ENSP00000334002
9606.ENSP00000415743,CD36,Fatty acid translocase/scavenger receptor; binds modified LDL,9606.ENSP00000415743
9606.ENSP00000354487,ZEB1,Protein ZEB1; human protein in STRING interactome,9606.ENSP00000354487
9606.ENSP00000329967,TBK1,Protein TBK1; human protein in STRING interactome,9606.ENSP00000329967
9606.ENSP00000251535,ALOX12,Protein ALOX12; human protein in STRING interactome,9606.ENSP00000251535
9606.ENSP00000368166,DVL1,Protein DVL1; human protein in STRING interactome,9606.ENSP00000368166
9606.ENSP00000384484,ADCY3,Protein ADCY3; human protein in STRING interactome,9606.ENSP00000384484
9606.ENSP00000247153,CFP,Protein CFP; human protein in STRING interactome,9606.ENSP00000247153
9606.ENSP00000358983,NFKB2,Protein NFKB2; human protein in STRING interactome,9606.ENSP00000358983
9606.ENSP00000251595,HBA2,Protein HBA2; human protein in STRING interactome,9606.ENSP00000251595
9606.ENSP00000231790,MLH1,Protein MLH1; human protein in STRING interactome,9606.ENSP00000231790
9606.ENSP00000343118,LAMTOR4,Protein LAMTOR4; human protein in STRING interactome,9606.ENSP00000343118
9606.ENSP00000257895,RDH5,Protein RDH5; human protein in STRING interactome,9606.ENSP00000257895
9606.ENSP00000378517,SPP1,Protein SPP1; human protein in STRING interactome,9606.ENSP00000378517
9606.ENSP00000231572,RARS1,Protein RARS1; human protein in STRING interactome,9606.ENSP00000231572
9606.ENSP00000327513,CSF1,Protein CSF1; human protein in STRING interactome,9606.ENSP00000327513
9606.ENSP00000359829,USP33,Protein USP33; human protein in STRING interactome,9606.ENSP00000359829
9606.ENSP00000228918,LTBR,Protein LTBR; human protein in STRING interactome,9606.ENSP00000228918
9606.ENSP00000323929,A2M,Protein A2M; human protein in STRING interactome,9606.ENSP00000323929
9606.ENSP00000250111,ATP1B2,Protein ATP1B2; human protein in STRING interactome,9606.ENSP00000250111
9606.ENSP00000361818,SDC4,Protein SDC4; human protein in STRING interactome,9606.ENSP00000361818
9606.ENSP00000346839,FN1,Protein FN1; human protein in STRING interactome,9606.ENSP00000346839
9606.ENSP00000431254,IGLL5,Protein IGLL5; human protein in STRING interactome,9606.ENSP00000431254
9606.ENSP00000368104,BMP2,Protein BMP2; human protein in STRING interactome,9606.ENSP00000368104
9606.ENSP00000410481,LTB,Protein LTB; human protein in STRING interactome,9606.ENSP00000410481
9606.ENSP00000329697,PLPP2,Protein PLPP2; human protein in STRING interactome,9606.ENSP00000329697
9606.ENSP00000341785,ADIPOR1,Protein ADIPOR1; human protein in STRING interactome,9606.ENSP00000341785
9606.ENSP00000312455,CFLAR,Protein CFLAR; human protein in STRING interactome,9606.ENSP00000312455
9606.ENSP00000216540,SLC10A1,Protein SLC10A1; human protein in STRING interactome,9606.ENSP00000216540
9606.ENSP00000254480,SMARCC1,Protein SMARCC1; human protein in STRING interactome,9606.ENSP00000254480
9606.ENSP00000274520,IL9,Protein IL9; human protein in STRING interactome,9606.ENSP00000274520
9606.ENSP00000378040,BAD,Protein BAD; human protein in STRING interactome,9606.ENSP00000378040
9606.ENSP00000342848,NOXA1,Protein NOXA1; human protein in STRING interactome,9606.ENSP00000342848
9606.ENSP00000428564,SEC24B,Protein SEC24B; human protein in STRING interactome,9606.ENSP00000428564
9606.ENSP00000159060,NOX3,Protein NOX3; human protein in STRING interactome,9606.ENSP00000159060
9606.ENSP00000231509,NR3C1,Protein NR3C1; human protein in STRING interactome,9606.ENSP00000231509
9606.ENSP00000445002,APOA5,Apolipoprotein A-V; regulator of triglyceride metabolism via LPL activation,9606.ENSP00000445002
9606.ENSP00000264637,THRA,Protein THRA; human protein in STRING interactome,9606.ENSP00000264637
9606.ENSP00000354490,ATP1A2,Protein ATP1A2; human protein in STRING interactome,9606.ENSP00000354490
9606.ENSP00000479606,CLTC,Protein CLTC; human protein in STRING interactome,9606.ENSP00000479606
9606.ENSP00000302620,AGXT,Protein AGXT; human protein in STRING interactome,9606.ENSP00000302620
9606.ENSP00000279146,AIP,Protein AIP; human protein in STRING interactome,9606.ENSP00000279146
9606.ENSP00000262340,RPE65,Protein RPE65; human protein in STRING interactome,9606.ENSP00000262340
9606.ENSP00000360522,RBP4,Protein RBP4; human protein in STRING interactome,9606.ENSP00000360522
9606.ENSP00000399168,HLA-B,Protein HLA-B; human protein in STRING interactome,9606.ENSP00000399168
9606.ENSP00000366863,TBC1D4,Protein TBC1D4; human protein in STRING interactome,9606.ENSP00000366863
9606.ENSP00000254759,COQ3,Protein COQ3; human protein in STRING interactome,9606.ENSP00000254759
9606.ENSP00000385751,MARK2,Protein MARK2; human protein in STRING interactome,9606.ENSP00000385751
9606.ENSP00000225371,EPX,Protein EPX; human protein in STRING interactome,9606.ENSP00000225371
9606.ENSP00000373328,CIDEC,Cell death-inducing DFFA-like effector C (Fsp27); lipid droplet fusion,9606.ENSP00000373328
9606.ENSP00000344741,INSIG1,Insulin-induced gene 1; retains SCAP-SREBP in ER when sterols are high,9606.ENSP00000344741
9606.ENSP00000272638,UBXN4,Protein UBXN4; human protein in STRING interactome,9606.ENSP00000272638
9606.ENSP00000481244,FXYD1,Protein FXYD1; human protein in STRING interactome,9606.ENSP00000481244
9606.ENSP00000366748,AUP1,Protein AUP1; human protein in STRING interactome,9606.ENSP00000366748
9606.ENSP00000295683,CXCR1,Protein CXCR1; human protein in STRING interactome,9606.ENSP00000295683
9606.ENSP00000228837,FGF6,Protein FGF6; human protein in STRING interactome,9606.ENSP00000228837
9606.ENSP00000449396,SMARCC2,Protein SMARCC2; human protein in STRING interactome,9606.ENSP00000449396
9606.ENSP00000265896,SQLE,Squalene epoxidase; rate-limiting step in cholesterol biosynthesis,9606.ENSP00000265896
9606.ENSP00000321853,SERPINF2,Protein SERPINF2; human protein in STRING interactome,9606.ENSP00000321853
9606.ENSP00000483300,ACACA,Acetyl-CoA carboxylase alpha; rate-limiting step in fatty acid synthesis,9606.ENSP00000483300
9606.ENSP00000316228,CLEC4M,Protein CLEC4M; human protein in STRING interactome,9606.ENSP00000316228
9606.ENSP00000295522,CLDN1,Protein CLDN1; human protein in STRING interactome,9606.ENSP00000295522
9606.ENSP00000388510,RARG,Protein RARG; human protein in STRING interactome,9606.ENSP00000388510
9606.ENSP00000275493,EGFR,Protein EGFR; human protein in STRING interactome,9606.ENSP00000275493
9606.ENSP00000267101,ERBB3,Protein ERBB3; human protein in STRING interactome,9606.ENSP00000267101
9606.ENSP00000376367,WASF1,Protein WASF1; human protein in STRING interactome,9606.ENSP00000376367
9606.ENSP00000373477,GPX3,Protein GPX3; human protein in STRING interactome,9606.ENSP00000373477
9606.ENSP00000418915,CDKN2A,Protein CDKN2A; human protein in STRING interactome,9606.ENSP00000418915
9606.ENSP00000436682,ARMS2,Protein ARMS2; human protein in STRING interactome,9606.ENSP00000436682
9606.ENSP00000303208,PCSK9,Proprotein convertase subtilisin/kexin type 9; promotes LDLR degradation,9606.ENSP00000303208
9606.ENSP00000261835,CYP46A1,Cholesterol 24-hydroxylase; brain cholesterol turnover,9606.ENSP00000261835
9606.ENSP00000357556,VENTX,Protein VENTX; human protein in STRING interactome,9606.ENSP00000357556
9606.ENSP00000312126,ADCY4,Protein ADCY4; human protein in STRING interactome,9606.ENSP00000312126
9606.ENSP00000484998,PSMC6,Protein PSMC6; human protein in STRING interactome,9606.ENSP00000484998
9606.ENSP00000356954,CCN2,Protein CCN2; human protein in STRING interactome,9606.ENSP00000356954
9606.ENSP00000468411,PSENEN,Protein PSENEN; human protein in STRING interactome,9606.ENSP00000468411
9606.ENSP00000495247,MANBA,Protein MANBA; human protein in STRING interactome,9606.ENSP00000495247
9606.ENSP00000293825,TNFSF12,Protein TNFSF12; human protein in STRING interactome,9606.ENSP00000293825
9606.ENSP00000005178,PDK4,Protein PDK4; human protein in STRING interactome,9606.ENSP00000005178
9606.ENSP00000364210,AGER,Protein AGER; human protein in STRING interactome,9606.ENSP00000364210
9606.ENSP00000339787,ACSL4,Protein ACSL4; human protein in STRING interactome,9606.ENSP00000339787
9606.ENSP00000385780,DGKB,Protein DGKB; human protein in STRING interactome,9606.ENSP00000385780
9606.ENSP00000437955,HIF1A,Protein HIF1A; human protein in STRING interactome,9606.ENSP00000437955
9606.ENSP00000232375,PFKFB4,Protein PFKFB4; human protein in STRING interactome,9606.ENSP00000232375
9606.ENSP00000349687,GM2A,Protein GM2A; human protein in STRING interactome,9606.ENSP00000349687
9606.ENSP00000259213,IL36B,Protein IL36B; human protein in STRING interactome,9606.ENSP00000259213
9606.ENSP00000345083,MAP2K3,Protein MAP2K3; human protein in STRING interactome,9606.ENSP00000345083
9606.ENSP00000302935,IL16,Protein IL16; human protein in STRING interactome,9606.ENSP00000302935
9606.ENSP00000494504,THPO,Protein THPO; human protein in STRING interactome,9606.ENSP00000494504
9606.ENSP00000357218,NAXE,Protein NAXE; human protein in STRING interactome,9606.ENSP00000357218
9606.ENSP00000263985,GATB,Protein GATB; human protein in STRING interactome,9606.ENSP00000263985
9606.ENSP00000225474,CSF3,Protein CSF3; human protein in STRING interactome,9606.ENSP00000225474
9606.ENSP00000370473,IGFBP3,Protein IGFBP3; human protein in STRING interactome,9606.ENSP00000370473
9606.ENSP00000264057,DGKD,Protein DGKD; human protein in STRING interactome,9606.ENSP00000264057
9606.ENSP00000340409,SMPD1,Protein SMPD1; human protein in STRING interactome,9606.ENSP00000340409
9606.ENSP00000324173,HSPA5,Protein HSPA5; human protein in STRING interactome,9606.ENSP00000324173
9606.ENSP00000498653,DEK,Protein DEK; human protein in STRING interactome,9606.ENSP00000498653
9606.ENSP00000319635,CXCR2,Protein CXCR2; human protein in STRING interactome,9606.ENSP00000319635
9606.ENSP00000358474,BRCC3,Protein BRCC3; human protein in STRING interactome,9606.ENSP00000358474
9606.ENSP00000358925,PSRC1,Protein PSRC1; human protein in STRING interactome,9606.ENSP00000358925
9606.ENSP00000238651,ACOT2,Protein ACOT2; human protein in STRING interactome,9606.ENSP00000238651
9606.ENSP00000316779,BIN1,Protein BIN1; human protein in STRING interactome,9606.ENSP00000316779
9606.ENSP00000308815,CCL19,Protein CCL19; human protein in STRING interactome,9606.ENSP00000308815
9606.ENSP00000365745,CTTN,Protein CTTN; human protein in STRING interactome,9606.ENSP00000365745
9606.ENSP00000436126,SAA2,Protein SAA2; human protein in STRING interactome,9606.ENSP00000436126
9606.ENSP00000283147,BMP6,Protein BMP6; human protein in STRING interactome,9606.ENSP00000283147
9606.ENSP00000325313,MAP1S,Protein MAP1S; human protein in STRING interactome,9606.ENSP00000325313
9606.ENSP00000499121,NR1H2,Liver X receptor beta (LXR-beta); oxysterol-activated transcription factor,9606.ENSP00000499121
9606.ENSP00000368528,APOO,Protein APOO; human protein in STRING interactome,9606.ENSP00000368528
9606.ENSP00000386884,CXCR4,Protein CXCR4; human protein in STRING interactome,9606.ENSP00000386884
9606.ENSP00000234313,PLEK,Protein PLEK; human protein in STRING interactome,9606.ENSP00000234313
9606.ENSP00000323967,SMARCE1,Protein SMARCE1; human protein in STRING interactome,9606.ENSP00000323967
9606.ENSP00000226574,NFKB1,Protein NFKB1; human protein in STRING interactome,9606.ENSP00000226574
9606.ENSP00000381382,TCF4,Protein TCF4; human protein in STRING interactome,9606.ENSP00000381382
9606.ENSP00000245817,TNFSF9,Protein TNFSF9; human protein in STRING interactome,9606.ENSP00000245817
9606.ENSP00000275016,CYP39A1,Protein CYP39A1; human protein in STRING interactome,9606.ENSP00000275016
9606.ENSP00000296754,ERAP1,Protein ERAP1; human protein in STRING interactome,9606.ENSP00000296754
9606.ENSP00000358548,NRAS,Protein NRAS; human protein in STRING interactome,9606.ENSP00000358548
9606.ENSP00000257694,PNPLA8,Protein PNPLA8; human protein in STRING interactome,9606.ENSP00000257694
9606.ENSP00000265565,SCAP,SREBP cleavage-activating protein; escorts SREBP to Golgi,9606.ENSP00000265565
9606.ENSP00000244289,LIPE,Protein LIPE; human protein in STRING interactome,9606.ENSP00000244289
9606.ENSP00000355370,CNTF,Protein CNTF; human protein in STRING interactome,9606.ENSP00000355370
9606.ENSP00000295834,FABP1,Fatty acid-binding protein 1 (liver); intracellular fatty acid transport,9606.ENSP00000295834
9606.ENSP00000349252,ITGAL,Protein ITGAL; human protein in STRING interactome,9606.ENSP00000349252
9606.ENSP00000323740,UCP3,Protein UCP3; human protein in STRING interactome,9606.ENSP00000323740
9606.ENSP00000307046,SDC2,Protein SDC2; human protein in STRING interactome,9606.ENSP00000307046
9606.ENSP00000351338,PLXNB1,Protein PLXNB1; human protein in STRING interactome,9606.ENSP00000351338
9606.ENSP00000384849,CDKN1A,Protein CDKN1A; human protein in STRING interactome,9606.ENSP00000384849
9606.ENSP00000357726,S100A12,Protein S100A12; human protein in STRING interactome,9606.ENSP00000357726
9606.ENSP00000499211,CARD8,Protein CARD8; human protein in STRING interactome,9606.ENSP00000499211
9606.ENSP00000361359,CD40,Protein CD40; human protein in STRING interactome,9606.ENSP00000361359
9606.ENSP00000261523,RORA,Protein RORA; human protein in STRING interactome,9606.ENSP00000261523
9606.ENSP00000306884,CXCL11,Protein CXCL11; human protein in STRING interactome,9606.ENSP00000306884
9606.ENSP00000374455,SQSTM1,Protein SQSTM1; human protein in STRING interactome,9606.ENSP00000374455
9606.ENSP00000417963,PPP2R5D,Protein PPP2R5D; human protein in STRING interactome,9606.ENSP00000417963
9606.ENSP00000255030,CRP,Protein CRP; human protein in STRING interactome,9606.ENSP00000255030
9606.ENSP00000447730,CD63,Protein CD63; human protein in STRING interactome,9606.ENSP00000447730
9606.ENSP00000422185,SORCS2,Protein SORCS2; human protein in STRING interactome,9606.ENSP00000422185
9606.ENSP00000291295,CALM3,Protein CALM3; human protein in STRING interactome,9606.ENSP00000291295
9606.ENSP00000469613,FLT3LG,Protein FLT3LG; human protein in STRING interactome,9606.ENSP00000469613
9606.ENSP00000440689,CYP2E1,Protein CYP2E1; human protein in STRING interactome,9606.ENSP00000440689
9606.ENSP00000356438,PTGS2,Protein PTGS2; human protein in STRING interactome,9606.ENSP00000356438
9606.ENSP00000304769,ZNF467,Protein ZNF467; human protein in STRING interactome,9606.ENSP00000304769
9606.ENSP00000480571,ENSP00000480571,Protein ENSP00000480571; human protein in STRING interactome,9606.ENSP00000480571
9606.ENSP00000233242,APOB,"Apolipoprotein B; structural protein of LDL, VLDL, and chylomicrons",9606.ENSP00000233242
9606.ENSP00000344220,PDPK1,Protein PDPK1; human protein in STRING interactome,9606.ENSP00000344220
9606.ENSP00000443432,IDO2,Protein IDO2; human protein in STRING interactome,9606.ENSP00000443432
9606.ENSP00000497896,ATP8B1,Protein ATP8B1; human protein in STRING interactome,9606.ENSP00000497896
9606.ENSP00000302961,HSPA4,Protein HSPA4; human protein in STRING interactome,9606.ENSP00000302961
9606.ENSP00000478699,TNFRSF9,Protein TNFRSF9; human protein in STRING interactome,9606.ENSP00000478699
9606.ENSP00000499900,JAK1,Protein JAK1; human protein in STRING interactome,9606.ENSP00000499900
9606.ENSP00000431010,SDR16C5,Protein SDR16C5; human protein in STRING interactome,9606.ENSP00000431010
9606.ENSP00000371341,TNK2,Protein TNK2; human protein in STRING interactome,9606.ENSP00000371341
9606.ENSP00000332679,CYP2A13,Protein CYP2A13; human protein in STRING interactome,9606.ENSP00000332679
9606.ENSP00000282141,CRYGC,Protein CRYGC; human protein in STRING interactome,9606.ENSP00000282141
9606.ENSP00000256178,LYVE1,Protein LYVE1; human protein in STRING interactome,9606.ENSP00000256178
9606.ENSP00000217971,PGRMC1,Protein PGRMC1; human protein in STRING interactome,9606.ENSP00000217971
9606.ENSP00000303211,ACHE,Protein ACHE; human protein in STRING interactome,9606.ENSP00000303211
9606.ENSP00000375836,HDLBP,Protein HDLBP; human protein in STRING interactome,9606.ENSP00000375836
9606.ENSP00000474725,FBXW7,Protein FBXW7; human protein in STRING interactome,9606.ENSP00000474725
9606.ENSP00000392812,PIK3R5,Protein PIK3R5; human protein in STRING interactome,9606.ENSP00000392812
9606.ENSP00000481570,TNFAIP3,Protein TNFAIP3; human protein in STRING interactome,9606.ENSP00000481570
9606.ENSP00000261693,SCARB1,Scavenger receptor class B type 1; mediates selective HDL-CE uptake,9606.ENSP00000261693
9606.ENSP00000483814,NPRL3,Protein NPRL3; human protein in STRING interactome,9606.ENSP00000483814
9606.ENSP00000485033,DOCK1,Protein DOCK1; human protein in STRING interactome,9606.ENSP00000485033
9606.ENSP00000497910,B2M,Protein B2M; human protein in STRING interactome,9606.ENSP00000497910
9606.ENSP00000298229,INPPL1,Protein INPPL1; human protein in STRING interactome,9606.ENSP00000298229
9606.ENSP00000226218,VTN,Protein VTN; human protein in STRING interactome,9606.ENSP00000226218
9606.ENSP00000312741,CAMKK2,Protein CAMKK2; human protein in STRING interactome,9606.ENSP00000312741
9606.ENSP00000232217,RBP2,Protein RBP2; human protein in STRING interactome,9606.ENSP00000232217
9606.ENSP00000355896,TGFB2,Protein TGFB2; human protein in STRING interactome,9606.ENSP00000355896
9606.ENSP00000264896,SCARB2,Protein SCARB2; human protein in STRING interactome,9606.ENSP00000264896
9606.ENSP00000219334,SMPD3,Protein SMPD3; human protein in STRING interactome,9606.ENSP00000219334
9606.ENSP00000305974,SLCO1A2,Protein SLCO1A2; human protein in STRING interactome,9606.ENSP00000305974
9606.ENSP00000399457,DDOST,Protein DDOST; human protein in STRING interactome,9606.ENSP00000399457
9606.ENSP00000243347,TNFAIP6,Protein TNFAIP6; human protein in STRING interactome,9606.ENSP00000243347
9606.ENSP00000380378,PAFAH1B1,Protein PAFAH1B1; human protein in STRING interactome,9606.ENSP00000380378
9606.ENSP00000338348,UBE2G2,Protein UBE2G2; human protein in STRING interactome,9606.ENSP00000338348
9606.ENSP00000320604,FAXDC2,Protein FAXDC2; human protein in STRING interactome,9606.ENSP00000320604
9606.ENSP00000263464,BIRC3,Protein BIRC3; human protein in STRING interactome,9606.ENSP00000263464
9606.ENSP00000331736,SELE,Protein SELE; human protein in STRING interactome,9606.ENSP00000331736
9606.ENSP00000455426,ZNF423,Protein ZNF423; human protein in STRING interactome,9606.ENSP00000455426
9606.ENSP00000478298,SPPL2B,Protein SPPL2B; human protein in STRING interactome,9606.ENSP00000478298
9606.ENSP00000369497,BRCA2,Protein BRCA2; human protein in STRING interactome,9606.ENSP00000369497
9606.ENSP00000431775,IL32,Protein IL32; human protein in STRING interactome,9606.ENSP00000431775
9606.ENSP00000380251,NUDT19,Protein NUDT19; human protein in STRING interactome,9606.ENSP00000380251
9606.ENSP00000337383,NLRP3,Protein NLRP3; human protein in STRING interactome,9606.ENSP00000337383
9606.ENSP00000354837,ARHGEF2,Protein ARHGEF2; human protein in STRING interactome,9606.ENSP00000354837
9606.ENSP00000302967,HDAC3,Protein HDAC3; human protein in STRING interactome,9606.ENSP00000302967
9606.ENSP00000356969,APOA2,Apolipoprotein A-II; second most abundant HDL apolipoprotein,9606.ENSP00000356969
9606.ENSP00000255040,APCS,Protein APCS; human protein in STRING interactome,9606.ENSP00000255040
9606.ENSP00000365048,TNFSF13B,Protein TNFSF13B; human protein in STRING interactome,9606.ENSP00000365048
9606.ENSP00000483825,IKBKG,Protein IKBKG; human protein in STRING interactome,9606.ENSP00000483825
9606.ENSP00000246657,CCR7,Protein CCR7; human protein in STRING interactome,9606.ENSP00000246657
9606.ENSP00000421725,GC,Protein GC; human protein in STRING interactome,9606.ENSP00000421725
9606.ENSP00000316329,SCD5,Protein SCD5; human protein in STRING interactome,9606.ENSP00000316329
9606.ENSP00000286548,GNAQ,Protein GNAQ; human protein in STRING interactome,9606.ENSP00000286548
9606.ENSP00000425107,ATG12,Protein ATG12; human protein in STRING interactome,9606.ENSP00000425107
9606.ENSP00000351314,PSMB10,Protein PSMB10; human protein in STRING interactome,9606.ENSP00000351314
9606.ENSP00000227667,APOC3,Apolipoprotein C-III; inhibitor of lipoprotein lipase and hepatic uptake,9606.ENSP00000227667
9606.ENSP00000467123,NLRP7,Protein NLRP7; human protein in STRING interactome,9606.ENSP00000467123
9606.ENSP00000493985,KNG1,Protein KNG1; human protein in STRING interactome,9606.ENSP00000493985
9606.ENSP00000216336,CTSG,Protein CTSG; human protein in STRING interactome,9606.ENSP00000216336
9606.ENSP00000480043,VEGFC,Protein VEGFC; human protein in STRING interactome,9606.ENSP00000480043
9606.ENSP00000377900,LIPF,Protein LIPF; human protein in STRING interactome,9606.ENSP00000377900
9606.ENSP00000384716,ZDHHC8,Protein ZDHHC8; human protein in STRING interactome,9606.ENSP00000384716
9606.ENSP00000263650,OSBPL5,Protein OSBPL5; human protein in STRING interactome,9606.ENSP00000263650
9606.ENSP00000338191,SNTB2,Protein SNTB2; human protein in STRING interactome,9606.ENSP00000338191
9606.ENSP00000312946,STAB1,Protein STAB1; human protein in STRING interactome,9606.ENSP00000312946
9606.ENSP00000351497,FCGR2B,Protein FCGR2B; human protein in STRING interactome,9606.ENSP00000351497
9606.ENSP00000279263,TM7SF2,Protein TM7SF2; human protein in STRING interactome,9606.ENSP00000279263
9606.ENSP00000313169,NPHP1,Protein NPHP1; human protein in STRING interactome,9606.ENSP00000313169
9606.ENSP00000278222,SAA4,Protein SAA4; human protein in STRING interactome,9606.ENSP00000278222
9606.ENSP00000447149,NR1H4,Farnesoid X receptor (FXR); bile acid sensor regulating lipid metabolism,9606.ENSP00000447149
9606.ENSP00000222823,NOD1,Protein NOD1; human protein in STRING interactome,9606.ENSP00000222823
9606.ENSP00000205948,APOH,Apolipoprotein H (beta-2-glycoprotein I); phospholipid-binding protein,9606.ENSP00000205948
9606.ENSP00000303942,GP9,Protein GP9; human protein in STRING interactome,9606.ENSP00000303942
9606.ENSP00000361405,MMP9,Protein MMP9; human protein in STRING interactome,9606.ENSP00000361405
9606.ENSP00000363929,NCOA6,Protein NCOA6; human protein in STRING interactome,9606.ENSP00000363929
9606.ENSP00000383364,PLA2G2A,Secretory phospholipase A2 group IIA; modifies LDL particles,9606.ENSP00000383364
9606.ENSP00000359339,CGAS,Protein CGAS; human protein in STRING interactome,9606.ENSP00000359339
9606.ENSP00000336799,TUBA1B,Protein TUBA1B; human protein in STRING interactome,9606.ENSP00000336799
9606.ENSP00000369554,IFNA2,Protein IFNA2; human protein in STRING interactome,9606.ENSP00000369554
9606.ENSP00000424827,NEDD4,Protein NEDD4; human protein in STRING interactome,9606.ENSP00000424827
9606.ENSP00000411355,PTPRC,Protein PTPRC; human protein in STRING interactome,9606.ENSP00000411355
9606.ENSP00000370989,CD274,Protein CD274; human protein in STRING interactome,9606.ENSP00000370989
9606.ENSP00000240285,RDH10,Protein RDH10; human protein in STRING interactome,9606.ENSP00000240285
9606.ENSP00000335304,DLST,Protein DLST; human protein in STRING interactome,9606.ENSP00000335304
9606.ENSP00000360316,DHCR24,24-dehydrocholesterol reductase; cholesterol biosynthesis enzyme,9606.ENSP00000360316
9606.ENSP00000377549,FABP6,Protein FABP6; human protein in STRING interactome,9606.ENSP00000377549
9606.ENSP00000365016,IRS2,Protein IRS2; human protein in STRING interactome,9606.ENSP00000365016
9606.ENSP00000349547,RASSF1,Protein RASSF1; human protein in STRING interactome,9606.ENSP00000349547
9606.ENSP00000252804,PXDN,Protein PXDN; human protein in STRING interactome,9606.ENSP00000252804
9606.ENSP00000253382,ACSS2,Protein ACSS2; human protein in STRING interactome,9606.ENSP00000253382
9606.ENSP00000386660,KDM3A,Protein KDM3A; human protein in STRING interactome,9606.ENSP00000386660
9606.ENSP00000446916,PRSS58,Protein PRSS58; human protein in STRING interactome,9606.ENSP00000446916
9606.ENSP00000312002,HAVCR2,Protein HAVCR2; human protein in STRING interactome,9606.ENSP00000312002
9606.ENSP00000407586,HRAS,Protein HRAS; human protein in STRING interactome,9606.ENSP00000407586
9606.ENSP00000379841,GPS2,Protein GPS2; human protein in STRING interactome,9606.ENSP00000379841
9606.ENSP00000312987,HNF4A,Protein HNF4A; human protein in STRING interactome,9606.ENSP00000312987
9606.ENSP00000264033,CBL,Protein CBL; human protein in STRING interactome,9606.ENSP00000264033
9606.ENSP00000296870,IL3,Protein IL3; human protein in STRING interactome,9606.ENSP00000296870
9606.ENSP00000278865,MS4A3,Protein MS4A3; human protein in STRING interactome,9606.ENSP00000278865
9606.ENSP00000327890,IL3RA,Protein IL3RA; human protein in STRING interactome,9606.ENSP00000327890
9606.ENSP00000357804,THEM4,Protein THEM4; human protein in STRING interactome,9606.ENSP00000357804
9606.ENSP00000367064,CUBN,Protein CUBN; human protein in STRING interactome,9606.ENSP00000367064
9606.ENSP00000299022,LIPC,Hepatic lipase; hydrolyzes triglycerides and phospholipids in IDL and HDL,9606.ENSP00000299022
9606.ENSP00000497784,ALOX12B,Protein ALOX12B; human protein in STRING interactome,9606.ENSP00000497784
9606.ENSP00000256104,FABP4,Protein FABP4; human protein in STRING interactome,9606.ENSP00000256104
9606.ENSP00000354612,PTGS1,Protein PTGS1; human protein in STRING interactome,9606.ENSP00000354612
9606.ENSP00000215885,PLA2G3,Protein PLA2G3; human protein in STRING interactome,9606.ENSP00000215885
9606.ENSP00000419260,PIK3CG,Protein PIK3CG; human protein in STRING interactome,9606.ENSP00000419260
9606.ENSP00000492001,PFKFB3,Protein PFKFB3; human protein in STRING interactome,9606.ENSP00000492001
9606.ENSP00000446280,PCSK5,Protein PCSK5; human protein in STRING interactome,9606.ENSP00000446280
9606.ENSP00000361850,PLAU,Protein PLAU; human protein in STRING interactome,9606.ENSP00000361850
9606.ENSP00000371267,YWHAQ,Protein YWHAQ; human protein in STRING interactome,9606.ENSP00000371267
9606.ENSP00000499717,CALM1,Protein CALM1; human protein in STRING interactome,9606.ENSP00000499717
9606.ENSP00000496832,ISG15,Protein ISG15; human protein in STRING interactome,9606.ENSP00000496832
9606.ENSP00000263847,OSBP,Protein OSBP; human protein in STRING interactome,9606.ENSP00000263847
9606.ENSP00000299855,MMP3,Protein MMP3; human protein in STRING interactome,9606.ENSP00000299855
9606.ENSP00000363641,TXN,Protein TXN; human protein in STRING interactome,9606.ENSP00000363641
9606.ENSP00000296140,CCR1,Protein CCR1; human protein in STRING interactome,9606.ENSP00000296140
9606.ENSP00000380432,INS,Protein INS; human protein in STRING interactome,9606.ENSP00000380432
9606.ENSP00000364212,CDA,Protein CDA; human protein in STRING interactome,9606.ENSP00000364212
9606.ENSP00000264444,MXD1,Protein MXD1; human protein in STRING interactome,9606.ENSP00000264444
9606.ENSP00000358105,APH1A,Protein APH1A; human protein in STRING interactome,9606.ENSP00000358105
9606.ENSP00000229135,IFNG,Protein IFNG; human protein in STRING interactome,9606.ENSP00000229135
9606.ENSP00000401980,MAVS,Protein MAVS; human protein in STRING interactome,9606.ENSP00000401980
9606.ENSP00000244050,SNAI1,Protein SNAI1; human protein in STRING interactome,9606.ENSP00000244050
9606.ENSP00000361366,SFTPD,Protein SFTPD; human protein in STRING interactome,9606.ENSP00000361366
9606.ENSP00000380227,ITGA4,Protein ITGA4; human protein in STRING interactome,9606.ENSP00000380227
9606.ENSP00000264170,KYNU,Protein KYNU; human protein in STRING interactome,9606.ENSP00000264170
9606.ENSP00000286733,NAAA,Protein NAAA; human protein in STRING interactome,9606.ENSP00000286733
9606.ENSP00000290866,ACE,Protein ACE; human protein in STRING interactome,9606.ENSP00000290866
9606.ENSP00000351190,ITIH2,Protein ITIH2; human protein in STRING interactome,9606.ENSP00000351190
9606.ENSP00000380442,PLA2G4F,Protein PLA2G4F; human protein in STRING interactome,9606.ENSP00000380442
9606.ENSP00000258418,CAB39,Protein CAB39; human protein in STRING interactome,9606.ENSP00000258418
9606.ENSP00000401720,GK,Protein GK; human protein in STRING interactome,9606.ENSP00000401720
9606.ENSP00000465356,APOC1,Apolipoprotein C-I; inhibitor of hepatic lipase and CETP,9606.ENSP00000465356
9606.ENSP00000305714,BMP1,Protein BMP1; human protein in STRING interactome,9606.ENSP00000305714
9606.ENSP00000216330,FKBP3,Protein FKBP3; human protein in STRING interactome,9606.ENSP00000216330
9606.ENSP00000269571,ERBB2,Protein ERBB2; human protein in STRING interactome,9606.ENSP00000269571
9606.ENSP00000428205,FBXO32,Protein FBXO32; human protein in STRING interactome,9606.ENSP00000428205
9606.ENSP00000307305,DDIT4,Protein DDIT4; human protein in STRING interactome,9606.ENSP00000307305
9606.ENSP00000465500,TNFRSF11A,Protein TNFRSF11A; human protein in STRING interactome,9606.ENSP00000465500
9606.ENSP00000325136,HADHB,Protein HADHB; human protein in STRING interactome,9606.ENSP00000325136
9606.ENSP00000321334,LPA,Apolipoprotein(a); kringle IV-containing protein covalently linked to LDL,9606.ENSP00000321334
9606.ENSP00000370978,CRLF2,Protein CRLF2; human protein in STRING interactome,9606.ENSP00000370978
9606.ENSP00000262193,PSMB1,Protein PSMB1; human protein in STRING interactome,9606.ENSP00000262193
9606.ENSP00000369213,DDX58,Protein DDX58; human protein in STRING interactome,9606.ENSP00000369213
9606.ENSP00000380697,IRF7,Protein IRF7; human protein in STRING interactome,9606.ENSP00000380697
9606.ENSP00000411256,GABARAPL1,Protein GABARAPL1; human protein in STRING interactome,9606.ENSP00000411256
9606.ENSP00000376345,GRB2,Protein GRB2; human protein in STRING interactome,9606.ENSP00000376345
9606.ENSP00000367013,TNFRSF25,Protein TNFRSF25; human protein in STRING interactome,9606.ENSP00000367013
9606.ENSP00000480150,HYOU1,Protein HYOU1; human protein in STRING interactome,9606.ENSP00000480150
9606.ENSP00000301012,MVD,Protein MVD; human protein in STRING interactome,9606.ENSP00000301012
9606.ENSP00000263645,CD81,Protein CD81; human protein in STRING interactome,9606.ENSP00000263645
9606.ENSP00000280357,IL18,Protein IL18; human protein in STRING interactome,9606.ENSP00000280357
9606.ENSP00000417138,PLTP,Phospholipid transfer protein; transfers phospholipids between lipoproteins,9606.ENSP00000417138
9606.ENSP00000363614,HMGCL,Protein HMGCL; human protein in STRING interactome,9606.ENSP00000363614
9606.ENSP00000378408,GPT,Protein GPT; human protein in STRING interactome,9606.ENSP00000378408
9606.ENSP00000350012,ACSL3,Protein ACSL3; human protein in STRING interactome,9606.ENSP00000350012
9606.ENSP00000228534,IL23A,Protein IL23A; human protein in STRING interactome,9606.ENSP00000228534
9606.ENSP00000353099,HLA-DRB1,Protein HLA-DRB1; human protein in STRING interactome,9606.ENSP00000353099
9606.ENSP00000237014,TTR,Protein TTR; human protein in STRING interactome,9606.ENSP00000237014
9606.ENSP00000370748,IDI1,Protein IDI1; human protein in STRING interactome,9606.ENSP00000370748
9606.ENSP00000360216,DNTT,Protein DNTT; human protein in STRING interactome,9606.ENSP00000360216
9606.ENSP00000254301,LGALS3,Protein LGALS3; human protein in STRING interactome,9606.ENSP00000254301
9606.ENSP00000296777,CARTPT,Protein CARTPT; human protein in STRING interactome,9606.ENSP00000296777
9606.ENSP00000454071,LDLR,Low-density lipoprotein receptor; mediates endocytosis of LDL particles,9606.ENSP00000454071
9606.ENSP00000336790,ATF4,Protein ATF4; human protein in STRING interactome,9606.ENSP00000336790
9606.ENSP00000323065,GADD45GIP1,Protein GADD45GIP1; human protein in STRING interactome,9606.ENSP00000323065
9606.ENSP00000245787,INSIG2,Insulin-induced gene 2; sterol-sensing retention protein,9606.ENSP00000245787
9606.ENSP00000245206,GOT2,Protein GOT2; human protein in STRING interactome,9606.ENSP00000245206
9606.ENSP00000481592,SMIM22,Protein SMIM22; human protein in STRING interactome,9606.ENSP00000481592
9606.ENSP00000263054,SORCS1,Protein SORCS1; human protein in STRING interactome,9606.ENSP00000263054
9606.ENSP00000266646,INHBE,Protein INHBE; human protein in STRING interactome,9606.ENSP00000266646
9606.ENSP00000500582,AKT3,Protein AKT3; human protein in STRING interactome,9606.ENSP00000500582
9606.ENSP00000310405,XCR1,Protein XCR1; human protein in STRING interactome,9606.ENSP00000310405
9606.ENSP00000044462,PSMA4,Protein PSMA4; human protein in STRING interactome,9606.ENSP00000044462
9606.ENSP00000342952,ADCY2,Protein ADCY2; human protein in STRING interactome,9606.ENSP00000342952
9606.ENSP00000380837,LSS,"Lanosterol synthase; cyclizes squalene-2,3-epoxide to lanosterol",9606.ENSP00000380837
9606.ENSP00000244043,PTGIS,Protein PTGIS; human protein in STRING interactome,9606.ENSP00000244043
9606.ENSP00000206513,CEBPE,Protein CEBPE; human protein in STRING interactome,9606.ENSP00000206513
9606.ENSP00000376475,PRKAR1A,Protein PRKAR1A; human protein in STRING interactome,9606.ENSP00000376475
9606.ENSP00000338728,CCDC88A,Protein CCDC88A; human protein in STRING interactome,9606.ENSP00000338728
9606.ENSP00000497069,IGF1R,Protein IGF1R; human protein in STRING interactome,9606.ENSP00000497069
9606.ENSP00000376849,CASP5,Protein CASP5; human protein in STRING interactome,9606.ENSP00000376849
9606.ENSP00000498382,DEPDC5,Protein DEPDC5; human protein in STRING interactome,9606.ENSP00000498382
9606.ENSP00000233057,EIF2AK2,Protein EIF2AK2; human protein in STRING interactome,9606.ENSP00000233057
9606.ENSP00000011653,CD4,Protein CD4; human protein in STRING interactome,9606.ENSP00000011653
9606.ENSP00000430241,EBF2,Protein EBF2; human protein in STRING interactome,9606.ENSP00000430241
9606.ENSP00000263326,IL37,Protein IL37; human protein in STRING interactome,9606.ENSP00000263326
9606.ENSP00000452762,ETFA,Protein ETFA; human protein in STRING interactome,9606.ENSP00000452762
9606.ENSP00000281030,THRSP,Protein THRSP; human protein in STRING interactome,9606.ENSP00000281030
9606.ENSP00000440045,ATP2A2,Protein ATP2A2; human protein in STRING interactome,9606.ENSP00000440045
9606.ENSP00000326804,CUL1,Protein CUL1; human protein in STRING interactome,9606.ENSP00000326804
9606.ENSP00000496438,S1PR2,Protein S1PR2; human protein in STRING interactome,9606.ENSP00000496438
9606.ENSP00000384848,PRR5,Protein PRR5; human protein in STRING interactome,9606.ENSP00000384848
9606.ENSP00000357288,LAMTOR2,Protein LAMTOR2; human protein in STRING interactome,9606.ENSP00000357288
9606.ENSP00000265723,ABCB4,Protein ABCB4; human protein in STRING interactome,9606.ENSP00000265723
9606.ENSP00000311405,ADCY6,Protein ADCY6; human protein in STRING interactome,9606.ENSP00000311405
9606.ENSP00000216797,NFKBIA,Protein NFKBIA; human protein in STRING interactome,9606.ENSP00000216797
9606.ENSP00000354901,CXCL9,Protein CXCL9; human protein in STRING interactome,9606.ENSP00000354901
9606.ENSP00000471894,HAMP,Protein HAMP; human protein in STRING interactome,9606.ENSP00000471894
9606.ENSP00000384610,PNPLA7,Protein PNPLA7; human protein in STRING interactome,9606.ENSP00000384610
9606.ENSP00000430684,IKBKB,Protein IKBKB; human protein in STRING interactome,9606.ENSP00000430684
9606.ENSP00000379975,ILK,Protein ILK; human protein in STRING interactome,9606.ENSP00000379975
9606.ENSP00000306512,CXCL8,Protein CXCL8; human protein in STRING interactome,9606.ENSP00000306512
9606.ENSP00000480821,LSR,Protein LSR; human protein in STRING interactome,9606.ENSP00000480821
9606.ENSP00000299138,VPS35,Protein VPS35; human protein in STRING interactome,9606.ENSP00000299138
9606.ENSP00000222982,CYP3A5,Protein CYP3A5; human protein in STRING interactome,9606.ENSP00000222982
9606.ENSP00000359385,GLMN,Protein GLMN; human protein in STRING interactome,9606.ENSP00000359385
9606.ENSP00000430432,HDAC2,Protein HDAC2; human protein in STRING interactome,9606.ENSP00000430432
9606.ENSP00000274140,MARCHF6,Protein MARCHF6; human protein in STRING interactome,9606.ENSP00000274140
9606.ENSP00000310873,COQ2,Protein COQ2; human protein in STRING interactome,9606.ENSP00000310873
9606.ENSP00000339001,TUBB,Protein TUBB; human protein in STRING interactome,9606.ENSP00000339001
9606.ENSP00000324842,AACS,Protein AACS; human protein in STRING interactome,9606.ENSP00000324842
9606.ENSP00000362578,RNF8,Protein RNF8; human protein in STRING interactome,9606.ENSP00000362578
9606.ENSP00000481728,ABCG4,Protein ABCG4; human protein in STRING interactome,9606.ENSP00000481728
9606.ENSP00000418572,VAMP2,Protein VAMP2; human protein in STRING interactome,9606.ENSP00000418572
9606.ENSP00000399324,FGF16,Protein FGF16; human protein in STRING interactome,9606.ENSP00000399324
9606.ENSP00000241014,MAPK8IP1,Protein MAPK8IP1; human protein in STRING interactome,9606.ENSP00000241014
9606.ENSP00000451261,UBE2J1,Protein UBE2J1; human protein in STRING interactome,9606.ENSP00000451261
9606.ENSP00000403888,DISC1,Protein DISC1; human protein in STRING interactome,9606.ENSP00000403888
9606.ENSP00000472546,PLA2G4C,Protein PLA2G4C; human protein in STRING interactome,9606.ENSP00000472546
9606.ENSP00000310721,CYP7B1,Protein CYP7B1; human protein in STRING interactome,9606.ENSP00000310721
9606.ENSP00000304915,IL13,Protein IL13; human protein in STRING interactome,9606.ENSP00000304915
9606.ENSP00000319814,PCK1,Protein PCK1; human protein in STRING interactome,9606.ENSP00000319814
9606.ENSP00000285071,FLCN,Protein FLCN; human protein in STRING interactome,9606.ENSP00000285071
9606.ENSP00000398698,TNF,Protein TNF; human protein in STRING interactome,9606.ENSP00000398698
9606.ENSP00000276914,PLIN2,Protein PLIN2; human protein in STRING interactome,9606.ENSP00000276914
9606.ENSP00000428056,PIK3R1,Protein PIK3R1; human protein in STRING interactome,9606.ENSP00000428056
9606.ENSP00000229266,CHPT1,Protein CHPT1; human protein in STRING interactome,9606.ENSP00000229266
9606.ENSP00000260970,PPIG,Protein PPIG; human protein in STRING interactome,9606.ENSP00000260970
9606.ENSP00000416293,SLC2A1,Protein SLC2A1; human protein in STRING interactome,9606.ENSP00000416293
9606.ENSP00000337354,LIPA,Lysosomal acid lipase; hydrolyzes cholesteryl esters and triglycerides in lysosomes,9606.ENSP00000337354
9606.ENSP00000356198,CHIT1,Protein CHIT1; human protein in STRING interactome,9606.ENSP00000356198
9606.ENSP00000264005,LCAT,Lecithin-cholesterol acyltransferase; esterifies cholesterol on HDL,9606.ENSP00000264005
9606.ENSP00000497280,AGK,Protein AGK; human protein in STRING interactome,9606.ENSP00000497280
9606.ENSP00000276414,GNRH1,Protein GNRH1; human protein in STRING interactome,9606.ENSP00000276414
9606.ENSP00000313967,C1QB,Protein C1QB; human protein in STRING interactome,9606.ENSP00000313967
9606.ENSP00000347948,TNFRSF14,Protein TNFRSF14; human protein in STRING interactome,9606.ENSP00000347948
9606.ENSP00000009041,STARD3NL,Protein STARD3NL; human protein in STRING interactome,9606.ENSP00000009041
9606.ENSP00000426083,ADH1C,Protein ADH1C; human protein in STRING interactome,9606.ENSP00000426083
9606.ENSP00000334128,CYP27C1,Protein CYP27C1; human protein in STRING interactome,9606.ENSP00000334128
9606.ENSP00000381775,TNFSF11,Protein TNFSF11; human protein in STRING interactome,9606.ENSP00000381775
9606.ENSP00000326563,KDM3B,Protein KDM3B; human protein in STRING interactome,9606.ENSP00000326563
9606.ENSP00000334145,F3,Protein F3; human protein in STRING interactome,9606.ENSP00000334145
9606.ENSP00000263205,MED15,Protein MED15; human protein in STRING interactome,9606.ENSP00000263205
9606.ENSP00000276449,STAR,Protein STAR; human protein in STRING interactome,9606.ENSP00000276449
9606.ENSP00000323588,SOX2,Protein SOX2; human protein in STRING interactome,9606.ENSP00000323588
9606.ENSP00000279441,MMP10,Protein MMP10; human protein in STRING interactome,9606.ENSP00000279441
9606.ENSP00000330442,PLB1,Protein PLB1; human protein in STRING interactome,9606.ENSP00000330442
9606.ENSP00000431284,LPXN,Protein LPXN; human protein in STRING interactome,9606.ENSP00000431284
9606.ENSP00000297494,NOS3,Protein NOS3; human protein in STRING interactome,9606.ENSP00000297494
9606.ENSP00000259212,IL36RN,Protein IL36RN; human protein in STRING interactome,9606.ENSP00000259212
9606.ENSP00000337731,CIDEB,Protein CIDEB; human protein in STRING interactome,9606.ENSP00000337731
9606.ENSP00000311697,FGF5,Protein FGF5; human protein in STRING interactome,9606.ENSP00000311697
9606.ENSP00000233997,AZU1,Protein AZU1; human protein in STRING interactome,9606.ENSP00000233997
9606.ENSP00000435289,PAFAH1B2,Protein PAFAH1B2; human protein in STRING interactome,9606.ENSP00000435289
9606.ENSP00000228945,ARHGDIB,Protein ARHGDIB; human protein in STRING interactome,9606.ENSP00000228945
9606.ENSP00000433208,PTH,Protein PTH; human protein in STRING interactome,9606.ENSP00000433208
9606.ENSP00000308541,F2,Protein F2; human protein in STRING interactome,9606.ENSP00000308541
9606.ENSP00000471477,FGF21,Protein FGF21; human protein in STRING interactome,9606.ENSP00000471477
9606.ENSP00000346437,ATG7,Protein ATG7; human protein in STRING interactome,9606.ENSP00000346437
9606.ENSP00000329797,CADM1,Protein CADM1; human protein in STRING interactome,9606.ENSP00000329797
9606.ENSP00000297258,FABP5,Protein FABP5; human protein in STRING interactome,9606.ENSP00000297258
9606.ENSP00000331831,GAS6,Protein GAS6; human protein in STRING interactome,9606.ENSP00000331831
9606.ENSP00000216446,PLEK2,Protein PLEK2; human protein in STRING interactome,9606.ENSP00000216446
9606.ENSP00000349205,PIK3R4,Protein PIK3R4; human protein in STRING interactome,9606.ENSP00000349205
9606.ENSP00000265627,PON3,Protein PON3; human protein in STRING interactome,9606.ENSP00000265627
9606.ENSP00000217455,ACOT8,Protein ACOT8; human protein in STRING interactome,9606.ENSP00000217455
9606.ENSP00000357283,LMNA,Protein LMNA; human protein in STRING interactome,9606.ENSP00000357283
9606.ENSP00000348429,ACSL5,Protein ACSL5; human protein in STRING interactome,9606.ENSP00000348429
9606.ENSP00000432412,ATG13,Protein ATG13; human protein in STRING interactome,9606.ENSP00000432412
9606.ENSP00000008527,CRY1,Protein CRY1; human protein in STRING interactome,9606.ENSP00000008527
9606.ENSP00000385428,NLRC4,Protein NLRC4; human protein in STRING interactome,9606.ENSP00000385428
9606.ENSP00000379287,YWHAZ,Protein YWHAZ; human protein in STRING interactome,9606.ENSP00000379287
9606.ENSP00000368022,OPTN,Protein OPTN; human protein in STRING interactome,9606.ENSP00000368022
9606.ENSP00000315700,CHAF1B,Protein CHAF1B; human protein in STRING interactome,9606.ENSP00000315700
9606.ENSP00000441543,UBC,Protein UBC; human protein in STRING interactome,9606.ENSP00000441543
9606.ENSP00000378414,SMARCD1,Protein SMARCD1; human protein in STRING interactome,9606.ENSP00000378414
9606.ENSP00000484824,MUC1,Protein MUC1; human protein in STRING interactome,9606.ENSP00000484824
9606.ENSP00000217407,LBP,Protein LBP; human protein in STRING interactome,9606.ENSP00000217407
9606.ENSP00000494360,SUCLA2,Protein SUCLA2; human protein in STRING interactome,9606.ENSP00000494360
9606.ENSP00000433209,GSDMD,Protein GSDMD; human protein in STRING interactome,9606.ENSP00000433209
9606.ENSP00000223114,MOGAT3,Protein MOGAT3; human protein in STRING interactome,9606.ENSP00000223114
9606.ENSP00000200676,CETP,Cholesteryl ester transfer protein; transfers CE from HDL to apoB-containing lipoproteins,9606.ENSP00000200676
9606.ENSP00000362924,GSN,Protein GSN; human protein in STRING interactome,9606.ENSP00000362924
9606.ENSP00000343952,CCR6,Protein CCR6; human protein in STRING interactome,9606.ENSP00000343952
9606.ENSP00000494175,HBB,Protein HBB; human protein in STRING interactome,9606.ENSP00000494175
9606.ENSP00000363661,IGBP1,Protein IGBP1; human protein in STRING interactome,9606.ENSP00000363661
9606.ENSP00000220592,AGO2,Protein AGO2; human protein in STRING interactome,9606.ENSP00000220592
9606.ENSP00000332049,CD86,Protein CD86; human protein in STRING interactome,9606.ENSP00000332049
9606.ENSP00000324890,CD28,Protein CD28; human protein in STRING interactome,9606.ENSP00000324890
9606.ENSP00000381282,SELENOS,Protein SELENOS; human protein in STRING interactome,9606.ENSP00000381282
9606.ENSP00000381237,HM13,Protein HM13; human protein in STRING interactome,9606.ENSP00000381237
9606.ENSP00000316924,ACSS1,Protein ACSS1; human protein in STRING interactome,9606.ENSP00000316924
9606.ENSP00000498587,NOTCH1,Protein NOTCH1; human protein in STRING interactome,9606.ENSP00000498587
9606.ENSP00000371897,ARHGAP5,Protein ARHGAP5; human protein in STRING interactome,9606.ENSP00000371897
9606.ENSP00000312134,PRG2,Protein PRG2; human protein in STRING interactome,9606.ENSP00000312134
9606.ENSP00000357362,THBS3,Protein THBS3; human protein in STRING interactome,9606.ENSP00000357362
9606.ENSP00000350132,PLN,Protein PLN; human protein in STRING interactome,9606.ENSP00000350132
9606.ENSP00000295025,REL,Protein REL; human protein in STRING interactome,9606.ENSP00000295025
9606.ENSP00000497806,DLG4,Protein DLG4; human protein in STRING interactome,9606.ENSP00000497806
9606.ENSP00000222381,PON1,Protein PON1; human protein in STRING interactome,9606.ENSP00000222381
9606.ENSP00000308413,RPS6KB2,Protein RPS6KB2; human protein in STRING interactome,9606.ENSP00000308413
9606.ENSP00000363616,EDEM2,Protein EDEM2; human protein in STRING interactome,9606.ENSP00000363616
9606.ENSP00000308351,MLKL,Protein MLKL; human protein in STRING interactome,9606.ENSP00000308351
9606.ENSP00000299663,CLEC4E,Protein CLEC4E; human protein in STRING interactome,9606.ENSP00000299663
9606.ENSP00000417273,NCK1,Protein NCK1; human protein in STRING interactome,9606.ENSP00000417273
9606.ENSP00000342385,PTGES,Protein PTGES; human protein in STRING interactome,9606.ENSP00000342385
9606.ENSP00000345347,HMGB1,Protein HMGB1; human protein in STRING interactome,9606.ENSP00000345347
9606.ENSP00000307272,RPTOR,Protein RPTOR; human protein in STRING interactome,9606.ENSP00000307272
9606.ENSP00000292174,CXCR5,Protein CXCR5; human protein in STRING interactome,9606.ENSP00000292174
9606.ENSP00000359552,PKN2,Protein PKN2; human protein in STRING interactome,9606.ENSP00000359552
9606.ENSP00000361202,IRS4,Protein IRS4; human protein in STRING interactome,9606.ENSP00000361202
9606.ENSP00000312082,TLR8,Protein TLR8; human protein in STRING interactome,9606.ENSP00000312082
9606.ENSP00000322323,FAM20C,Protein FAM20C; human protein in STRING interactome,9606.ENSP00000322323
9606.ENSP00000352925,TRRAP,Protein TRRAP; human protein in STRING interactome,9606.ENSP00000352925
9606.ENSP00000482841,CRABP2,Protein CRABP2; human protein in STRING interactome,9606.ENSP00000482841
9606.ENSP00000293328,STAT5B,Protein STAT5B; human protein in STRING interactome,9606.ENSP00000293328
9606.ENSP00000325425,MAT2B,Protein MAT2B; human protein in STRING interactome,9606.ENSP00000325425
9606.ENSP00000215832,MAPK1,Protein MAPK1; human protein in STRING interactome,9606.ENSP00000215832
9606.ENSP00000286479,NAT2,Protein NAT2; human protein in STRING interactome,9606.ENSP00000286479
9606.ENSP00000258873,ACSBG1,Protein ACSBG1; human protein in STRING interactome,9606.ENSP00000258873
9606.ENSP00000354125,EIF3B,Protein EIF3B; human protein in STRING interactome,9606.ENSP00000354125
9606.ENSP00000405453,MSR1,Macrophage scavenger receptor 1; mediates modified LDL uptake,9606.ENSP00000405453
9606.ENSP00000379078,EHMT2,Protein EHMT2; human protein in STRING interactome,9606.ENSP00000379078
9606.ENSP00000332973,SMAD3,Protein SMAD3; human protein in STRING interactome,9606.ENSP00000332973
9606.ENSP00000219596,MEFV,Protein MEFV; human protein in STRING interactome,9606.ENSP00000219596
9606.ENSP00000291041,PSKH1,Protein PSKH1; human protein in STRING interactome,9606.ENSP00000291041
9606.ENSP00000322788,MMP1,Protein MMP1; human protein in STRING interactome,9606.ENSP00000322788
9606.ENSP00000340507,TRIM24,Protein TRIM24; human protein in STRING interactome,9606.ENSP00000340507
9606.ENSP00000430955,RNF145,Protein RNF145; human protein in STRING interactome,9606.ENSP00000430955
9606.ENSP00000383115,COLEC12,Protein COLEC12; human protein in STRING interactome,9606.ENSP00000383115
9606.ENSP00000279804,CTF1,Protein CTF1; human protein in STRING interactome,9606.ENSP00000279804
9606.ENSP00000312286,PLA2G1B,Protein PLA2G1B; human protein in STRING interactome,9606.ENSP00000312286
9606.ENSP00000491537,FDFT1,Protein FDFT1; human protein in STRING interactome,9606.ENSP00000491537
9606.ENSP00000316176,UBE2N,Protein UBE2N; human protein in STRING interactome,9606.ENSP00000316176
9606.ENSP00000423822,GPX8,Protein GPX8; human protein in STRING interactome,9606.ENSP00000423822
9606.ENSP00000481152,IGHV3-43D,Protein IGHV3-43D; human protein in STRING interactome,9606.ENSP00000481152
9606.ENSP00000274625,FGF18,Protein FGF18; human protein in STRING interactome,9606.ENSP00000274625
9606.ENSP00000225577,RPS6KB1,Protein RPS6KB1; human protein in STRING interactome,9606.ENSP00000225577
9606.ENSP00000410402,MAP2K4,Protein MAP2K4; human protein in STRING interactome,9606.ENSP00000410402
9606.ENSP00000363894,NIPSNAP3B,Protein NIPSNAP3B; human protein in STRING interactome,9606.ENSP00000363894
9606.ENSP00000387050,PLD3,Protein PLD3; human protein in STRING interactome,9606.ENSP00000387050
9606.ENSP00000381654,HMGCLL1,Protein HMGCLL1; human protein in STRING interactome,9606.ENSP00000381654
9606.ENSP00000364243,PLA2G2F,Protein PLA2G2F; human protein in STRING interactome,9606.ENSP00000364243
9606.ENSP00000239938,EGR1,Protein EGR1; human protein in STRING interactome,9606.ENSP00000239938
9606.ENSP00000360797,CARD9,Protein CARD9; human protein in STRING interactome,9606.ENSP00000360797
9606.ENSP00000262374,ALG1,Protein ALG1; human protein in STRING interactome,9606.ENSP00000262374
9606.ENSP00000263686,SELP,Protein SELP; human protein in STRING interactome,9606.ENSP00000263686
9606.ENSP00000262134,LPCAT2,Protein LPCAT2; human protein in STRING interactome,9606.ENSP00000262134
9606.ENSP00000494609,ABCC4,Protein ABCC4; human protein in STRING interactome,9606.ENSP00000494609
9606.ENSP00000265350,MED20,Protein MED20; human protein in STRING interactome,9606.ENSP00000265350
9606.ENSP00000477707,NR1H3,Liver X receptor alpha (LXR-alpha); cholesterol-sensing transcription factor,9606.ENSP00000477707
9606.ENSP00000395535,MECP2,Protein MECP2; human protein in STRING interactome,9606.ENSP00000395535
9606.ENSP00000225842,CCL1,Protein CCL1; human protein in STRING interactome,9606.ENSP00000225842
9606.ENSP00000430950,IDO1,Protein IDO1; human protein in STRING interactome,9606.ENSP00000430950
9606.ENSP00000354554,MT-CYB,Protein MT-CYB; human protein in STRING interactome,9606.ENSP00000354554
9606.ENSP00000337450,CYP3A7,Protein CYP3A7; human protein in STRING interactome,9606.ENSP00000337450
9606.ENSP00000364235,RNF5,Protein RNF5; human protein in STRING interactome,9606.ENSP00000364235
9606.ENSP00000351777,VCP,Protein VCP; human protein in STRING interactome,9606.ENSP00000351777
9606.ENSP00000294312,FGF19,Protein FGF19; human protein in STRING interactome,9606.ENSP00000294312
9606.ENSP00000254227,NR0B2,Small heterodimer partner (SHP); orphan nuclear receptor repressing bile acid synthesis,9606.ENSP00000254227
9606.ENSP00000343331,LIPI,Protein LIPI; human protein in STRING interactome,9606.ENSP00000343331
9606.ENSP00000301645,CYP7A1,Cholesterol 7-alpha-hydroxylase; rate-limiting enzyme in bile acid synthesis,9606.ENSP00000301645
9606.ENSP00000381601,MX1,Protein MX1; human protein in STRING interactome,9606.ENSP00000381601
9606.ENSP00000218548,ATP12A,Protein ATP12A; human protein in STRING interactome,9606.ENSP00000218548
9606.ENSP00000302486,MAP2K1,Protein MAP2K1; human protein in STRING interactome,9606.ENSP00000302486
9606.ENSP00000368253,NR0B1,Protein NR0B1; human protein in STRING interactome,9606.ENSP00000368253
9606.ENSP00000376197,TFRC,Protein TFRC; human protein in STRING interactome,9606.ENSP00000376197
9606.ENSP00000412209,IL5RA,Protein IL5RA; human protein in STRING interactome,9606.ENSP00000412209
9606.ENSP00000298552,TSC1,Protein TSC1; human protein in STRING interactome,9606.ENSP00000298552
9606.ENSP00000262187,RHEB,Protein RHEB; human protein in STRING interactome,9606.ENSP00000262187
9606.ENSP00000427679,MTTP,Microsomal triglyceride transfer protein; essential for apoB lipoprotein assembly,9606.ENSP00000427679
9606.ENSP00000360280,DAB1,Protein DAB1; human protein in STRING interactome,9606.ENSP00000360280
9606.ENSP00000357113,IFI16,Protein IFI16; human protein in STRING interactome,9606.ENSP00000357113
9606.ENSP00000366006,UBIAD1,Protein UBIAD1; human protein in STRING interactome,9606.ENSP00000366006
9606.ENSP00000312262,GRK2,Protein GRK2; human protein in STRING interactome,9606.ENSP00000312262
9606.ENSP00000379138,AFP,Protein AFP; human protein in STRING interactome,9606.ENSP00000379138
9606.ENSP00000363092,PRKG1,Protein PRKG1; human protein in STRING interactome,9606.ENSP00000363092
9606.ENSP00000263088,PLD2,Protein PLD2; human protein in STRING interactome,9606.ENSP00000263088
9606.ENSP00000360916,VAV2,Protein VAV2; human protein in STRING interactome,9606.ENSP00000360916
9606.ENSP00000353874,TLR9,Protein TLR9; human protein in STRING interactome,9606.ENSP00000353874
9606.ENSP00000347379,OCLN,Protein OCLN; human protein in STRING interactome,9606.ENSP00000347379
9606.ENSP00000325690,CARM1,Protein CARM1; human protein in STRING interactome,9606.ENSP00000325690
9606.ENSP00000349486,SCRIB,Protein SCRIB; human protein in STRING interactome,9606.ENSP00000349486
9606.ENSP00000347184,HTT,Protein HTT; human protein in STRING interactome,9606.ENSP00000347184
9606.ENSP00000370503,CCM2,Protein CCM2; human protein in STRING interactome,9606.ENSP00000370503
9606.ENSP00000264039,GPC1,Protein GPC1; human protein in STRING interactome,9606.ENSP00000264039
9606.ENSP00000302476,HSPB2,Protein HSPB2; human protein in STRING interactome,9606.ENSP00000302476
9606.ENSP00000261507,MSMO1,Protein MSMO1; human protein in STRING interactome,9606.ENSP00000261507
9606.ENSP00000347717,DHCR7,7-dehydrocholesterol reductase; final step in cholesterol biosynthesis,9606.ENSP00000347717
9606.ENSP00000405330,ESR1,Protein ESR1; human protein in STRING interactome,9606.ENSP00000405330
9606.ENSP00000301178,AXL,Protein AXL; human protein in STRING interactome,9606.ENSP00000301178
9606.ENSP00000399888,HMGA1,Protein HMGA1; human protein in STRING interactome,9606.ENSP00000399888
9606.ENSP00000480157,PIK3R6,Protein PIK3R6; human protein in STRING interactome,9606.ENSP00000480157
9606.ENSP00000353270,ERGIC2,Protein ERGIC2; human protein in STRING interactome,9606.ENSP00000353270
9606.ENSP00000315299,CALML3,Protein CALML3; human protein in STRING interactome,9606.ENSP00000315299
9606.ENSP00000383365,TXNRD2,Protein TXNRD2; human protein in STRING interactome,9606.ENSP00000383365
9606.ENSP00000464814,COASY,Protein COASY; human protein in STRING interactome,9606.ENSP00000464814
9606.ENSP00000339835,H3-5,Protein H3-5; human protein in STRING interactome,9606.ENSP00000339835
9606.ENSP00000302770,ZNF296,Protein ZNF296; human protein in STRING interactome,9606.ENSP00000302770
9606.ENSP00000356505,NCF2,Protein NCF2; human protein in STRING interactome,9606.ENSP00000356505
9606.ENSP00000256458,IRAK2,Protein IRAK2; human protein in STRING interactome,9606.ENSP00000256458
9606.ENSP00000320337,PLAAT3,Protein PLAAT3; human protein in STRING interactome,9606.ENSP00000320337
9606.ENSP00000364249,PLA2G5,Protein PLA2G5; human protein in STRING interactome,9606.ENSP00000364249
9606.ENSP00000497997,MALT1,Protein MALT1; human protein in STRING interactome,9606.ENSP00000497997
9606.ENSP00000287322,BAG4,Protein BAG4; human protein in STRING interactome,9606.ENSP00000287322
9606.ENSP00000365924,TRIM31,Protein TRIM31; human protein in STRING interactome,9606.ENSP00000365924
9606.ENSP00000379140,CXCL12,Protein CXCL12; human protein in STRING interactome,9606.ENSP00000379140
9606.ENSP00000225964,COL1A1,Protein COL1A1; human protein in STRING interactome,9606.ENSP00000225964
9606.ENSP00000262768,TIMP2,Protein TIMP2; human protein in STRING interactome,9606.ENSP00000262768
9606.ENSP00000216044,GTPBP1,Protein GTPBP1; human protein in STRING interactome,9606.ENSP00000216044
9606.ENSP00000339730,THBS4,Protein THBS4; human protein in STRING interactome,9606.ENSP00000339730
9606.ENSP00000401303,SHC1,Protein SHC1; human protein in STRING interactome,9606.ENSP00000401303
9606.ENSP00000396045,PLA2G4B,Protein PLA2G4B; human protein in STRING interactome,9606.ENSP00000396045
9606.ENSP00000223795,TNFSF8,Protein TNFSF8; human protein in STRING interactome,9606.ENSP00000223795
9606.ENSP00000300574,CRK,Protein CRK; human protein in STRING interactome,9606.ENSP00000300574
9606.ENSP00000315130,CLU,Protein CLU; human protein in STRING interactome,9606.ENSP00000315130
9606.ENSP00000269097,G6PC3,Protein G6PC3; human protein in STRING interactome,9606.ENSP00000269097
9606.ENSP00000268058,PML,Protein PML; human protein in STRING interactome,9606.ENSP00000268058
9606.ENSP00000386289,GULP1,Protein GULP1; human protein in STRING interactome,9606.ENSP00000386289
9606.ENSP00000296026,CXCL3,Protein CXCL3; human protein in STRING interactome,9606.ENSP00000296026
9606.ENSP00000348632,RBCK1,Protein RBCK1; human protein in STRING interactome,9606.ENSP00000348632
9606.ENSP00000414359,PSMA1,Protein PSMA1; human protein in STRING interactome,9606.ENSP00000414359
9606.ENSP00000258415,CYP27A1,Sterol 27-hydroxylase; alternative bile acid synthesis pathway,9606.ENSP00000258415
9606.ENSP00000498227,SELL,Protein SELL; human protein in STRING interactome,9606.ENSP00000498227
9606.ENSP00000399968,NCOA2,Protein NCOA2; human protein in STRING interactome,9606.ENSP00000399968
9606.ENSP00000308208,MMP14,Protein MMP14; human protein in STRING interactome,9606.ENSP00000308208
9606.ENSP00000499695,UCP2,Protein UCP2; human protein in STRING interactome,9606.ENSP00000499695
9606.ENSP00000498476,MAP1LC3B,Protein MAP1LC3B; human protein in STRING interactome,9606.ENSP00000498476
9606.ENSP00000457870,MLST8,Protein MLST8; human protein in STRING interactome,9606.ENSP00000457870
9606.ENSP00000361548,MPL,Protein MPL; human protein in STRING interactome,9606.ENSP00000361548
9606.ENSP00000462521,TXNIP,Protein TXNIP; human protein in STRING interactome,9606.ENSP00000462521
9606.ENSP00000479969,ANGPTL8,Angiopoietin-like protein 8; co-inhibitor of LPL with ANGPTL3,9606.ENSP00000479969
9606.ENSP00000216274,RIPK3,Protein RIPK3; human protein in STRING interactome,9606.ENSP00000216274
9606.ENSP00000219548,STUB1,Protein STUB1; human protein in STRING interactome,9606.ENSP00000219548
9606.ENSP00000274793,PLA2G7,Platelet-activating factor acetylhydrolase; LDL-associated phospholipase A2,9606.ENSP00000274793
9606.ENSP00000262345,IL12RB2,Protein IL12RB2; human protein in STRING interactome,9606.ENSP00000262345
9606.ENSP00000263923,KDR,Protein KDR; human protein in STRING interactome,9606.ENSP00000263923
9606.ENSP00000356530,RNASEL,Protein RNASEL; human protein in STRING interactome,9606.ENSP00000356530
9606.ENSP00000301838,FADD,Protein FADD; human protein in STRING interactome,9606.ENSP00000301838
9606.ENSP00000243077,LRP1,LDL receptor-related protein 1; multifunctional endocytic receptor,9606.ENSP00000243077
9606.ENSP00000259512,DERL1,Protein DERL1; human protein in STRING interactome,9606.ENSP00000259512
9606.ENSP00000483330,CCL4L2,Protein CCL4L2; human protein in STRING interactome,9606.ENSP00000483330
9606.ENSP00000287936,HMGCR,HMG-CoA reductase; rate-limiting enzyme in cholesterol biosynthesis,9606.ENSP00000287936
9606.ENSP00000414303,BDNF,Protein BDNF; human protein in STRING interactome,9606.ENSP00000414303
9606.ENSP00000359719,PRKACB,Protein PRKACB; human protein in STRING interactome,9606.ENSP00000359719
9606.ENSP00000371638,SMARCA2,Protein SMARCA2; human protein in STRING interactome,9606.ENSP00000371638
9606.ENSP00000375892,AKT2,Protein AKT2; human protein in STRING interactome,9606.ENSP00000375892
9606.ENSP00000418960,BRCA1,Protein BRCA1; human protein in STRING interactome,9606.ENSP00000418960
9606.ENSP00000296255,RPN1,Protein RPN1; human protein in STRING interactome,9606.ENSP00000296255
9606.ENSP00000498939,CYP3A4,Protein CYP3A4; human protein in STRING interactome,9606.ENSP00000498939
9606.ENSP00000317272,MET,Protein MET; human protein in STRING interactome,9606.ENSP00000317272
9606.ENSP00000365804,HDAC6,Protein HDAC6; human protein in STRING interactome,9606.ENSP00000365804
9606.ENSP00000335292,SLC51B,Protein SLC51B; human protein in STRING interactome,9606.ENSP00000335292
9606.ENSP00000501092,TFAP2A,Protein TFAP2A; human protein in STRING interactome,9606.ENSP00000501092
9606.ENSP00000354476,SREBF2,Sterol regulatory element-binding transcription factor 2; regulates cholesterol homeostasis,9606.ENSP00000354476
9606.ENSP00000378914,ULK2,Protein ULK2; human protein in STRING interactome,9606.ENSP00000378914
9606.ENSP00000181383,CPB2,Protein CPB2; human protein in STRING interactome,9606.ENSP00000181383
9606.ENSP00000260950,MSTN,Protein MSTN; human protein in STRING interactome,9606.ENSP00000260950
9606.ENSP00000356671,SERPINC1,Protein SERPINC1; human protein in STRING interactome,9606.ENSP00000356671
9606.ENSP00000257290,PDGFRA,Protein PDGFRA; human protein in STRING interactome,9606.ENSP00000257290
9606.ENSP00000278568,PAK1,Protein PAK1; human protein in STRING interactome,9606.ENSP00000278568
9606.ENSP00000284116,GDPD1,Protein GDPD1; human protein in STRING interactome,9606.ENSP00000284116
9606.ENSP00000297435,DEFA4,Protein DEFA4; human protein in STRING interactome,9606.ENSP00000297435
9606.ENSP00000261769,CDH1,Protein CDH1; human protein in STRING interactome,9606.ENSP00000261769
9606.ENSP00000368678,AGRN,Protein AGRN; human protein in STRING interactome,9606.ENSP00000368678
9606.ENSP00000369375,TEK,Protein TEK; human protein in STRING interactome,9606.ENSP00000369375
9606.ENSP00000449079,RDH12,Protein RDH12; human protein in STRING interactome,9606.ENSP00000449079
9606.ENSP00000218388,TIMP1,Protein TIMP1; human protein in STRING interactome,9606.ENSP00000218388
9606.ENSP00000284061,DGKE,Protein DGKE; human protein in STRING interactome,9606.ENSP00000284061
9606.ENSP00000297185,HSPA9,Protein HSPA9; human protein in STRING interactome,9606.ENSP00000297185
9606.ENSP00000328207,TNFRSF18,Protein TNFRSF18; human protein in STRING interactome,9606.ENSP00000328207
9606.ENSP00000380921,SH3KBP1,Protein SH3KBP1; human protein in STRING interactome,9606.ENSP00000380921
9606.ENSP00000360541,CPT2,Protein CPT2; human protein in STRING interactome,9606.ENSP00000360541
9606.ENSP00000246553,FFAR1,Protein FFAR1; human protein in STRING interactome,9606.ENSP00000246553
9606.ENSP00000260302,MMP13,Protein MMP13; human protein in STRING interactome,9606.ENSP00000260302
9606.ENSP00000495778,ABHD5,Protein ABHD5; human protein in STRING interactome,9606.ENSP00000495778
9606.ENSP00000265070,GOLPH3,Protein GOLPH3; human protein in STRING interactome,9606.ENSP00000265070
9606.ENSP00000440100,MED24,Protein MED24; human protein in STRING interactome,9606.ENSP00000440100
9606.ENSP00000264657,STAT3,Protein STAT3; human protein in STRING interactome,9606.ENSP00000264657
9606.ENSP00000361009,PREX1,Protein PREX1; human protein in STRING interactome,9606.ENSP00000361009
9606.ENSP00000378365,CCL26,Protein CCL26; human protein in STRING interactome,9606.ENSP00000378365
9606.ENSP00000410339,TOMM40,Protein TOMM40; human protein in STRING interactome,9606.ENSP00000410339
9606.ENSP00000259915,POU5F1,Protein POU5F1; human protein in STRING interactome,9606.ENSP00000259915
9606.ENSP00000252486,APOE,"Apolipoprotein E; ligand for LDLR and LRP1, mediates remnant clearance",9606.ENSP00000252486
9606.ENSP00000398568,PRF1,Protein PRF1; human protein in STRING interactome,9606.ENSP00000398568
9606.ENSP00000240652,IAPP,Protein IAPP; human protein in STRING interactome,9606.ENSP00000240652
9606.ENSP00000264634,WNT5A,Protein WNT5A; human protein in STRING interactome,9606.ENSP00000264634
9606.ENSP00000326219,DHRS4,Protein DHRS4; human protein in STRING interactome,9606.ENSP00000326219
9606.ENSP00000297347,MED30,Protein MED30; human protein in STRING interactome,9606.ENSP00000297347
9606.ENSP00000336829,FGG,Protein FGG; human protein in STRING interactome,9606.ENSP00000336829
9606.ENSP00000262865,BPI,Protein BPI; human protein in STRING interactome,9606.ENSP00000262865
9606.ENSP00000459962,TRPV1,Protein TRPV1; human protein in STRING interactome,9606.ENSP00000459962
9606.ENSP00000368265,CNTFR,Protein CNTFR; human protein in STRING interactome,9606.ENSP00000368265
9606.ENSP00000244336,CEACAM8,Protein CEACAM8; human protein in STRING interactome,9606.ENSP00000244336
9606.ENSP00000355751,THBS2,Protein THBS2; human protein in STRING interactome,9606.ENSP00000355751
9606.ENSP00000231454,IL5,Protein IL5; human protein in STRING interactome,9606.ENSP00000231454
9606.ENSP00000324560,ULK1,Protein ULK1; human protein in STRING interactome,9606.ENSP00000324560
9606.ENSP00000353720,CES1,Protein CES1; human protein in STRING interactome,9606.ENSP00000353720
9606.ENSP00000314807,IL1RAP,Protein IL1RAP; human protein in STRING interactome,9606.ENSP00000314807
9606.ENSP00000421985,FNIP1,Protein FNIP1; human protein in STRING interactome,9606.ENSP00000421985
9606.ENSP00000363822,AR,Protein AR; human protein in STRING interactome,9606.ENSP00000363822
9606.ENSP00000321203,TNIP2,Protein TNIP2; human protein in STRING interactome,9606.ENSP00000321203
9606.ENSP00000372042,PPP2R2C,Protein PPP2R2C; human protein in STRING interactome,9606.ENSP00000372042
9606.ENSP00000265132,AMBP,Protein AMBP; human protein in STRING interactome,9606.ENSP00000265132
9606.ENSP00000328133,IL20RB,Protein IL20RB; human protein in STRING interactome,9606.ENSP00000328133
9606.ENSP00000373700,ALK,Protein ALK; human protein in STRING interactome,9606.ENSP00000373700
9606.ENSP00000360730,IL13RA1,Protein IL13RA1; human protein in STRING interactome,9606.ENSP00000360730
9606.ENSP00000310036,CD34,Protein CD34; human protein in STRING interactome,9606.ENSP00000310036
9606.ENSP00000378488,CYP1A1,Protein CYP1A1; human protein in STRING interactome,9606.ENSP00000378488
9606.ENSP00000428112,ERLIN2,Protein ERLIN2; human protein in STRING interactome,9606.ENSP00000428112
9606.ENSP00000490491,ARID1B,Protein ARID1B; human protein in STRING interactome,9606.ENSP00000490491
9606.ENSP00000483185,AP2B1,Protein AP2B1; human protein in STRING interactome,9606.ENSP00000483185
9606.ENSP00000310933,MADD,Protein MADD; human protein in STRING interactome,9606.ENSP00000310933
9606.ENSP00000356946,FCGR3A,Protein FCGR3A; human protein in STRING interactome,9606.ENSP00000356946
9606.ENSP00000438677,PLD4,Protein PLD4; human protein in STRING interactome,9606.ENSP00000438677
9606.ENSP00000364898,SYK,Protein SYK; human protein in STRING interactome,9606.ENSP00000364898
9606.ENSP00000487971,LPIN3,Protein LPIN3; human protein in STRING interactome,9606.ENSP00000487971
9606.ENSP00000306253,ITPR1,Protein ITPR1; human protein in STRING interactome,9606.ENSP00000306253
9606.ENSP00000365230,BCL2L1,Protein BCL2L1; human protein in STRING interactome,9606.ENSP00000365230
9606.ENSP00000340820,MAPT,Protein MAPT; human protein in STRING interactome,9606.ENSP00000340820
9606.ENSP00000263093,SLC27A5,Protein SLC27A5; human protein in STRING interactome,9606.ENSP00000263093
9606.ENSP00000361914,OXCT2,Protein OXCT2; human protein in STRING interactome,9606.ENSP00000361914
9606.ENSP00000265983,HPX,Protein HPX; human protein in STRING interactome,9606.ENSP00000265983
9606.ENSP00000318684,VSIG2,Protein VSIG2; human protein in STRING interactome,9606.ENSP00000318684
9606.ENSP00000364163,NOTCH4,Protein NOTCH4; human protein in STRING interactome,9606.ENSP00000364163
9606.ENSP00000477613,BIRC2,Protein BIRC2; human protein in STRING interactome,9606.ENSP00000477613
9606.ENSP00000438085,GGA3,Protein GGA3; human protein in STRING interactome,9606.ENSP00000438085
9606.ENSP00000368798,MBTPS2,Protein MBTPS2; human protein in STRING interactome,9606.ENSP00000368798
9606.ENSP00000362547,TTI1,Protein TTI1; human protein in STRING interactome,9606.ENSP00000362547
9606.ENSP00000221452,RELB,Protein RELB; human protein in STRING interactome,9606.ENSP00000221452
9606.ENSP00000362179,ZC3H12A,Protein ZC3H12A; human protein in STRING interactome,9606.ENSP00000362179
9606.ENSP00000236850,APOA1,Apolipoprotein A-I; major structural protein of HDL particles,9606.ENSP00000236850
9606.ENSP00000370253,NKX3-1,Protein NKX3-1; human protein in STRING interactome,9606.ENSP00000370253
9606.ENSP00000273814,DGKQ,Protein DGKQ; human protein in STRING interactome,9606.ENSP00000273814
9606.ENSP00000355231,BECN1,Protein BECN1; human protein in STRING interactome,9606.ENSP00000355231
9606.ENSP00000349437,IGF2R,Protein IGF2R; human protein in STRING interactome,9606.ENSP00000349437
9606.ENSP00000264399,PRKG2,Protein PRKG2; human protein in STRING interactome,9606.ENSP00000264399
9606.ENSP00000356355,NEK7,Protein NEK7; human protein in STRING interactome,9606.ENSP00000356355
9606.ENSP00000371958,CD9,Protein CD9; human protein in STRING interactome,9606.ENSP00000371958
9606.ENSP00000274024,FABP2,Fatty acid-binding protein 2 (intestinal); intestinal fatty acid binding,9606.ENSP00000274024
9606.ENSP00000261195,GYS2,Protein GYS2; human protein in STRING interactome,9606.ENSP00000261195
9606.ENSP00000300589,NOD2,Protein NOD2; human protein in STRING interactome,9606.ENSP00000300589
9606.ENSP00000383003,FKBP1A,Protein FKBP1A; human protein in STRING interactome,9606.ENSP00000383003
9606.ENSP00000403701,ARRB2,Protein ARRB2; human protein in STRING interactome,9606.ENSP00000403701
9606.ENSP00000320176,HCLS1,Protein HCLS1; human protein in STRING interactome,9606.ENSP00000320176
9606.ENSP00000376500,TRAF3,Protein TRAF3; human protein in STRING interactome,9606.ENSP00000376500
9606.ENSP00000320886,MLXIPL,MLX interacting protein-like (ChREBP); carbohydrate-responsive lipogenic TF,9606.ENSP00000320886
9606.ENSP00000360242,XIAP,Protein XIAP; human protein in STRING interactome,9606.ENSP00000360242
9606.ENSP00000256497,EDEM1,Protein EDEM1; human protein in STRING interactome,9606.ENSP00000256497
9606.ENSP00000344666,NF2,Protein NF2; human protein in STRING interactome,9606.ENSP00000344666
9606.ENSP00000388566,CASP4,Protein CASP4; human protein in STRING interactome,9606.ENSP00000388566
9606.ENSP00000403495,LTA,Protein LTA; human protein in STRING interactome,9606.ENSP00000403495
9606.ENSP00000329374,SERPINA7,Protein SERPINA7; human protein in STRING interactome,9606.ENSP00000329374
9606.ENSP00000358223,PNLIP,Pancreatic lipase; dietary triglyceride hydrolysis,9606.ENSP00000358223
9606.ENSP00000388806,EIF4B,Protein EIF4B; human protein in STRING interactome,9606.ENSP00000388806
9606.ENSP00000364257,PLA2G2E,Protein PLA2G2E; human protein in STRING interactome,9606.ENSP00000364257
9606.ENSP00000377492,HMMR,Protein HMMR; human protein in STRING interactome,9606.ENSP00000377492
9606.ENSP00000340989,SFN,Protein SFN; human protein in STRING interactome,9606.ENSP00000340989
9606.ENSP00000457421,PECAM1,Protein PECAM1; human protein in STRING interactome,9606.ENSP00000457421
9606.ENSP00000274376,RASA1,Protein RASA1; human protein in STRING interactome,9606.ENSP00000274376
9606.ENSP00000378338,GIT1,Protein GIT1; human protein in STRING interactome,9606.ENSP00000378338
9606.ENSP00000482358,PRSS57,Protein PRSS57; human protein in STRING interactome,9606.ENSP00000482358
9606.ENSP00000263980,SLC9A1,Protein SLC9A1; human protein in STRING interactome,9606.ENSP00000263980
9606.ENSP00000227507,CCND1,Protein CCND1; human protein in STRING interactome,9606.ENSP00000227507
9606.ENSP00000256442,CCNB1,Protein CCNB1; human protein in STRING interactome,9606.ENSP00000256442
9606.ENSP00000313420,PRKDC,Protein PRKDC; human protein in STRING interactome,9606.ENSP00000313420
9606.ENSP00000377015,PICALM,Protein PICALM; human protein in STRING interactome,9606.ENSP00000377015
9606.ENSP00000355759,PARP1,Protein PARP1; human protein in STRING interactome,9606.ENSP00000355759
9606.ENSP00000349298,MYLIP,Protein MYLIP; human protein in STRING interactome,9606.ENSP00000349298
9606.ENSP00000284637,SH3RF1,Protein SH3RF1; human protein in STRING interactome,9606.ENSP00000284637
9606.ENSP00000376943,BCL2L11,Protein BCL2L11; human protein in STRING interactome,9606.ENSP00000376943
9606.ENSP00000263202,UFD1,Protein UFD1; human protein in STRING interactome,9606.ENSP00000263202
9606.ENSP00000359297,NSDHL,NAD(P)-dependent steroid dehydrogenase; cholesterol biosynthesis,9606.ENSP00000359297
9606.ENSP00000037243,GABARAPL2,Protein GABARAPL2; human protein in STRING interactome,9606.ENSP00000037243
9606.ENSP00000287878,PRKAG2,Protein PRKAG2; human protein in STRING interactome,9606.ENSP00000287878
9606.ENSP00000268712,NCOR1,Protein NCOR1; human protein in STRING interactome,9606.ENSP00000268712
9606.ENSP00000460475,NLRP1,Protein NLRP1; human protein in STRING interactome,9606.ENSP00000460475
9606.ENSP00000256644,LAMTOR5,Protein LAMTOR5; human protein in STRING interactome,9606.ENSP00000256644
9606.ENSP00000356426,TAB2,Protein TAB2; human protein in STRING interactome,9606.ENSP00000356426
9606.ENSP00000356331,NR5A2,Protein NR5A2; human protein in STRING interactome,9606.ENSP00000356331
9606.ENSP00000474412,CCL5,Protein CCL5; human protein in STRING interactome,9606.ENSP00000474412
9606.ENSP00000307786,CYCS,Protein CYCS; human protein in STRING interactome,9606.ENSP00000307786
9606.ENSP00000327824,IFNLR1,Protein IFNLR1; human protein in STRING interactome,9606.ENSP00000327824
9606.ENSP00000290649,AMFR,Protein AMFR; human protein in STRING interactome,9606.ENSP00000290649
9606.ENSP00000360247,CYP2J2,Protein CYP2J2; human protein in STRING interactome,9606.ENSP00000360247
9606.ENSP00000401831,ACSF2,Protein ACSF2; human protein in STRING interactome,9606.ENSP00000401831
9606.ENSP00000356832,SGK1,Protein SGK1; human protein in STRING interactome,9606.ENSP00000356832
9606.ENSP00000262319,TELO2,Protein TELO2; human protein in STRING interactome,9606.ENSP00000262319
9606.ENSP00000368683,EDN1,Protein EDN1; human protein in STRING interactome,9606.ENSP00000368683
9606.ENSP00000247470,PYCARD,Protein PYCARD; human protein in STRING interactome,9606.ENSP00000247470
9606.ENSP00000392025,CYLD,Protein CYLD; human protein in STRING interactome,9606.ENSP00000392025
9606.ENSP00000362680,SRC,Protein SRC; human protein in STRING interactome,9606.ENSP00000362680
9606.ENSP00000371253,GART,Protein GART; human protein in STRING interactome,9606.ENSP00000371253
9606.ENSP00000355340,APOBEC3C,Protein APOBEC3C; human protein in STRING interactome,9606.ENSP00000355340
9606.ENSP00000352900,RXRG,Protein RXRG; human protein in STRING interactome,9606.ENSP00000352900
9606.ENSP00000262188,SMARCD3,Protein SMARCD3; human protein in STRING interactome,9606.ENSP00000262188
9606.ENSP00000386380,IL1R1,Protein IL1R1; human protein in STRING interactome,9606.ENSP00000386380
9606.ENSP00000330393,LEPR,Protein LEPR; human protein in STRING interactome,9606.ENSP00000330393
9606.ENSP00000263791,EIF2AK4,Protein EIF2AK4; human protein in STRING interactome,9606.ENSP00000263791
9606.ENSP00000367830,PRKCZ,Protein PRKCZ; human protein in STRING interactome,9606.ENSP00000367830
9606.ENSP00000446007,VIM,Protein VIM; human protein in STRING interactome,9606.ENSP00000446007
9606.ENSP00000318585,BACE1,Protein BACE1; human protein in STRING interactome,9606.ENSP00000318585
9606.ENSP00000349396,ABCD4,Protein ABCD4; human protein in STRING interactome,9606.ENSP00000349396
9606.ENSP00000301068,RHEBL1,Protein RHEBL1; human protein in STRING interactome,9606.ENSP00000301068
9606.ENSP00000358488,MTCP1,Protein MTCP1; human protein in STRING interactome,9606.ENSP00000358488
9606.ENSP00000333946,COQ6,Protein COQ6; human protein in STRING interactome,9606.ENSP00000333946
9606.ENSP00000261461,PPP2R5A,Protein PPP2R5A; human protein in STRING interactome,9606.ENSP00000261461
9606.ENSP00000337386,ZFP36L1,Protein ZFP36L1; human protein in STRING interactome,9606.ENSP00000337386
9606.ENSP00000198801,MOGAT2,Protein MOGAT2; human protein in STRING interactome,9606.ENSP00000198801
9606.ENSP00000353654,COL4A2,Protein COL4A2; human protein in STRING interactome,9606.ENSP00000353654
9606.ENSP00000244137,PEPD,Protein PEPD; human protein in STRING interactome,9606.ENSP00000244137
9606.ENSP00000228027,DGAT2,Diacylglycerol O-acyltransferase 2; triglyceride synthesis,9606.ENSP00000228027
9606.ENSP00000392423,RELN,Protein RELN; human protein in STRING interactome,9606.ENSP00000392423
9606.ENSP00000261233,IRAK3,Protein IRAK3; human protein in STRING interactome,9606.ENSP00000261233
9606.ENSP00000394936,ORM2,Protein ORM2; human protein in STRING interactome,9606.ENSP00000394936
9606.ENSP00000431885,TYK2,Protein TYK2; human protein in STRING interactome,9606.ENSP00000431885
9606.ENSP00000366488,PRKACG,Protein PRKACG; human protein in STRING interactome,9606.ENSP00000366488
9606.ENSP00000300305,RUNX1,Protein RUNX1; human protein in STRING interactome,9606.ENSP00000300305
9606.ENSP00000215781,OSM,Protein OSM; human protein in STRING interactome,9606.ENSP00000215781
9606.ENSP00000392553,PLPP5,Protein PLPP5; human protein in STRING interactome,9606.ENSP00000392553
9606.ENSP00000379111,IL4R,Protein IL4R; human protein in STRING interactome,9606.ENSP00000379111
9606.ENSP00000500990,SNCA,Protein SNCA; human protein in STRING interactome,9606.ENSP00000500990
9606.ENSP00000356842,GPA33,Protein GPA33; human protein in STRING interactome,9606.ENSP00000356842
9606.ENSP00000284987,ADAMTS5,Protein ADAMTS5; human protein in STRING interactome,9606.ENSP00000284987
9606.ENSP00000382071,HLCS,Protein HLCS; human protein in STRING interactome,9606.ENSP00000382071
9606.ENSP00000362082,CCND3,Protein CCND3; human protein in STRING interactome,9606.ENSP00000362082
9606.ENSP00000424381,LMF2,Protein LMF2; human protein in STRING interactome,9606.ENSP00000424381
9606.ENSP00000332407,SDR42E1,Protein SDR42E1; human protein in STRING interactome,9606.ENSP00000332407
9606.ENSP00000371798,FSCN1,Protein FSCN1; human protein in STRING interactome,9606.ENSP00000371798
9606.ENSP00000398722,CHID1,Protein CHID1; human protein in STRING interactome,9606.ENSP00000398722
9606.ENSP00000324804,PPP2R1A,Protein PPP2R1A; human protein in STRING interactome,9606.ENSP00000324804
9606.ENSP00000331857,NLRP9,Protein NLRP9; human protein in STRING interactome,9606.ENSP00000331857
9606.ENSP00000358525,NGF,Protein NGF; human protein in STRING interactome,9606.ENSP00000358525
9606.ENSP00000336528,NR1I2,Protein NR1I2; human protein in STRING interactome,9606.ENSP00000336528
9606.ENSP00000370376,DUT,Protein DUT; human protein in STRING interactome,9606.ENSP00000370376
9606.ENSP00000478725,IGHV3-16,Protein IGHV3-16; human protein in STRING interactome,9606.ENSP00000478725
9606.ENSP00000221132,TNFRSF10A,Protein TNFRSF10A; human protein in STRING interactome,9606.ENSP00000221132
9606.ENSP00000335074,GHRL,Protein GHRL; human protein in STRING interactome,9606.ENSP00000335074
9606.ENSP00000351209,EPHA2,Protein EPHA2; human protein in STRING interactome,9606.ENSP00000351209
9606.ENSP00000450540,SERPINA3,Protein SERPINA3; human protein in STRING interactome,9606.ENSP00000450540
9606.ENSP00000271889,CREB3L4,Protein CREB3L4; human protein in STRING interactome,9606.ENSP00000271889
9606.ENSP00000433642,FCGR3B,Protein FCGR3B; human protein in STRING interactome,9606.ENSP00000433642
9606.ENSP00000440864,NR4A1,Protein NR4A1; human protein in STRING interactome,9606.ENSP00000440864
9606.ENSP00000275015,NFKBIE,Protein NFKBIE; human protein in STRING interactome,9606.ENSP00000275015
9606.ENSP00000329140,CREB3L2,Protein CREB3L2; human protein in STRING interactome,9606.ENSP00000329140
9606.ENSP00000224356,CYP26A1,Protein CYP26A1; human protein in STRING interactome,9606.ENSP00000224356
9606.ENSP00000360761,AGPAT2,Protein AGPAT2; human protein in STRING interactome,9606.ENSP00000360761
9606.ENSP00000303276,RNASE2,Protein RNASE2; human protein in STRING interactome,9606.ENSP00000303276
9606.ENSP00000402457,GRAMD1B,Protein GRAMD1B; human protein in STRING interactome,9606.ENSP00000402457
9606.ENSP00000262030,ATP5F1B,Protein ATP5F1B; human protein in STRING interactome,9606.ENSP00000262030
9606.ENSP00000327213,NRIP1,Protein NRIP1; human protein in STRING interactome,9606.ENSP00000327213
9606.ENSP00000354777,TBKBP1,Protein TBKBP1; human protein in STRING interactome,9606.ENSP00000354777
9606.ENSP00000278840,FADS2,Protein FADS2; human protein in STRING interactome,9606.ENSP00000278840
9606.ENSP00000371272,PLIN5,Protein PLIN5; human protein in STRING interactome,9606.ENSP00000371272
9606.ENSP00000303634,LRP8,Protein LRP8; human protein in STRING interactome,9606.ENSP00000303634
9606.ENSP00000260227,MMP7,Protein MMP7; human protein in STRING interactome,9606.ENSP00000260227
9606.ENSP00000264257,IL1RL2,Protein IL1RL2; human protein in STRING interactome,9606.ENSP00000264257
9606.ENSP00000358903,CYP17A1,Protein CYP17A1; human protein in STRING interactome,9606.ENSP00000358903
9606.ENSP00000325612,MED16,Protein MED16; human protein in STRING interactome,9606.ENSP00000325612
9606.ENSP00000450436,ALDH6A1,Protein ALDH6A1; human protein in STRING interactome,9606.ENSP00000450436
9606.ENSP00000370698,IL6ST,Protein IL6ST; human protein in STRING interactome,9606.ENSP00000370698
9606.ENSP00000244869,EREG,Protein EREG; human protein in STRING interactome,9606.ENSP00000244869
9606.ENSP00000358022,MCL1,Protein MCL1; human protein in STRING interactome,9606.ENSP00000358022
9606.ENSP00000306606,ADH1B,Protein ADH1B; human protein in STRING interactome,9606.ENSP00000306606
9606.ENSP00000309968,ADAM17,Protein ADAM17; human protein in STRING interactome,9606.ENSP00000309968
9606.ENSP00000253408,GFAP,Protein GFAP; human protein in STRING interactome,9606.ENSP00000253408
9606.ENSP00000362108,LCN2,Protein LCN2; human protein in STRING interactome,9606.ENSP00000362108
9606.ENSP00000228740,LTA4H,Protein LTA4H; human protein in STRING interactome,9606.ENSP00000228740
9606.ENSP00000300456,SLC27A4,Protein SLC27A4; human protein in STRING interactome,9606.ENSP00000300456
9606.ENSP00000381448,CST3,Protein CST3; human protein in STRING interactome,9606.ENSP00000381448
9606.ENSP00000379472,CCK,Protein CCK; human protein in STRING interactome,9606.ENSP00000379472
9606.ENSP00000379110,CXCL1,Protein CXCL1; human protein in STRING interactome,9606.ENSP00000379110
9606.ENSP00000325663,NFKBIZ,Protein NFKBIZ; human protein in STRING interactome,9606.ENSP00000325663
9606.ENSP00000483552,FURIN,Protein FURIN; human protein in STRING interactome,9606.ENSP00000483552
9606.ENSP00000371175,GGA1,Protein GGA1; human protein in STRING interactome,9606.ENSP00000371175
9606.ENSP00000370750,RDH11,Protein RDH11; human protein in STRING interactome,9606.ENSP00000370750
9606.ENSP00000260356,THBS1,Protein THBS1; human protein in STRING interactome,9606.ENSP00000260356
9606.ENSP00000241261,TNFSF10,Protein TNFSF10; human protein in STRING interactome,9606.ENSP00000241261
9606.ENSP00000219235,CCL22,Protein CCL22; human protein in STRING interactome,9606.ENSP00000219235
9606.ENSP00000295755,RETNLB,Protein RETNLB; human protein in STRING interactome,9606.ENSP00000295755
9606.ENSP00000368831,SNX2,Protein SNX2; human protein in STRING interactome,9606.ENSP00000368831
9606.ENSP00000495631,ARHGEF7,Protein ARHGEF7; human protein in STRING interactome,9606.ENSP00000495631
9606.ENSP00000343657,MCCC2,Protein MCCC2; human protein in STRING interactome,9606.ENSP00000343657
9606.ENSP00000236826,MMP8,Protein MMP8; human protein in STRING interactome,9606.ENSP00000236826
9606.ENSP00000478289,LOC102723407,Protein LOC102723407; human protein in STRING interactome,9606.ENSP00000478289
9606.ENSP00000320936,IL17RA,Protein IL17RA; human protein in STRING interactome,9606.ENSP00000320936
9606.ENSP00000365891,WAS,Protein WAS; human protein in STRING interactome,9606.ENSP00000365891
9606.ENSP00000323568,SLC2A2,Protein SLC2A2; human protein in STRING interactome,9606.ENSP00000323568
9606.ENSP00000367872,GNB1,Protein GNB1; human protein in STRING interactome,9606.ENSP00000367872
9606.ENSP00000479889,IRAK4,Protein IRAK4; human protein in STRING interactome,9606.ENSP00000479889
9606.ENSP00000482954,PRLR,Protein PRLR; human protein in STRING interactome,9606.ENSP00000482954
9606.ENSP00000309767,NLRP6,Protein NLRP6; human protein in STRING interactome,9606.ENSP00000309767
9606.ENSP00000454623,ITGAX,Protein ITGAX; human protein in STRING interactome,9606.ENSP00000454623
9606.ENSP00000254521,HSD17B7,Protein HSD17B7; human protein in STRING interactome,9606.ENSP00000254521
9606.ENSP00000222005,CDC37,Protein CDC37; human protein in STRING interactome,9606.ENSP00000222005
9606.ENSP00000290472,PLA2G4D,Protein PLA2G4D; human protein in STRING interactome,9606.ENSP00000290472
9606.ENSP00000261402,NUAK1,Protein NUAK1; human protein in STRING interactome,9606.ENSP00000261402
9606.ENSP00000305422,CEBPB,Protein CEBPB; human protein in STRING interactome,9606.ENSP00000305422
9606.ENSP00000333664,ACAA1,Protein ACAA1; human protein in STRING interactome,9606.ENSP00000333664
9606.ENSP00000392398,GPX5,Protein GPX5; human protein in STRING interactome,9606.ENSP00000392398
9606.ENSP00000320485,ARID1A,Protein ARID1A; human protein in STRING interactome,9606.ENSP00000320485
9606.ENSP00000263026,EEF2K,Protein EEF2K; human protein in STRING interactome,9606.ENSP00000263026
9606.ENSP00000430945,ADGRB1,Protein ADGRB1; human protein in STRING interactome,9606.ENSP00000430945
9606.ENSP00000384851,ESRRA,Protein ESRRA; human protein in STRING interactome,9606.ENSP00000384851
9606.ENSP00000216180,PNPLA3,Protein PNPLA3; human protein in STRING interactome,9606.ENSP00000216180
9606.ENSP00000357112,AIM2,Protein AIM2; human protein in STRING interactome,9606.ENSP00000357112
9606.ENSP00000262160,SMAD2,Protein SMAD2; human protein in STRING interactome,9606.ENSP00000262160
9606.ENSP00000294785,NCSTN,Protein NCSTN; human protein in STRING interactome,9606.ENSP00000294785
9606.ENSP00000249071,RAC2,Protein RAC2; human protein in STRING interactome,9606.ENSP00000249071
9606.ENSP00000496959,ITGAM,Protein ITGAM; human protein in STRING interactome,9606.ENSP00000496959
9606.ENSP00000287143,PRG3,Protein PRG3; human protein in STRING interactome,9606.ENSP00000287143
9606.ENSP00000384906,SAA1,Protein SAA1; human protein in STRING interactome,9606.ENSP00000384906
9606.ENSP00000451206,NPC2,Protein NPC2; human protein in STRING interactome,9606.ENSP00000451206
9606.ENSP00000362195,CSF3R,Protein CSF3R; human protein in STRING interactome,9606.ENSP00000362195
9606.ENSP00000346634,THRAP3,Protein THRAP3; human protein in STRING interactome,9606.ENSP00000346634
9606.ENSP00000379350,ITGB1,Protein ITGB1; human protein in STRING interactome,9606.ENSP00000379350
9606.ENSP00000463939,ARHGDIA,Protein ARHGDIA; human protein in STRING interactome,9606.ENSP00000463939
9606.ENSP00000221930,TGFB1,Protein TGFB1; human protein in STRING interactome,9606.ENSP00000221930
9606.ENSP00000339883,LBR,Protein LBR; human protein in STRING interactome,9606.ENSP00000339883
9606.ENSP00000006053,CX3CL1,Protein CX3CL1; human protein in STRING interactome,9606.ENSP00000006053
9606.ENSP00000351908,MAP3K5,Protein MAP3K5; human protein in STRING interactome,9606.ENSP00000351908
9606.ENSP00000369581,IFNB1,Protein IFNB1; human protein in STRING interactome,9606.ENSP00000369581
9606.ENSP00000363377,FOXO4,Protein FOXO4; human protein in STRING interactome,9606.ENSP00000363377
9606.ENSP00000365462,PCCA,Protein PCCA; human protein in STRING interactome,9606.ENSP00000365462
9606.ENSP00000226317,CXCL6,Protein CXCL6; human protein in STRING interactome,9606.ENSP00000226317
9606.ENSP00000477515,DGKK,Protein DGKK; human protein in STRING interactome,9606.ENSP00000477515
9606.ENSP00000272418,MRPS5,Protein MRPS5; human protein in STRING interactome,9606.ENSP00000272418
9606.ENSP00000342136,CREB3,Protein CREB3; human protein in STRING interactome,9606.ENSP00000342136
9606.ENSP00000294016,ADCY9,Protein ADCY9; human protein in STRING interactome,9606.ENSP00000294016
9606.ENSP00000470788,IL12RB1,Protein IL12RB1; human protein in STRING interactome,9606.ENSP00000470788
9606.ENSP00000277010,SIGMAR1,Protein SIGMAR1; human protein in STRING interactome,9606.ENSP00000277010
9606.ENSP00000354995,ABCG1,ATP-binding cassette transporter G1; mediates cholesterol efflux to mature HDL,9606.ENSP00000354995
9606.ENSP00000348775,ACOX3,Protein ACOX3; human protein in STRING interactome,9606.ENSP00000348775
9606.ENSP00000352516,DNMT1,Protein DNMT1; human protein in STRING interactome,9606.ENSP00000352516
9606.ENSP00000375653,NLRP12,Protein NLRP12; human protein in STRING interactome,9606.ENSP00000375653
9606.ENSP00000261439,TBC1D1,Protein TBC1D1; human protein in STRING interactome,9606.ENSP00000261439
9606.ENSP00000376303,CPT1C,Protein CPT1C; human protein in STRING interactome,9606.ENSP00000376303
9606.ENSP00000227752,IL10RA,Protein IL10RA; human protein in STRING interactome,9606.ENSP00000227752
9606.ENSP00000358423,RRAGD,Protein RRAGD; human protein in STRING interactome,9606.ENSP00000358423
9606.ENSP00000355865,PRKN,Protein PRKN; human protein in STRING interactome,9606.ENSP00000355865
9606.ENSP00000356694,FASLG,Protein FASLG; human protein in STRING interactome,9606.ENSP00000356694
9606.ENSP00000318867,CYP8B1,Protein CYP8B1; human protein in STRING interactome,9606.ENSP00000318867
9606.ENSP00000261596,LPIN2,Protein LPIN2; human protein in STRING interactome,9606.ENSP00000261596
9606.ENSP00000281043,MYCN,Protein MYCN; human protein in STRING interactome,9606.ENSP00000281043
9606.ENSP00000265022,DGKG,Protein DGKG; human protein in STRING interactome,9606.ENSP00000265022
9606.ENSP00000219345,PLA2G15,Protein PLA2G15; human protein in STRING interactome,9606.ENSP00000219345
9606.ENSP00000311344,PPP2R1B,Protein PPP2R1B; human protein in STRING interactome,9606.ENSP00000311344
9606.ENSP00000430886,GPBAR1,Protein GPBAR1; human protein in STRING interactome,9606.ENSP00000430886
9606.ENSP00000323867,PRKAG1,Protein PRKAG1; human protein in STRING interactome,9606.ENSP00000323867
9606.ENSP00000479526,DPF3,Protein DPF3; human protein in STRING interactome,9606.ENSP00000479526
9606.ENSP00000498466,FAS,Protein FAS; human protein in STRING interactome,9606.ENSP00000498466
9606.ENSP00000290158,KPNB1,Protein KPNB1; human protein in STRING interactome,9606.ENSP00000290158
9606.ENSP00000212015,SIRT1,Protein SIRT1; human protein in STRING interactome,9606.ENSP00000212015
9606.ENSP00000445122,HSD3B2,Protein HSD3B2; human protein in STRING interactome,9606.ENSP00000445122
9606.ENSP00000317300,LPCAT4,Protein LPCAT4; human protein in STRING interactome,9606.ENSP00000317300
9606.ENSP00000351407,ARNT,Protein ARNT; human protein in STRING interactome,9606.ENSP00000351407
9606.ENSP00000369530,ALOX15B,Protein ALOX15B; human protein in STRING interactome,9606.ENSP00000369530
9606.ENSP00000411012,NSMAF,Protein NSMAF; human protein in STRING interactome,9606.ENSP00000411012
9606.ENSP00000233954,IL1RL1,Protein IL1RL1; human protein in STRING interactome,9606.ENSP00000233954
9606.ENSP00000168712,FGF4,Protein FGF4; human protein in STRING interactome,9606.ENSP00000168712
9606.ENSP00000363868,ABCA1,ATP-binding cassette transporter A1; mediates cellular cholesterol efflux to apoA-I,9606.ENSP00000363868
9606.ENSP00000344352,ATF3,Protein ATF3; human protein in STRING interactome,9606.ENSP00000344352
9606.ENSP00000360683,PTPN1,Protein PTPN1; human protein in STRING interactome,9606.ENSP00000360683
9606.ENSP00000294304,LRP5,Protein LRP5; human protein in STRING interactome,9606.ENSP00000294304
9606.ENSP00000297268,COL1A2,Protein COL1A2; human protein in STRING interactome,9606.ENSP00000297268
9606.ENSP00000262430,MLYCD,Protein MLYCD; human protein in STRING interactome,9606.ENSP00000262430
9606.ENSP00000228872,CDKN1B,Protein CDKN1B; human protein in STRING interactome,9606.ENSP00000228872
9606.ENSP00000327251,NOS2,Protein NOS2; human protein in STRING interactome,9606.ENSP00000327251
9606.ENSP00000387662,GCG,Protein GCG; human protein in STRING interactome,9606.ENSP00000387662
9606.ENSP00000261023,ITGAV,Protein ITGAV; human protein in STRING interactome,9606.ENSP00000261023
9606.ENSP00000265276,GPAM,Glycerol-3-phosphate acyltransferase; first step in glycerolipid synthesis,9606.ENSP00000265276
9606.ENSP00000320084,CD276,Protein CD276; human protein in STRING interactome,9606.ENSP00000320084
9606.ENSP00000338283,NPAS2,Protein NPAS2; human protein in STRING interactome,9606.ENSP00000338283
9606.ENSP00000262719,PHLPP1,Protein PHLPP1; human protein in STRING interactome,9606.ENSP00000262719
9606.ENSP00000302177,MBOAT2,Protein MBOAT2; human protein in STRING interactome,9606.ENSP00000302177
9606.ENSP00000379011,CPT1B,Protein CPT1B; human protein in STRING interactome,9606.ENSP00000379011
9606.ENSP00000280346,DLAT,Protein DLAT; human protein in STRING interactome,9606.ENSP00000280346
9606.ENSP00000495530,ENO1,Protein ENO1; human protein in STRING interactome,9606.ENSP00000495530
9606.ENSP00000354932,TLR1,Protein TLR1; human protein in STRING interactome,9606.ENSP00000354932
9606.ENSP00000300231,MAP1A,Protein MAP1A; human protein in STRING interactome,9606.ENSP00000300231
9606.ENSP00000265838,ACAT1,Acyl-CoA:cholesterol acyltransferase 1; esterifies intracellular cholesterol,9606.ENSP00000265838
9606.ENSP00000453508,TLN2,Protein TLN2; human protein in STRING interactome,9606.ENSP00000453508
9606.ENSP00000351742,TFEB,Protein TFEB; human protein in STRING interactome,9606.ENSP00000351742
9606.ENSP00000354581,GPX6,Protein GPX6; human protein in STRING interactome,9606.ENSP00000354581
9606.ENSP00000226730,IL2,Protein IL2; human protein in STRING interactome,9606.ENSP00000226730
9606.ENSP00000377703,DGKA,Protein DGKA; human protein in STRING interactome,9606.ENSP00000377703
9606.ENSP00000223095,SERPINE1,Protein SERPINE1; human protein in STRING interactome,9606.ENSP00000223095
9606.ENSP00000299155,AMN,Protein AMN; human protein in STRING interactome,9606.ENSP00000299155
9606.ENSP00000365071,GPANK1,Protein GPANK1; human protein in STRING interactome,9606.ENSP00000365071
9606.ENSP00000351706,GK2,Protein GK2; human protein in STRING interactome,9606.ENSP00000351706
9606.ENSP00000478187,CRY2,Protein CRY2; human protein in STRING interactome,9606.ENSP00000478187
9606.ENSP00000360290,PRKAA2,Protein PRKAA2; human protein in STRING interactome,9606.ENSP00000360290
9606.ENSP00000228682,GLI1,Protein GLI1; human protein in STRING interactome,9606.ENSP00000228682
9606.ENSP00000367668,MMEL1,Protein MMEL1; human protein in STRING interactome,9606.ENSP00000367668
9606.ENSP00000377721,NR2F2,Protein NR2F2; human protein in STRING interactome,9606.ENSP00000377721
9606.ENSP00000499501,H3-2,Protein H3-2; human protein in STRING interactome,9606.ENSP00000499501
9606.ENSP00000362795,CXCR3,Protein CXCR3; human protein in STRING interactome,9606.ENSP00000362795
9606.ENSP00000046794,LCP2,Protein LCP2; human protein in STRING interactome,9606.ENSP00000046794
9606.ENSP00000496355,TLR5,Protein TLR5; human protein in STRING interactome,9606.ENSP00000496355
9606.ENSP00000457991,PHLPP2,Protein PHLPP2; human protein in STRING interactome,9606.ENSP00000457991
9606.ENSP00000482457,PLCG2,Protein PLCG2; human protein in STRING interactome,9606.ENSP00000482457
9606.ENSP00000351255,STAT4,Protein STAT4; human protein in STRING interactome,9606.ENSP00000351255
9606.ENSP00000303394,HSPB3,Protein HSPB3; human protein in STRING interactome,9606.ENSP00000303394
9606.ENSP00000265641,CPT1A,Protein CPT1A; human protein in STRING interactome,9606.ENSP00000265641
9606.ENSP00000362994,TRAF1,Protein TRAF1; human protein in STRING interactome,9606.ENSP00000362994
9606.ENSP00000359488,GBP5,Protein GBP5; human protein in STRING interactome,9606.ENSP00000359488
9606.ENSP00000496129,PRKCB,Protein PRKCB; human protein in STRING interactome,9606.ENSP00000496129
9606.ENSP00000341551,SMAD4,Protein SMAD4; human protein in STRING interactome,9606.ENSP00000341551
9606.ENSP00000259205,IL36G,Protein IL36G; human protein in STRING interactome,9606.ENSP00000259205
9606.ENSP00000360876,IFIT3,Protein IFIT3; human protein in STRING interactome,9606.ENSP00000360876
9606.ENSP00000259963,FAM8A1,Protein FAM8A1; human protein in STRING interactome,9606.ENSP00000259963
9606.ENSP00000353475,CLDN7,Protein CLDN7; human protein in STRING interactome,9606.ENSP00000353475
9606.ENSP00000211998,VCL,Protein VCL; human protein in STRING interactome,9606.ENSP00000211998
9606.ENSP00000409581,ARRB1,Protein ARRB1; human protein in STRING interactome,9606.ENSP00000409581
9606.ENSP00000362205,TREM2,Protein TREM2; human protein in STRING interactome,9606.ENSP00000362205
9606.ENSP00000257408,KLB,Protein KLB; human protein in STRING interactome,9606.ENSP00000257408
9606.ENSP00000260210,BUD13,Protein BUD13; human protein in STRING interactome,9606.ENSP00000260210
9606.ENSP00000397133,PRKAG3,Protein PRKAG3; human protein in STRING interactome,9606.ENSP00000397133
9606.ENSP00000339191,CAV1,Protein CAV1; human protein in STRING interactome,9606.ENSP00000339191
9606.ENSP00000493153,PPT1,Protein PPT1; human protein in STRING interactome,9606.ENSP00000493153
9606.ENSP00000261623,CYBA,Protein CYBA; human protein in STRING interactome,9606.ENSP00000261623
9606.ENSP00000345179,APOD,Apolipoprotein D; lipocalin transporting small hydrophobic molecules,9606.ENSP00000345179
9606.ENSP00000378974,MAPK8,Protein MAPK8; human protein in STRING interactome,9606.ENSP00000378974
9606.ENSP00000309591,PRKACA,Protein PRKACA; human protein in STRING interactome,9606.ENSP00000309591
9606.ENSP00000475727,TBC1D7,Protein TBC1D7; human protein in STRING interactome,9606.ENSP00000475727
9606.ENSP00000385216,NCOA1,Protein NCOA1; human protein in STRING interactome,9606.ENSP00000385216
9606.ENSP00000404131,TGFA,Protein TGFA; human protein in STRING interactome,9606.ENSP00000404131
9606.ENSP00000342681,CD5,Protein CD5; human protein in STRING interactome,9606.ENSP00000342681
9606.ENSP00000427514,CEBPA,Protein CEBPA; human protein in STRING interactome,9606.ENSP00000427514
9606.ENSP00000317997,DUOX1,Protein DUOX1; human protein in STRING interactome,9606.ENSP00000317997
9606.ENSP00000273784,AHSG,Protein AHSG; human protein in STRING interactome,9606.ENSP00000273784
9606.ENSP00000314897,ANGPT2,Protein ANGPT2; human protein in STRING interactome,9606.ENSP00000314897
9606.ENSP00000357535,ECHS1,Protein ECHS1; human protein in STRING interactome,9606.ENSP00000357535
9606.ENSP00000360266,JUN,Protein JUN; human protein in STRING interactome,9606.ENSP00000360266
9606.ENSP00000327801,P4HB,Protein P4HB; human protein in STRING interactome,9606.ENSP00000327801
9606.ENSP00000385834,TF,Protein TF; human protein in STRING interactome,9606.ENSP00000385834
9606.ENSP00000263431,PRKCG,Protein PRKCG; human protein in STRING interactome,9606.ENSP00000263431
9606.ENSP00000365380,FOXP3,Protein FOXP3; human protein in STRING interactome,9606.ENSP00000365380
9606.ENSP00000333298,LAMP1,Protein LAMP1; human protein in STRING interactome,9606.ENSP00000333298
9606.ENSP00000498711,RDH8,Protein RDH8; human protein in STRING interactome,9606.ENSP00000498711
9606.ENSP00000221515,RETN,Protein RETN; human protein in STRING interactome,9606.ENSP00000221515
9606.ENSP00000498994,PC,Protein PC; human protein in STRING interactome,9606.ENSP00000498994
9606.ENSP00000225831,CCL2,Protein CCL2; human protein in STRING interactome,9606.ENSP00000225831
9606.ENSP00000276927,IFNA1,Protein IFNA1; human protein in STRING interactome,9606.ENSP00000276927
9606.ENSP00000354608,PPT2,Protein PPT2; human protein in STRING interactome,9606.ENSP00000354608
9606.ENSP00000399970,PPP2R2D,Protein PPP2R2D; human protein in STRING interactome,9606.ENSP00000399970
9606.ENSP00000479719,CYFIP2,Protein CYFIP2; human protein in STRING interactome,9606.ENSP00000479719
9606.ENSP00000477213,APBB1,Protein APBB1; human protein in STRING interactome,9606.ENSP00000477213
9606.ENSP00000222390,HGF,Protein HGF; human protein in STRING interactome,9606.ENSP00000222390
9606.ENSP00000355627,AGT,Protein AGT; human protein in STRING interactome,9606.ENSP00000355627
9606.ENSP00000245304,RAP2A,Protein RAP2A; human protein in STRING interactome,9606.ENSP00000245304
9606.ENSP00000164227,BCL3,Protein BCL3; human protein in STRING interactome,9606.ENSP00000164227
9606.ENSP00000356790,ATP1B1,Protein ATP1B1; human protein in STRING interactome,9606.ENSP00000356790
9606.ENSP00000341268,TRADD,Protein TRADD; human protein in STRING interactome,9606.ENSP00000341268
9606.ENSP00000416561,CFB,Protein CFB; human protein in STRING interactome,9606.ENSP00000416561
9606.ENSP00000496577,SOCS1,Protein SOCS1; human protein in STRING interactome,9606.ENSP00000496577
9606.ENSP00000354558,MTOR,Protein MTOR; human protein in STRING interactome,9606.ENSP00000354558
9606.ENSP00000480439,DHRS3,Protein DHRS3; human protein in STRING interactome,9606.ENSP00000480439
9606.ENSP00000245907,C3,Protein C3; human protein in STRING interactome,9606.ENSP00000245907
9606.ENSP00000271308,PSMA5,Protein PSMA5; human protein in STRING interactome,9606.ENSP00000271308
9606.ENSP00000397552,ACTL6A,Protein ACTL6A; human protein in STRING interactome,9606.ENSP00000397552
9606.ENSP00000327025,RORC,Protein RORC; human protein in STRING interactome,9606.ENSP00000327025
9606.ENSP00000497931,ABCB11,Protein ABCB11; human protein in STRING interactome,9606.ENSP00000497931
9606.ENSP00000325074,PPP2R2A,Protein PPP2R2A; human protein in STRING interactome,9606.ENSP00000325074
9606.ENSP00000389326,ACE2,Protein ACE2; human protein in STRING interactome,9606.ENSP00000389326
9606.ENSP00000283415,LPCAT1,Protein LPCAT1; human protein in STRING interactome,9606.ENSP00000283415
9606.ENSP00000259938,CLPS,Protein CLPS; human protein in STRING interactome,9606.ENSP00000259938
9606.ENSP00000291232,TNFRSF13C,Protein TNFRSF13C; human protein in STRING interactome,9606.ENSP00000291232
9606.ENSP00000244174,IL9R,Protein IL9R; human protein in STRING interactome,9606.ENSP00000244174
9606.ENSP00000262039,PIK3C3,Protein PIK3C3; human protein in STRING interactome,9606.ENSP00000262039
9606.ENSP00000326737,TNFRSF12A,Protein TNFRSF12A; human protein in STRING interactome,9606.ENSP00000326737
9606.ENSP00000349967,CCRL2,Protein CCRL2; human protein in STRING interactome,9606.ENSP00000349967
9606.ENSP00000346550,ANXA6,Protein ANXA6; human protein in STRING interactome,9606.ENSP00000346550
9606.ENSP00000352071,CD163,Protein CD163; human protein in STRING interactome,9606.ENSP00000352071
9606.ENSP00000261292,LIPG,Endothelial lipase; hydrolyzes HDL phospholipids,9606.ENSP00000261292
9606.ENSP00000344155,ABCA2,Protein ABCA2; human protein in STRING interactome,9606.ENSP00000344155
9606.ENSP00000412237,IL10,Protein IL10; human protein in STRING interactome,9606.ENSP00000412237
9606.ENSP00000285735,RHOC,Protein RHOC; human protein in STRING interactome,9606.ENSP00000285735
9606.ENSP00000276218,GPR119,Protein GPR119; human protein in STRING interactome,9606.ENSP00000276218
9606.ENSP00000285238,ABCC3,Protein ABCC3; human protein in STRING interactome,9606.ENSP00000285238
9606.ENSP00000255409,CHI3L1,Protein CHI3L1; human protein in STRING interactome,9606.ENSP00000255409
9606.ENSP00000262367,CREBBP,Protein CREBBP; human protein in STRING interactome,9606.ENSP00000262367
9606.ENSP00000362127,MTF1,Protein MTF1; human protein in STRING interactome,9606.ENSP00000362127
9606.ENSP00000349446,ARG1,Protein ARG1; human protein in STRING interactome,9606.ENSP00000349446
9606.ENSP00000338235,MTDH,Protein MTDH; human protein in STRING interactome,9606.ENSP00000338235
9606.ENSP00000384675,SOS1,Protein SOS1; human protein in STRING interactome,9606.ENSP00000384675
9606.ENSP00000442460,PTK6,Protein PTK6; human protein in STRING interactome,9606.ENSP00000442460
9606.ENSP00000243253,SEC61A1,Protein SEC61A1; human protein in STRING interactome,9606.ENSP00000243253
9606.ENSP00000380440,INS-IGF2,Protein INS-IGF2; human protein in STRING interactome,9606.ENSP00000380440
9606.ENSP00000365770,MTHFR,Protein MTHFR; human protein in STRING interactome,9606.ENSP00000365770
9606.ENSP00000378105,ELOVL6,Protein ELOVL6; human protein in STRING interactome,9606.ENSP00000378105
9606.ENSP00000245983,GNRH2,Protein GNRH2; human protein in STRING interactome,9606.ENSP00000245983
9606.ENSP00000261652,TNFRSF13B,Protein TNFRSF13B; human protein in STRING interactome,9606.ENSP00000261652
9606.ENSP00000003084,CFTR,Protein CFTR; human protein in STRING interactome,9606.ENSP00000003084
9606.ENSP00000348461,RAC1,Protein RAC1; human protein in STRING interactome,9606.ENSP00000348461
9606.ENSP00000366395,SYVN1,Protein SYVN1; human protein in STRING interactome,9606.ENSP00000366395
9606.ENSP00000354207,NTRK3,Protein NTRK3; human protein in STRING interactome,9606.ENSP00000354207
9606.ENSP00000356436,PLA2G4A,Protein PLA2G4A; human protein in STRING interactome,9606.ENSP00000356436
9606.ENSP00000315112,RNF31,Protein RNF31; human protein in STRING interactome,9606.ENSP00000315112
9606.ENSP00000497642,LPL,Lipoprotein lipase; hydrolyzes triglycerides in chylomicrons and VLDL,9606.ENSP00000497642
9606.ENSP00000272190,REN,Protein REN; human protein in STRING interactome,9606.ENSP00000272190
9606.ENSP00000501111,CEL,Protein CEL; human protein in STRING interactome,9606.ENSP00000501111
9606.ENSP00000357255,BGLAP,Protein BGLAP; human protein in STRING interactome,9606.ENSP00000357255
9606.ENSP00000469455,NTF4,Protein NTF4; human protein in STRING interactome,9606.ENSP00000469455
9606.ENSP00000263408,C9,Protein C9; human protein in STRING interactome,9606.ENSP00000263408
9606.ENSP00000286301,CSF1R,Protein CSF1R; human protein in STRING interactome,9606.ENSP00000286301
9606.ENSP00000312649,PPARGC1B,Protein PPARGC1B; human protein in STRING interactome,9606.ENSP00000312649
9606.ENSP00000292301,CCR2,Protein CCR2; human protein in STRING interactome,9606.ENSP00000292301
9606.ENSP00000356515,UTRN,Protein UTRN; human protein in STRING interactome,9606.ENSP00000356515
9606.ENSP00000379258,GLI3,Protein GLI3; human protein in STRING interactome,9606.ENSP00000379258
9606.ENSP00000494321,ABCC8,Protein ABCC8; human protein in STRING interactome,9606.ENSP00000494321
9606.ENSP00000254101,PRKAB2,Protein PRKAB2; human protein in STRING interactome,9606.ENSP00000254101
9606.ENSP00000260010,TLR2,Protein TLR2; human protein in STRING interactome,9606.ENSP00000260010
9606.ENSP00000368144,PRR5L,Protein PRR5L; human protein in STRING interactome,9606.ENSP00000368144
9606.ENSP00000497968,IL17A,Protein IL17A; human protein in STRING interactome,9606.ENSP00000497968
9606.ENSP00000308782,GP6,Protein GP6; human protein in STRING interactome,9606.ENSP00000308782
9606.ENSP00000342793,PLD1,Protein PLD1; human protein in STRING interactome,9606.ENSP00000342793
9606.ENSP00000426983,CLOCK,Protein CLOCK; human protein in STRING interactome,9606.ENSP00000426983
9606.ENSP00000304895,IRS1,Protein IRS1; human protein in STRING interactome,9606.ENSP00000304895
9606.ENSP00000224950,STN1,Protein STN1; human protein in STRING interactome,9606.ENSP00000224950
9606.ENSP00000258052,SMPD2,Protein SMPD2; human protein in STRING interactome,9606.ENSP00000258052
9606.ENSP00000387654,PCYOX1,Protein PCYOX1; human protein in STRING interactome,9606.ENSP00000387654
9606.ENSP00000300060,ANPEP,Protein ANPEP; human protein in STRING interactome,9606.ENSP00000300060
9606.ENSP00000226230,TMEM97,Protein TMEM97; human protein in STRING interactome,9606.ENSP00000226230
9606.ENSP00000431800,EIF3F,Protein EIF3F; human protein in STRING interactome,9606.ENSP00000431800
9606.ENSP00000295802,RETSAT,Protein RETSAT; human protein in STRING interactome,9606.ENSP00000295802
9606.ENSP00000363079,MBL2,Protein MBL2; human protein in STRING interactome,9606.ENSP00000363079
9606.ENSP00000180166,FGF20,Protein FGF20; human protein in STRING interactome,9606.ENSP00000180166
9606.ENSP00000259808,RIPK1,Protein RIPK1; human protein in STRING interactome,9606.ENSP00000259808
9606.ENSP00000483570,BTK,Protein BTK; human protein in STRING interactome,9606.ENSP00000483570
9606.ENSP00000296511,ANXA5,Protein ANXA5; human protein in STRING interactome,9606.ENSP00000296511
9606.ENSP00000444688,ATP1A3,Protein ATP1A3; human protein in STRING interactome,9606.ENSP00000444688
9606.ENSP00000264071,TUBB4A,Protein TUBB4A; human protein in STRING interactome,9606.ENSP00000264071
9606.ENSP00000452786,ITGB3,Protein ITGB3; human protein in STRING interactome,9606.ENSP00000452786
9606.ENSP00000441828,HPR,Protein HPR; human protein in STRING interactome,9606.ENSP00000441828
9606.ENSP00000377446,SUCLG1,Protein SUCLG1; human protein in STRING interactome,9606.ENSP00000377446
9606.ENSP00000458585,MMP12,Protein MMP12; human protein in STRING interactome,9606.ENSP00000458585
9606.ENSP00000385749,PRKAR1B,Protein PRKAR1B; human protein in STRING interactome,9606.ENSP00000385749
9606.ENSP00000245414,IRF1,Protein IRF1; human protein in STRING interactome,9606.ENSP00000245414
9606.ENSP00000450565,IL11RA,Protein IL11RA; human protein in STRING interactome,9606.ENSP00000450565
9606.ENSP00000356399,CFH,Protein CFH; human protein in STRING interactome,9606.ENSP00000356399
9606.ENSP00000262640,VAMP7,Protein VAMP7; human protein in STRING interactome,9606.ENSP00000262640
9606.ENSP00000261854,SPPL2A,Protein SPPL2A; human protein in STRING interactome,9606.ENSP00000261854
9606.ENSP00000443194,NAT1,Protein NAT1; human protein in STRING interactome,9606.ENSP00000443194
9606.ENSP00000310928,PPARD,Peroxisome proliferator-activated receptor delta; fatty acid oxidation,9606.ENSP00000310928
9606.ENSP00000262554,SPTLC1,Protein SPTLC1; human protein in STRING interactome,9606.ENSP00000262554
9606.ENSP00000479032,IGKV1-33,Protein IGKV1-33; human protein in STRING interactome,9606.ENSP00000479032
9606.ENSP00000385523,PPARA,Peroxisome proliferator-activated receptor alpha; master regulator of fatty acid oxidation,9606.ENSP00000385523
9606.ENSP00000229304,APOBEC1,Protein APOBEC1; human protein in STRING interactome,9606.ENSP00000229304
9606.ENSP00000337445,ELAC2,Protein ELAC2; human protein in STRING interactome,9606.ENSP00000337445
9606.ENSP00000365435,TNFRSF1B,Protein TNFRSF1B; human protein in STRING interactome,9606.ENSP00000365435
9606.ENSP00000234816,ANGPTL1,Protein ANGPTL1; human protein in STRING interactome,9606.ENSP00000234816
9606.ENSP00000341044,ACACB,Protein ACACB; human protein in STRING interactome,9606.ENSP00000341044
9606.ENSP00000408695,PRKCA,Protein PRKCA; human protein in STRING interactome,9606.ENSP00000408695
9606.ENSP00000358997,IRAK1,Protein IRAK1; human protein in STRING interactome,9606.ENSP00000358997
9606.ENSP00000481380,CCNA2,Protein CCNA2; human protein in STRING interactome,9606.ENSP00000481380
9606.ENSP00000380074,SLC38A9,Protein SLC38A9; human protein in STRING interactome,9606.ENSP00000380074
9606.ENSP00000445306,ATP1A1,Protein ATP1A1; human protein in STRING interactome,9606.ENSP00000445306
9606.ENSP00000294728,VCAM1,Protein VCAM1; human protein in STRING interactome,9606.ENSP00000294728
9606.ENSP00000411940,IFNA17,Protein IFNA17; human protein in STRING interactome,9606.ENSP00000411940
9606.ENSP00000295927,PTX3,Protein PTX3; human protein in STRING interactome,9606.ENSP00000295927
9606.ENSP00000216037,XBP1,Protein XBP1; human protein in STRING interactome,9606.ENSP00000216037
9606.ENSP00000282841,GGPS1,Protein GGPS1; human protein in STRING interactome,9606.ENSP00000282841
9606.ENSP00000368215,TAB3,Protein TAB3; human protein in STRING interactome,9606.ENSP00000368215
9606.ENSP00000270139,IFNAR1,Protein IFNAR1; human protein in STRING interactome,9606.ENSP00000270139
9606.ENSP00000493184,FOXO6,Protein FOXO6; human protein in STRING interactome,9606.ENSP00000493184
9606.ENSP00000360538,FFAR4,Protein FFAR4; human protein in STRING interactome,9606.ENSP00000360538
9606.ENSP00000263377,BRD4,Protein BRD4; human protein in STRING interactome,9606.ENSP00000263377
9606.ENSP00000383931,GP5,Protein GP5; human protein in STRING interactome,9606.ENSP00000383931
9606.ENSP00000359871,ACADM,Protein ACADM; human protein in STRING interactome,9606.ENSP00000359871
9606.ENSP00000216802,PSME2,Protein PSME2; human protein in STRING interactome,9606.ENSP00000216802
9606.ENSP00000324856,STK11,Protein STK11; human protein in STRING interactome,9606.ENSP00000324856
9606.ENSP00000356047,PFKFB2,Protein PFKFB2; human protein in STRING interactome,9606.ENSP00000356047
9606.ENSP00000363400,PAFAH2,Protein PAFAH2; human protein in STRING interactome,9606.ENSP00000363400
9606.ENSP00000296435,CAMP,Protein CAMP; human protein in STRING interactome,9606.ENSP00000296435
9606.ENSP00000350425,APOA4,Apolipoprotein A-IV; involved in chylomicron assembly and satiety signaling,9606.ENSP00000350425
9606.ENSP00000304643,CALML6,Protein CALML6; human protein in STRING interactome,9606.ENSP00000304643
9606.ENSP00000215659,MAPK12,Protein MAPK12; human protein in STRING interactome,9606.ENSP00000215659
9606.ENSP00000020945,SNAI2,Protein SNAI2; human protein in STRING interactome,9606.ENSP00000020945
9606.ENSP00000216968,PROCR,Protein PROCR; human protein in STRING interactome,9606.ENSP00000216968
9606.ENSP00000293362,PSME3,Protein PSME3; human protein in STRING interactome,9606.ENSP00000293362
9606.ENSP00000498258,GPR55,Protein GPR55; human protein in STRING interactome,9606.ENSP00000498258
9606.ENSP00000263025,MAPK3,Protein MAPK3; human protein in STRING interactome,9606.ENSP00000263025
9606.ENSP00000441600,CCR3,Protein CCR3; human protein in STRING interactome,9606.ENSP00000441600
9606.ENSP00000335153,HSP90AA1,Protein HSP90AA1; human protein in STRING interactome,9606.ENSP00000335153
9606.ENSP00000441369,PRKAB1,Protein PRKAB1; human protein in STRING interactome,9606.ENSP00000441369
9606.ENSP00000254846,KDM6B,Protein KDM6B; human protein in STRING interactome,9606.ENSP00000254846
9606.ENSP00000472929,VAV1,Protein VAV1; human protein in STRING interactome,9606.ENSP00000472929
9606.ENSP00000396198,FGF13,Protein FGF13; human protein in STRING interactome,9606.ENSP00000396198
9606.ENSP00000371067,JAK2,Protein JAK2; human protein in STRING interactome,9606.ENSP00000371067
9606.ENSP00000288266,APPL1,Protein APPL1; human protein in STRING interactome,9606.ENSP00000288266
9606.ENSP00000380401,FOXRED2,Protein FOXRED2; human protein in STRING interactome,9606.ENSP00000380401
9606.ENSP00000362092,RRAGC,Protein RRAGC; human protein in STRING interactome,9606.ENSP00000362092
9606.ENSP00000264977,PPP2R3A,Protein PPP2R3A; human protein in STRING interactome,9606.ENSP00000264977
9606.ENSP00000005257,RALA,Protein RALA; human protein in STRING interactome,9606.ENSP00000005257
9606.ENSP00000400717,GNA13,Protein GNA13; human protein in STRING interactome,9606.ENSP00000400717
9606.ENSP00000259371,DAB2IP,Protein DAB2IP; human protein in STRING interactome,9606.ENSP00000259371
9606.ENSP00000226279,CD38,Protein CD38; human protein in STRING interactome,9606.ENSP00000226279
9606.ENSP00000363512,ALOX5,Protein ALOX5; human protein in STRING interactome,9606.ENSP00000363512
9606.ENSP00000406674,MOGAT1,Protein MOGAT1; human protein in STRING interactome,9606.ENSP00000406674
9606.ENSP00000348645,PXDNL,Protein PXDNL; human protein in STRING interactome,9606.ENSP00000348645
9606.ENSP00000269141,CDH2,Protein CDH2; human protein in STRING interactome,9606.ENSP00000269141
9606.ENSP00000344223,MBTPS1,Protein MBTPS1; human protein in STRING interactome,9606.ENSP00000344223
9606.ENSP00000356840,POU2F1,Protein POU2F1; human protein in STRING interactome,9606.ENSP00000356840
9606.ENSP00000482264,DGAT1,Diacylglycerol O-acyltransferase 1; triglyceride synthesis,9606.ENSP00000482264
9606.ENSP00000322229,FADS1,Protein FADS1; human protein in STRING interactome,9606.ENSP00000322229
9606.ENSP00000343223,TCL1B,Protein TCL1B; human protein in STRING interactome,9606.ENSP00000343223
9606.ENSP00000369814,AKR1C4,Protein AKR1C4; human protein in STRING interactome,9606.ENSP00000369814
9606.ENSP00000330237,CASP9,Protein CASP9; human protein in STRING interactome,9606.ENSP00000330237
9606.ENSP00000231061,SPARC,Protein SPARC; human protein in STRING interactome,9606.ENSP00000231061
9606.ENSP00000356713,IFNGR1,Protein IFNGR1; human protein in STRING interactome,9606.ENSP00000356713
9606.ENSP00000370557,MIS12,Protein MIS12; human protein in STRING interactome,9606.ENSP00000370557
9606.ENSP00000398368,LIFR,Protein LIFR; human protein in STRING interactome,9606.ENSP00000398368
9606.ENSP00000356919,ATF6,Protein ATF6; human protein in STRING interactome,9606.ENSP00000356919
9606.ENSP00000255389,PEMT,"Phosphatidylethanolamine N-methyltransferase; hepatic PC synthesis, VLDL secretion",9606.ENSP00000255389
9606.ENSP00000326305,SLC25A20,Protein SLC25A20; human protein in STRING interactome,9606.ENSP00000326305
9606.ENSP00000433138,CASP1,Protein CASP1; human protein in STRING interactome,9606.ENSP00000433138
9606.ENSP00000332296,RARB,Protein RARB; human protein in STRING interactome,9606.ENSP00000332296
9606.ENSP00000286758,CXCL13,Protein CXCL13; human protein in STRING interactome,9606.ENSP00000286758
9606.ENSP00000297029,SCIN,Protein SCIN; human protein in STRING interactome,9606.ENSP00000297029
9606.ENSP00000377936,PPP2R2B,Protein PPP2R2B; human protein in STRING interactome,9606.ENSP00000377936
9606.ENSP00000231228,IL12B,Protein IL12B; human protein in STRING interactome,9606.ENSP00000231228
9606.ENSP00000258149,MDM2,Protein MDM2; human protein in STRING interactome,9606.ENSP00000258149
9606.ENSP00000360296,PLPP3,Protein PLPP3; human protein in STRING interactome,9606.ENSP00000360296
9606.ENSP00000265849,PMS2,Protein PMS2; human protein in STRING interactome,9606.ENSP00000265849
9606.ENSP00000227163,SPI1,Protein SPI1; human protein in STRING interactome,9606.ENSP00000227163
9606.ENSP00000391669,BCAR1,Protein BCAR1; human protein in STRING interactome,9606.ENSP00000391669
9606.ENSP00000479130,ACSF3,Protein ACSF3; human protein in STRING interactome,9606.ENSP00000479130
9606.ENSP00000216341,GZMB,Protein GZMB; human protein in STRING interactome,9606.ENSP00000216341
9606.ENSP00000430548,PTDSS1,Protein PTDSS1; human protein in STRING interactome,9606.ENSP00000430548
9606.ENSP00000471700,FKBP8,Protein FKBP8; human protein in STRING interactome,9606.ENSP00000471700
9606.ENSP00000260408,ADAM10,Protein ADAM10; human protein in STRING interactome,9606.ENSP00000260408
9606.ENSP00000305651,CXCL10,Protein CXCL10; human protein in STRING interactome,9606.ENSP00000305651
9606.ENSP00000391090,CHEK1,Protein CHEK1; human protein in STRING interactome,9606.ENSP00000391090
9606.ENSP00000350170,FXR1,Protein FXR1; human protein in STRING interactome,9606.ENSP00000350170
9606.ENSP00000277120,NTRK2,Protein NTRK2; human protein in STRING interactome,9606.ENSP00000277120
9606.ENSP00000360645,MAN1B1,Protein MAN1B1; human protein in STRING interactome,9606.ENSP00000360645
9606.ENSP00000366234,IL31,Protein IL31; human protein in STRING interactome,9606.ENSP00000366234
9606.ENSP00000498260,ACSL6,Protein ACSL6; human protein in STRING interactome,9606.ENSP00000498260
9606.ENSP00000215727,SERPIND1,Protein SERPIND1; human protein in STRING interactome,9606.ENSP00000215727
9606.ENSP00000243924,PI3,Protein PI3; human protein in STRING interactome,9606.ENSP00000243924
9606.ENSP00000315477,CD209,Protein CD209; human protein in STRING interactome,9606.ENSP00000315477
9606.ENSP00000481956,CREB3L1,Protein CREB3L1; human protein in STRING interactome,9606.ENSP00000481956
9606.ENSP00000387699,CREB1,Protein CREB1; human protein in STRING interactome,9606.ENSP00000387699
9606.ENSP00000304592,FASN,Fatty acid synthase; de novo fatty acid synthesis,9606.ENSP00000304592
9606.ENSP00000378487,VDAC1,Protein VDAC1; human protein in STRING interactome,9606.ENSP00000378487
9606.ENSP00000160382,ACTL6B,Protein ACTL6B; human protein in STRING interactome,9606.ENSP00000160382
9606.ENSP00000263056,MAP3K8,Protein MAP3K8; human protein in STRING interactome,9606.ENSP00000263056
9606.ENSP00000351671,CCL20,Protein CCL20; human protein in STRING interactome,9606.ENSP00000351671
9606.ENSP00000052754,DCN,Protein DCN; human protein in STRING interactome,9606.ENSP00000052754
9606.ENSP00000477999,NOS1,Protein NOS1; human protein in STRING interactome,9606.ENSP00000477999
9606.ENSP00000345708,KCNJ11,Protein KCNJ11; human protein in STRING interactome,9606.ENSP00000345708
9606.ENSP00000471239,ZFP36,Protein ZFP36; human protein in STRING interactome,9606.ENSP00000471239
9606.ENSP00000427951,CCDC160,Protein CCDC160; human protein in STRING interactome,9606.ENSP00000427951
9606.ENSP00000309749,APOBEC3F,Protein APOBEC3F; human protein in STRING interactome,9606.ENSP00000309749
9606.ENSP00000282096,PDE3B,Protein PDE3B; human protein in STRING interactome,9606.ENSP00000282096
9606.ENSP00000378394,PSAP,Protein PSAP; human protein in STRING interactome,9606.ENSP00000378394
9606.ENSP00000385057,APOBEC3G,Protein APOBEC3G; human protein in STRING interactome,9606.ENSP00000385057
9606.ENSP00000378359,ADH6,Protein ADH6; human protein in STRING interactome,9606.ENSP00000378359
9606.ENSP00000385675,IL6,Protein IL6; human protein in STRING interactome,9606.ENSP00000385675
9606.ENSP00000290429,MCAT,Protein MCAT; human protein in STRING interactome,9606.ENSP00000290429
9606.ENSP00000260197,SORL1,Protein SORL1; human protein in STRING interactome,9606.ENSP00000260197
9606.ENSP00000359910,PSMA7,Protein PSMA7; human protein in STRING interactome,9606.ENSP00000359910
9606.ENSP00000417980,EHMT1,Protein EHMT1; human protein in STRING interactome,9606.ENSP00000417980
9606.ENSP00000370767,GP2,Protein GP2; human protein in STRING interactome,9606.ENSP00000370767
9606.ENSP00000433933,PNLIPRP1,Protein PNLIPRP1; human protein in STRING interactome,9606.ENSP00000433933
9606.ENSP00000305372,ADRB2,Protein ADRB2; human protein in STRING interactome,9606.ENSP00000305372
9606.ENSP00000205214,AASDH,Protein AASDH; human protein in STRING interactome,9606.ENSP00000205214
9606.ENSP00000244007,PLCG1,Protein PLCG1; human protein in STRING interactome,9606.ENSP00000244007
9606.ENSP00000311962,GGA2,Protein GGA2; human protein in STRING interactome,9606.ENSP00000311962
9606.ENSP00000419325,SUCLG2,Protein SUCLG2; human protein in STRING interactome,9606.ENSP00000419325
9606.ENSP00000261584,PALB2,Protein PALB2; human protein in STRING interactome,9606.ENSP00000261584
9606.ENSP00000363458,LDLRAP1,LDL receptor adaptor protein 1; mediates clathrin-dependent LDLR endocytosis,9606.ENSP00000363458
9606.ENSP00000312664,CASP2,Protein CASP2; human protein in STRING interactome,9606.ENSP00000312664
9606.ENSP00000313391,DAB2,Protein DAB2; human protein in STRING interactome,9606.ENSP00000313391
9606.ENSP00000498441,FGA,Protein FGA; human protein in STRING interactome,9606.ENSP00000498441
9606.ENSP00000254810,H3-3B,Protein H3-3B; human protein in STRING interactome,9606.ENSP00000254810
9606.ENSP00000317891,TNIP1,Protein TNIP1; human protein in STRING interactome,9606.ENSP00000317891
9606.ENSP00000251871,MED17,Protein MED17; human protein in STRING interactome,9606.ENSP00000251871
9606.ENSP00000348069,SREBF1,Sterol regulatory element-binding transcription factor 1; regulates lipogenesis,9606.ENSP00000348069
9606.ENSP00000362748,TET1,Protein TET1; human protein in STRING interactome,9606.ENSP00000362748
9606.ENSP00000486361,DBI,Protein DBI; human protein in STRING interactome,9606.ENSP00000486361
9606.ENSP00000271450,FCGR2A,Protein FCGR2A; human protein in STRING interactome,9606.ENSP00000271450
9606.ENSP00000342007,CYP1A2,Protein CYP1A2; human protein in STRING interactome,9606.ENSP00000342007
9606.ENSP00000309572,TERT,Protein TERT; human protein in STRING interactome,9606.ENSP00000309572
9606.ENSP00000301466,SOAT2,Sterol O-acyltransferase 2 (same as ACAT2),9606.ENSP00000301466
9606.ENSP00000298492,ABRAXAS2,Protein ABRAXAS2; human protein in STRING interactome,9606.ENSP00000298492
9606.ENSP00000337701,PNPLA2,Protein PNPLA2; human protein in STRING interactome,9606.ENSP00000337701
9606.ENSP00000304336,PYDC1,Protein PYDC1; human protein in STRING interactome,9606.ENSP00000304336
9606.ENSP00000381206,RDH16,Protein RDH16; human protein in STRING interactome,9606.ENSP00000381206
9606.ENSP00000219070,MMP2,Protein MMP2; human protein in STRING interactome,9606.ENSP00000219070
9606.ENSP00000286355,ADCY8,Protein ADCY8; human protein in STRING interactome,9606.ENSP00000286355
9606.ENSP00000371790,FGF9,Protein FGF9; human protein in STRING interactome,9606.ENSP00000371790
9606.ENSP00000384517,ARNTL,Protein ARNTL; human protein in STRING interactome,9606.ENSP00000384517
9606.ENSP00000349078,FDPS,Protein FDPS; human protein in STRING interactome,9606.ENSP00000349078
9606.ENSP00000268638,IRF8,Protein IRF8; human protein in STRING interactome,9606.ENSP00000268638
9606.ENSP00000264606,HDAC4,Protein HDAC4; human protein in STRING interactome,9606.ENSP00000264606
9606.ENSP00000266557,CD27,Protein CD27; human protein in STRING interactome,9606.ENSP00000266557
9606.ENSP00000248553,HSPB1,Protein HSPB1; human protein in STRING interactome,9606.ENSP00000248553
9606.ENSP00000244709,TREM1,Protein TREM1; human protein in STRING interactome,9606.ENSP00000244709
9606.ENSP00000261267,LYZ,Protein LYZ; human protein in STRING interactome,9606.ENSP00000261267
9606.ENSP00000451828,AKT1,Protein AKT1; human protein in STRING interactome,9606.ENSP00000451828
9606.ENSP00000306099,FGB,Protein FGB; human protein in STRING interactome,9606.ENSP00000306099
9606.ENSP00000342143,PDZK1,Protein PDZK1; human protein in STRING interactome,9606.ENSP00000342143
9606.ENSP00000458162,ACTG1,Protein ACTG1; human protein in STRING interactome,9606.ENSP00000458162
9606.ENSP00000358335,MAP3K7,Protein MAP3K7; human protein in STRING interactome,9606.ENSP00000358335
9606.ENSP00000451406,HSD17B6,Protein HSD17B6; human protein in STRING interactome,9606.ENSP00000451406
9606.ENSP00000380070,GAPDH,Protein GAPDH; human protein in STRING interactome,9606.ENSP00000380070
9606.ENSP00000299767,HSP90B1,Protein HSP90B1; human protein in STRING interactome,9606.ENSP00000299767
9606.ENSP00000345702,NFYA,Protein NFYA; human protein in STRING interactome,9606.ENSP00000345702
9606.ENSP00000348455,UVRAG,Protein UVRAG; human protein in STRING interactome,9606.ENSP00000348455
9606.ENSP00000419361,ADCY5,Protein ADCY5; human protein in STRING interactome,9606.ENSP00000419361
9606.ENSP00000292408,FGFR4,Protein FGFR4; human protein in STRING interactome,9606.ENSP00000292408
9606.ENSP00000367208,SUGT1,Protein SUGT1; human protein in STRING interactome,9606.ENSP00000367208
9606.ENSP00000266041,ITIH4,Protein ITIH4; human protein in STRING interactome,9606.ENSP00000266041
9606.ENSP00000384273,RELA,Protein RELA; human protein in STRING interactome,9606.ENSP00000384273
9606.ENSP00000269228,NPC1,Protein NPC1; human protein in STRING interactome,9606.ENSP00000269228
9606.ENSP00000395294,CD70,Protein CD70; human protein in STRING interactome,9606.ENSP00000395294
9606.ENSP00000216223,IL2RB,Protein IL2RB; human protein in STRING interactome,9606.ENSP00000216223
9606.ENSP00000428924,LYN,Protein LYN; human protein in STRING interactome,9606.ENSP00000428924
9606.ENSP00000365402,HLA-C,Protein HLA-C; human protein in STRING interactome,9606.ENSP00000365402
9606.ENSP00000371532,VLDLR,Very low-density lipoprotein receptor; binds apoE-containing lipoproteins,9606.ENSP00000371532
9606.ENSP00000234347,PRTN3,Protein PRTN3; human protein in STRING interactome,9606.ENSP00000234347
9606.ENSP00000432511,JAK3,Protein JAK3; human protein in STRING interactome,9606.ENSP00000432511
9606.ENSP00000358165,FCGR1A,Protein FCGR1A; human protein in STRING interactome,9606.ENSP00000358165
9606.ENSP00000355657,H3-4,Protein H3-4; human protein in STRING interactome,9606.ENSP00000355657
9606.ENSP00000431418,NTRK1,Protein NTRK1; human protein in STRING interactome,9606.ENSP00000431418
9606.ENSP00000379683,CYP19A1,Protein CYP19A1; human protein in STRING interactome,9606.ENSP00000379683
9606.ENSP00000365081,APOM,Protein APOM; human protein in STRING interactome,9606.ENSP00000365081
9606.ENSP00000295797,PRKCI,Protein PRKCI; human protein in STRING interactome,9606.ENSP00000295797
9606.ENSP00000222812,STX1A,Protein STX1A; human protein in STRING interactome,9606.ENSP00000222812
9606.ENSP00000500695,AP1S2,Protein AP1S2; human protein in STRING interactome,9606.ENSP00000500695
9606.ENSP00000239223,DUSP1,Protein DUSP1; human protein in STRING interactome,9606.ENSP00000239223
9606.ENSP00000228434,CD69,Protein CD69; human protein in STRING interactome,9606.ENSP00000228434
9606.ENSP00000369293,IL2RA,Protein IL2RA; human protein in STRING interactome,9606.ENSP00000369293
9606.ENSP00000482678,IGKV1D-33,Protein IGKV1D-33; human protein in STRING interactome,9606.ENSP00000482678
9606.ENSP00000362649,HDAC1,Protein HDAC1; human protein in STRING interactome,9606.ENSP00000362649
9606.ENSP00000406162,PRMT1,Protein PRMT1; human protein in STRING interactome,9606.ENSP00000406162
9606.ENSP00000358232,PNLIPRP3,Protein PNLIPRP3; human protein in STRING interactome,9606.ENSP00000358232
9606.ENSP00000262407,ITGA2B,Protein ITGA2B; human protein in STRING interactome,9606.ENSP00000262407
9606.ENSP00000362314,EIF4EBP2,Protein EIF4EBP2; human protein in STRING interactome,9606.ENSP00000362314
9606.ENSP00000216780,PCK2,Protein PCK2; human protein in STRING interactome,9606.ENSP00000216780
9606.ENSP00000366563,PIK3CD,Protein PIK3CD; human protein in STRING interactome,9606.ENSP00000366563
9606.ENSP00000376637,IGF1,Protein IGF1; human protein in STRING interactome,9606.ENSP00000376637
9606.ENSP00000348170,HP,Protein HP; human protein in STRING interactome,9606.ENSP00000348170
9606.ENSP00000265371,NRP1,Protein NRP1; human protein in STRING interactome,9606.ENSP00000265371
9606.ENSP00000356231,RABIF,Protein RABIF; human protein in STRING interactome,9606.ENSP00000356231
9606.ENSP00000359663,CD40LG,Protein CD40LG; human protein in STRING interactome,9606.ENSP00000359663
9606.ENSP00000346032,ANXA2,Protein ANXA2; human protein in STRING interactome,9606.ENSP00000346032
9606.ENSP00000025008,RB1CC1,Protein RB1CC1; human protein in STRING interactome,9606.ENSP00000025008
9606.ENSP00000378485,MATK,Protein MATK; human protein in STRING interactome,9606.ENSP00000378485
9606.ENSP00000445135,NLRP2,Protein NLRP2; human protein in STRING interactome,9606.ENSP00000445135
9606.ENSP00000308938,PLG,Protein PLG; human protein in STRING interactome,9606.ENSP00000308938
9606.ENSP00000264027,SC5D,Protein SC5D; human protein in STRING interactome,9606.ENSP00000264027
9606.ENSP00000302234,CCL11,Protein CCL11; human protein in STRING interactome,9606.ENSP00000302234
9606.ENSP00000271732,GOLPH3L,Protein GOLPH3L; human protein in STRING interactome,9606.ENSP00000271732
9606.ENSP00000494538,CTCF,Protein CTCF; human protein in STRING interactome,9606.ENSP00000494538
9606.ENSP00000196371,OXCT1,Protein OXCT1; human protein in STRING interactome,9606.ENSP00000196371
9606.ENSP00000477908,CCL3,Protein CCL3; human protein in STRING interactome,9606.ENSP00000477908
9606.ENSP00000276571,CRH,Protein CRH; human protein in STRING interactome,9606.ENSP00000276571
9606.ENSP00000336655,STRADA,Protein STRADA; human protein in STRING interactome,9606.ENSP00000336655
9606.ENSP00000418037,IRF5,Protein IRF5; human protein in STRING interactome,9606.ENSP00000418037
9606.ENSP00000263440,ALG6,Protein ALG6; human protein in STRING interactome,9606.ENSP00000263440
9606.ENSP00000370842,IL33,Protein IL33; human protein in STRING interactome,9606.ENSP00000370842
9606.ENSP00000264832,ICAM1,Protein ICAM1; human protein in STRING interactome,9606.ENSP00000264832
9606.ENSP00000389383,STK11IP,Protein STK11IP; human protein in STRING interactome,9606.ENSP00000389383
9606.ENSP00000334592,CYP2R1,Protein CYP2R1; human protein in STRING interactome,9606.ENSP00000334592
9606.ENSP00000220809,PLAT,Protein PLAT; human protein in STRING interactome,9606.ENSP00000220809
9606.ENSP00000346671,FYN,Protein FYN; human protein in STRING interactome,9606.ENSP00000346671
9606.ENSP00000401445,ERN1,Protein ERN1; human protein in STRING interactome,9606.ENSP00000401445
9606.ENSP00000381216,KHSRP,Protein KHSRP; human protein in STRING interactome,9606.ENSP00000381216
9606.ENSP00000442920,SOD2-2,Protein SOD2-2; human protein in STRING interactome,9606.ENSP00000442920
9606.ENSP00000339328,PLAUR,Protein PLAUR; human protein in STRING interactome,9606.ENSP00000339328
9606.ENSP00000273398,ATP6V1A,Protein ATP6V1A; human protein in STRING interactome,9606.ENSP00000273398
9606.ENSP00000468280,K7ERJ3_HUMAN,Protein K7ERJ3_HUMAN; human protein in STRING interactome,9606.ENSP00000468280
9606.ENSP00000300056,PEX11A,Protein PEX11A; human protein in STRING interactome,9606.ENSP00000300056
9606.ENSP00000256383,EIF2S1,Protein EIF2S1; human protein in STRING interactome,9606.ENSP00000256383
9606.ENSP00000262850,RRAGB,Protein RRAGB; human protein in STRING interactome,9606.ENSP00000262850
9606.ENSP00000225844,CCL13,Protein CCL13; human protein in STRING interactome,9606.ENSP00000225844
9606.ENSP00000296130,CLEC3B,Protein CLEC3B; human protein in STRING interactome,9606.ENSP00000296130
9606.ENSP00000301067,KMT2D,Protein KMT2D; human protein in STRING interactome,9606.ENSP00000301067
9606.ENSP00000480558,CCL3L1,Protein CCL3L1; human protein in STRING interactome,9606.ENSP00000480558
9606.ENSP00000369757,RPS6,Protein RPS6; human protein in STRING interactome,9606.ENSP00000369757
9606.ENSP00000363645,AWAT1,Protein AWAT1; human protein in STRING interactome,9606.ENSP00000363645
9606.ENSP00000225296,DHX33,Protein DHX33; human protein in STRING interactome,9606.ENSP00000225296
9606.ENSP00000356959,NR1I3,Protein NR1I3; human protein in STRING interactome,9606.ENSP00000356959
9606.ENSP00000264563,IL11,Protein IL11; human protein in STRING interactome,9606.ENSP00000264563
9606.ENSP00000265717,PRKAR2B,Protein PRKAR2B; human protein in STRING interactome,9606.ENSP00000265717
9606.ENSP00000359073,VAV3,Protein VAV3; human protein in STRING interactome,9606.ENSP00000359073
9606.ENSP00000415416,TRIB3,Protein TRIB3; human protein in STRING interactome,9606.ENSP00000415416
9606.ENSP00000289902,FCER1G,Protein FCER1G; human protein in STRING interactome,9606.ENSP00000289902
9606.ENSP00000329380,GP1BA,Protein GP1BA; human protein in STRING interactome,9606.ENSP00000329380
9606.ENSP00000231887,EHHADH,Protein EHHADH; human protein in STRING interactome,9606.ENSP00000231887
9606.ENSP00000263559,VPS26A,Protein VPS26A; human protein in STRING interactome,9606.ENSP00000263559
9606.ENSP00000274276,OSMR,Protein OSMR; human protein in STRING interactome,9606.ENSP00000274276
9606.ENSP00000194530,STRADB,Protein STRADB; human protein in STRING interactome,9606.ENSP00000194530
9606.ENSP00000497290,CDH5,Protein CDH5; human protein in STRING interactome,9606.ENSP00000497290
9606.ENSP00000354003,GYPA,Protein GYPA; human protein in STRING interactome,9606.ENSP00000354003
9606.ENSP00000247461,CANX,Protein CANX; human protein in STRING interactome,9606.ENSP00000247461
9606.ENSP00000259407,BAAT,Protein BAAT; human protein in STRING interactome,9606.ENSP00000259407
9606.ENSP00000269305,TP53,Protein TP53; human protein in STRING interactome,9606.ENSP00000269305
9606.ENSP00000419081,CALML4,Protein CALML4; human protein in STRING interactome,9606.ENSP00000419081
9606.ENSP00000322706,HMGCS1,HMG-CoA synthase 1; catalyzes HMG-CoA formation in cholesterol synthesis,9606.ENSP00000322706
9606.ENSP00000263341,IL1B,Protein IL1B; human protein in STRING interactome,9606.ENSP00000263341
9606.ENSP00000262510,NLRC5,Protein NLRC5; human protein in STRING interactome,9606.ENSP00000262510
9606.ENSP00000355361,CD47,Protein CD47; human protein in STRING interactome,9606.ENSP00000355361
9606.ENSP00000324806,GSK3B,Protein GSK3B; human protein in STRING interactome,9606.ENSP00000324806
9606.ENSP00000363804,KLF4,Protein KLF4; human protein in STRING interactome,9606.ENSP00000363804
9606.ENSP00000417569,STIM2,Protein STIM2; human protein in STRING interactome,9606.ENSP00000417569
9606.ENSP00000331487,NPLOC4,Protein NPLOC4; human protein in STRING interactome,9606.ENSP00000331487
9606.ENSP00000364883,AUH,Protein AUH; human protein in STRING interactome,9606.ENSP00000364883
9606.ENSP00000253801,G6PC,Protein G6PC; human protein in STRING interactome,9606.ENSP00000253801
9606.ENSP00000497274,ABCC2,Protein ABCC2; human protein in STRING interactome,9606.ENSP00000497274
9606.ENSP00000261196,SLCO1B3,Protein SLCO1B3; human protein in STRING interactome,9606.ENSP00000261196
9606.ENSP00000270800,IL22RA1,Protein IL22RA1; human protein in STRING interactome,9606.ENSP00000270800
9606.ENSP00000363993,PSMB9,Protein PSMB9; human protein in STRING interactome,9606.ENSP00000363993
9606.ENSP00000489597,PTPN11,Protein PTPN11; human protein in STRING interactome,9606.ENSP00000489597
9606.ENSP00000265316,ABCB6,Protein ABCB6; human protein in STRING interactome,9606.ENSP00000265316
9606.ENSP00000265594,MCCC1,Protein MCCC1; human protein in STRING interactome,9606.ENSP00000265594
9606.ENSP00000373539,STAB2,Protein STAB2; human protein in STRING interactome,9606.ENSP00000373539
9606.ENSP00000301146,CYP2A7,Protein CYP2A7; human protein in STRING interactome,9606.ENSP00000301146
9606.ENSP00000497733,CDC42,Protein CDC42; human protein in STRING interactome,9606.ENSP00000497733
9606.ENSP00000416799,SPATA2,Protein SPATA2; human protein in STRING interactome,9606.ENSP00000416799
9606.ENSP00000254066,RARA,Protein RARA; human protein in STRING interactome,9606.ENSP00000254066
9606.ENSP00000267257,PXN,Protein PXN; human protein in STRING interactome,9606.ENSP00000267257
9606.ENSP00000258443,EDAR,Protein EDAR; human protein in STRING interactome,9606.ENSP00000258443
9606.ENSP00000318297,RUVBL1,Protein RUVBL1; human protein in STRING interactome,9606.ENSP00000318297
9606.ENSP00000337641,PPP2R5E,Protein PPP2R5E; human protein in STRING interactome,9606.ENSP00000337641
9606.ENSP00000250092,CD68,Protein CD68; human protein in STRING interactome,9606.ENSP00000250092
9606.ENSP00000343782,ADRB3,Protein ADRB3; human protein in STRING interactome,9606.ENSP00000343782
9606.ENSP00000254657,PER2,Protein PER2; human protein in STRING interactome,9606.ENSP00000254657
9606.ENSP00000264220,PPAT,Protein PPAT; human protein in STRING interactome,9606.ENSP00000264220
9606.ENSP00000320866,CALR,Protein CALR; human protein in STRING interactome,9606.ENSP00000320866
9606.ENSP00000234420,MSH6,Protein MSH6; human protein in STRING interactome,9606.ENSP00000234420
9606.ENSP00000471896,IRF3,Protein IRF3; human protein in STRING interactome,9606.ENSP00000471896
9606.ENSP00000263334,PAX8,Protein PAX8; human protein in STRING interactome,9606.ENSP00000263334
9606.ENSP00000360170,ANGPTL3,Angiopoietin-like protein 3; inhibitor of LPL and endothelial lipase,9606.ENSP00000360170
9606.ENSP00000362817,FABP3,Protein FABP3; human protein in STRING interactome,9606.ENSP00000362817
9606.ENSP00000384053,CSF2RB,Protein CSF2RB; human protein in STRING interactome,9606.ENSP00000384053
9606.ENSP00000393762,SESN1,Protein SESN1; human protein in STRING interactome,9606.ENSP00000393762
9606.ENSP00000478887,MYC,Protein MYC; human protein in STRING interactome,9606.ENSP00000478887
9606.ENSP00000226355,AFM,Protein AFM; human protein in STRING interactome,9606.ENSP00000226355
9606.ENSP00000418823,FTO,Protein FTO; human protein in STRING interactome,9606.ENSP00000418823
9606.ENSP00000288135,KIT,Protein KIT; human protein in STRING interactome,9606.ENSP00000288135
9606.ENSP00000300134,STAT6,Protein STAT6; human protein in STRING interactome,9606.ENSP00000300134
9606.ENSP00000342235,ERBB4,Protein ERBB4; human protein in STRING interactome,9606.ENSP00000342235
9606.ENSP00000384744,DERL3,Protein DERL3; human protein in STRING interactome,9606.ENSP00000384744
9606.ENSP00000225275,MPO,Protein MPO; human protein in STRING interactome,9606.ENSP00000225275
9606.ENSP00000261366,LMNB1,Protein LMNB1; human protein in STRING interactome,9606.ENSP00000261366
9606.ENSP00000330959,IL1R2,Protein IL1R2; human protein in STRING interactome,9606.ENSP00000330959
9606.ENSP00000300055,PLIN1,"Perilipin 1; lipid droplet coat protein, regulates lipolysis",9606.ENSP00000300055
9606.ENSP00000494040,DDX3X,Protein DDX3X; human protein in STRING interactome,9606.ENSP00000494040
9606.ENSP00000478763,SIRPA,Protein SIRPA; human protein in STRING interactome,9606.ENSP00000478763
9606.ENSP00000354677,GPX7,Protein GPX7; human protein in STRING interactome,9606.ENSP00000354677
9606.ENSP00000367851,CYBB,Protein CYBB; human protein in STRING interactome,9606.ENSP00000367851
9606.ENSP00000398632,CD44,Protein CD44; human protein in STRING interactome,9606.ENSP00000398632
9606.ENSP00000242480,EGR2,Protein EGR2; human protein in STRING interactome,9606.ENSP00000242480
9606.ENSP00000347197,C5AR1,Protein C5AR1; human protein in STRING interactome,9606.ENSP00000347197
9606.ENSP00000262158,SMAD7,Protein SMAD7; human protein in STRING interactome,9606.ENSP00000262158
9606.ENSP00000412178,DGKZ,Protein DGKZ; human protein in STRING interactome,9606.ENSP00000412178
9606.ENSP00000451506,TCL1A,Protein TCL1A; human protein in STRING interactome,9606.ENSP00000451506
9606.ENSP00000270722,PRDM16,Protein PRDM16; human protein in STRING interactome,9606.ENSP00000270722
9606.ENSP00000053867,GRN,Protein GRN; human protein in STRING interactome,9606.ENSP00000053867
9606.ENSP00000264498,FGF2,Protein FGF2; human protein in STRING interactome,9606.ENSP00000264498
9606.ENSP00000318604,MAF1,Protein MAF1; human protein in STRING interactome,9606.ENSP00000318604
9606.ENSP00000368450,CD83,Protein CD83; human protein in STRING interactome,9606.ENSP00000368450
9606.ENSP00000479322,CLIP1,Protein CLIP1; human protein in STRING interactome,9606.ENSP00000479322
9606.ENSP00000263321,TYR,Protein TYR; human protein in STRING interactome,9606.ENSP00000263321
9606.ENSP00000380252,NFE2L2,Protein NFE2L2; human protein in STRING interactome,9606.ENSP00000380252
9606.ENSP00000271332,CELSR2,Protein CELSR2; human protein in STRING interactome,9606.ENSP00000271332
9606.ENSP00000332073,MGAT1,Protein MGAT1; human protein in STRING interactome,9606.ENSP00000332073
9606.ENSP00000355325,PSMB5,Protein PSMB5; human protein in STRING interactome,9606.ENSP00000355325
9606.ENSP00000162749,TNFRSF1A,Protein TNFRSF1A; human protein in STRING interactome,9606.ENSP00000162749
9606.ENSP00000428657,NAIP,Protein NAIP; human protein in STRING interactome,9606.ENSP00000428657
9606.ENSP00000465589,ACSBG2,Protein ACSBG2; human protein in STRING interactome,9606.ENSP00000465589
9606.ENSP00000346251,BPIFA1,Protein BPIFA1; human protein in STRING interactome,9606.ENSP00000346251
9606.ENSP00000296029,PF4,Protein PF4; human protein in STRING interactome,9606.ENSP00000296029
9606.ENSP00000384018,NCOR2,Protein NCOR2; human protein in STRING interactome,9606.ENSP00000384018
9606.ENSP00000172229,NGFR,Protein NGFR; human protein in STRING interactome,9606.ENSP00000172229
9606.ENSP00000260270,FDX1,Protein FDX1; human protein in STRING interactome,9606.ENSP00000260270
9606.ENSP00000416515,FDXR,Protein FDXR; human protein in STRING interactome,9606.ENSP00000416515
9606.ENSP00000351059,CX3CR1,Protein CX3CR1; human protein in STRING interactome,9606.ENSP00000351059
9606.ENSP00000363435,ITPR3,Protein ITPR3; human protein in STRING interactome,9606.ENSP00000363435
9606.ENSP00000337432,IL17F,Protein IL17F; human protein in STRING interactome,9606.ENSP00000337432
9606.ENSP00000426103,MIB2,Protein MIB2; human protein in STRING interactome,9606.ENSP00000426103
9606.ENSP00000231004,LOX,Protein LOX; human protein in STRING interactome,9606.ENSP00000231004
9606.ENSP00000363899,NIPSNAP3A,Protein NIPSNAP3A; human protein in STRING interactome,9606.ENSP00000363899
9606.ENSP00000419060,BRAF,Protein BRAF; human protein in STRING interactome,9606.ENSP00000419060
9606.ENSP00000227322,ZPR1,Protein ZPR1; human protein in STRING interactome,9606.ENSP00000227322
9606.ENSP00000496870,LRP2,Protein LRP2; human protein in STRING interactome,9606.ENSP00000496870
9606.ENSP00000302569,CLEC7A,Protein CLEC7A; human protein in STRING interactome,9606.ENSP00000302569
9606.ENSP00000392617,SMARCD2,Protein SMARCD2; human protein in STRING interactome,9606.ENSP00000392617
9606.ENSP00000293288,BAX,Protein BAX; human protein in STRING interactome,9606.ENSP00000293288
9606.ENSP00000320209,CIDEA,Cell death-inducing DFFA-like effector A; lipid droplet fusion,9606.ENSP00000320209
9606.ENSP00000220751,RIPK2,Protein RIPK2; human protein in STRING interactome,9606.ENSP00000220751
9606.ENSP00000441980,CEPT1,Protein CEPT1; human protein in STRING interactome,9606.ENSP00000441980
9606.ENSP00000457539,APOBR,Apolipoprotein B receptor; binds and internalizes apoB-containing lipoproteins,9606.ENSP00000457539
9606.ENSP00000245312,SLC10A2,Protein SLC10A2; human protein in STRING interactome,9606.ENSP00000245312
9606.ENSP00000219244,CCL17,Protein CCL17; human protein in STRING interactome,9606.ENSP00000219244
9606.ENSP00000477455,GRIN2B,Protein GRIN2B; human protein in STRING interactome,9606.ENSP00000477455
9606.ENSP00000319788,NQO1,Protein NQO1; human protein in STRING interactome,9606.ENSP00000319788
9606.ENSP00000221957,PLIN3,Protein PLIN3; human protein in STRING interactome,9606.ENSP00000221957
9606.ENSP00000419782,CDK5,Protein CDK5; human protein in STRING interactome,9606.ENSP00000419782
9606.ENSP00000355747,PSEN2,Protein PSEN2; human protein in STRING interactome,9606.ENSP00000355747
9606.ENSP00000231449,IL4,Protein IL4; human protein in STRING interactome,9606.ENSP00000231449
9606.ENSP00000164133,PPP2R5B,Protein PPP2R5B; human protein in STRING interactome,9606.ENSP00000164133
9606.ENSP00000261799,PDGFRB,Protein PDGFRB; human protein in STRING interactome,9606.ENSP00000261799
9606.ENSP00000290200,IL10RB,Protein IL10RB; human protein in STRING interactome,9606.ENSP00000290200
9606.ENSP00000333277,H3C13,Protein H3C13; human protein in STRING interactome,9606.ENSP00000333277
9606.ENSP00000311095,CYP4A11,Protein CYP4A11; human protein in STRING interactome,9606.ENSP00000311095
9606.ENSP00000216117,HMOX1,Protein HMOX1; human protein in STRING interactome,9606.ENSP00000216117
9606.ENSP00000268182,IQGAP1,Protein IQGAP1; human protein in STRING interactome,9606.ENSP00000268182
9606.ENSP00000480053,GPIHBP1,Glycosylphosphatidylinositol-anchored HDL-binding protein 1; LPL chaperone,9606.ENSP00000480053
9606.ENSP00000225174,PPIF,Protein PPIF; human protein in STRING interactome,9606.ENSP00000225174
9606.ENSP00000274255,SKP2,Protein SKP2; human protein in STRING interactome,9606.ENSP00000274255
9606.ENSP00000263339,IL1A,Protein IL1A; human protein in STRING interactome,9606.ENSP00000263339
9606.ENSP00000351905,TGFBR2,Protein TGFBR2; human protein in STRING interactome,9606.ENSP00000351905
9606.ENSP00000265052,MGLL,Protein MGLL; human protein in STRING interactome,9606.ENSP00000265052
9606.ENSP00000221138,PPP2CB,Protein PPP2CB; human protein in STRING interactome,9606.ENSP00000221138
9606.ENSP00000259075,TANK,Protein TANK; human protein in STRING interactome,9606.ENSP00000259075
9606.ENSP00000441927,SESN3,Protein SESN3; human protein in STRING interactome,9606.ENSP00000441927
9606.ENSP00000263734,EPAS1,Protein EPAS1; human protein in STRING interactome,9606.ENSP00000263734
9606.ENSP00000296871,CSF2,Protein CSF2; human protein in STRING interactome,9606.ENSP00000296871
9606.ENSP00000256078,KRAS,Protein KRAS; human protein in STRING interactome,9606.ENSP00000256078
9606.ENSP00000349616,ADIPOR2,Protein ADIPOR2; human protein in STRING interactome,9606.ENSP00000349616
9606.ENSP00000384513,ABCG5,ATP-binding cassette transporter G5; sterol excretion into bile,9606.ENSP00000384513
9606.ENSP00000293217,ACOX1,Protein ACOX1; human protein in STRING interactome,9606.ENSP00000293217
9606.ENSP00000357622,CRTC2,Protein CRTC2; human protein in STRING interactome,9606.ENSP00000357622
9606.ENSP00000243501,PLA2G12A,Protein PLA2G12A; human protein in STRING interactome,9606.ENSP00000243501
9606.ENSP00000431926,AMBRA1,Protein AMBRA1; human protein in STRING interactome,9606.ENSP00000431926
9606.ENSP00000424630,ADH4,Protein ADH4; human protein in STRING interactome,9606.ENSP00000424630
9606.ENSP00000303246,ACOT12,Protein ACOT12; human protein in STRING interactome,9606.ENSP00000303246
9606.ENSP00000354952,GAB2,Protein GAB2; human protein in STRING interactome,9606.ENSP00000354952
9606.ENSP00000262320,AXIN1,Protein AXIN1; human protein in STRING interactome,9606.ENSP00000262320
9606.ENSP00000385477,CLDN5,Protein CLDN5; human protein in STRING interactome,9606.ENSP00000385477
9606.ENSP00000497102,CTLA4,Protein CTLA4; human protein in STRING interactome,9606.ENSP00000497102
9606.ENSP00000361021,PTEN,Protein PTEN; human protein in STRING interactome,9606.ENSP00000361021
9606.ENSP00000440125,FAM120B,Protein FAM120B; human protein in STRING interactome,9606.ENSP00000440125
9606.ENSP00000215530,FGF22,Protein FGF22; human protein in STRING interactome,9606.ENSP00000215530
9606.ENSP00000287820,PPARG,Peroxisome proliferator-activated receptor gamma; adipogenesis and lipid storage,9606.ENSP00000287820
9606.ENSP00000360609,HSP90AB1,Protein HSP90AB1; human protein in STRING interactome,9606.ENSP00000360609
9606.ENSP00000435412,RPS6KA1,Protein RPS6KA1; human protein in STRING interactome,9606.ENSP00000435412
9606.ENSP00000359380,SCD,Stearoyl-CoA desaturase; monounsaturated fatty acid synthesis,9606.ENSP00000359380
9606.ENSP00000480791,FGF1,Protein FGF1; human protein in STRING interactome,9606.ENSP00000480791
9606.ENSP00000304051,RNF139,Protein RNF139; human protein in STRING interactome,9606.ENSP00000304051
9606.ENSP00000262741,PIK3R3,Protein PIK3R3; human protein in STRING interactome,9606.ENSP00000262741
9606.ENSP00000341189,PTK2,Protein PTK2; human protein in STRING interactome,9606.ENSP00000341189
9606.ENSP00000346148,PRKAA1,Protein PRKAA1; human protein in STRING interactome,9606.ENSP00000346148
9606.ENSP00000222254,PIK3R2,Protein PIK3R2; human protein in STRING interactome,9606.ENSP00000222254
9606.ENSP00000001008,FKBP4,Protein FKBP4; human protein in STRING interactome,9606.ENSP00000001008
9606.ENSP00000329991,IFNL1,Protein IFNL1; human protein in STRING interactome,9606.ENSP00000329991
9606.ENSP00000258080,HTRA2,Protein HTRA2; human protein in STRING interactome,9606.ENSP00000258080
9606.ENSP00000477713,LCK,Protein LCK; human protein in STRING interactome,9606.ENSP00000477713
9606.ENSP00000289473,NCF1,Protein NCF1; human protein in STRING interactome,9606.ENSP00000289473
9606.ENSP00000339527,FOXO3,Protein FOXO3; human protein in STRING interactome,9606.ENSP00000339527
9606.ENSP00000374265,GPX2,Protein GPX2; human protein in STRING interactome,9606.ENSP00000374265
9606.ENSP00000342156,NCR3,Protein NCR3; human protein in STRING interactome,9606.ENSP00000342156
9606.ENSP00000362057,NOX1,Protein NOX1; human protein in STRING interactome,9606.ENSP00000362057
9606.ENSP00000479669,CAB39L,Protein CAB39L; human protein in STRING interactome,9606.ENSP00000479669
9606.ENSP00000261942,FAF2,Protein FAF2; human protein in STRING interactome,9606.ENSP00000261942
9606.ENSP00000350359,CREB5,Protein CREB5; human protein in STRING interactome,9606.ENSP00000350359
9606.ENSP00000389445,UBAP2L,Protein UBAP2L; human protein in STRING interactome,9606.ENSP00000389445
9606.ENSP00000327459,APOBEC3B,Protein APOBEC3B; human protein in STRING interactome,9606.ENSP00000327459
9606.ENSP00000321345,IL23R,Protein IL23R; human protein in STRING interactome,9606.ENSP00000321345
9606.ENSP00000296861,TNFRSF21,Protein TNFRSF21; human protein in STRING interactome,9606.ENSP00000296861
9606.ENSP00000464030,IKBKE,Protein IKBKE; human protein in STRING interactome,9606.ENSP00000464030
9606.ENSP00000263379,IL27RA,Protein IL27RA; human protein in STRING interactome,9606.ENSP00000263379
9606.ENSP00000330382,PDGFB,Protein PDGFB; human protein in STRING interactome,9606.ENSP00000330382
9606.ENSP00000276431,TNFRSF10B,Protein TNFRSF10B; human protein in STRING interactome,9606.ENSP00000276431
9606.ENSP00000314976,IL20RA,Protein IL20RA; human protein in STRING interactome,9606.ENSP00000314976
9606.ENSP00000442424,IL22,Protein IL22; human protein in STRING interactome,9606.ENSP00000442424
9606.ENSP00000215754,MIF,Protein MIF; human protein in STRING interactome,9606.ENSP00000215754
9606.ENSP00000433623,TRAF6,Protein TRAF6; human protein in STRING interactome,9606.ENSP00000433623
9606.ENSP00000262262,CD33,Protein CD33; human protein in STRING interactome,9606.ENSP00000262262
9606.ENSP00000236671,CTSD,Protein CTSD; human protein in STRING interactome,9606.ENSP00000236671
9606.ENSP00000265563,PRKAR2A,Protein PRKAR2A; human protein in STRING interactome,9606.ENSP00000265563
9606.ENSP00000471493,FPR1,Protein FPR1; human protein in STRING interactome,9606.ENSP00000471493
9606.ENSP00000337053,SEL1L,Protein SEL1L; human protein in STRING interactome,9606.ENSP00000337053
9606.ENSP00000389814,ADIPOQ,Protein ADIPOQ; human protein in STRING interactome,9606.ENSP00000389814
9606.ENSP00000375616,LILRB4,Protein LILRB4; human protein in STRING interactome,9606.ENSP00000375616
9606.ENSP00000357981,CTSS,Protein CTSS; human protein in STRING interactome,9606.ENSP00000357981
9606.ENSP00000501053,ADCY7,Protein ADCY7; human protein in STRING interactome,9606.ENSP00000501053
9606.ENSP00000376352,PDK1,Protein PDK1; human protein in STRING interactome,9606.ENSP00000376352
9606.ENSP00000228606,CYP27B1,Protein CYP27B1; human protein in STRING interactome,9606.ENSP00000228606
9606.ENSP00000296412,ADH5,Protein ADH5; human protein in STRING interactome,9606.ENSP00000296412
9606.ENSP00000312652,LEP,Protein LEP; human protein in STRING interactome,9606.ENSP00000312652
9606.ENSP00000369863,TLCD3B,Protein TLCD3B; human protein in STRING interactome,9606.ENSP00000369863
9606.ENSP00000300245,AKTIP,Protein AKTIP; human protein in STRING interactome,9606.ENSP00000300245
9606.ENSP00000259396,ORM1,Protein ORM1; human protein in STRING interactome,9606.ENSP00000259396
9606.ENSP00000384092,POMC,Protein POMC; human protein in STRING interactome,9606.ENSP00000384092
9606.ENSP00000252723,EPO,Protein EPO; human protein in STRING interactome,9606.ENSP00000252723
9606.ENSP00000397908,LPIN1,Protein LPIN1; human protein in STRING interactome,9606.ENSP00000397908
9606.ENSP00000427279,CXCL2,Protein CXCL2; human protein in STRING interactome,9606.ENSP00000427279
9606.ENSP00000278671,LAMTOR1,Protein LAMTOR1; human protein in STRING interactome,9606.ENSP00000278671
9606.ENSP00000380184,GPAT4,Protein GPAT4; human protein in STRING interactome,9606.ENSP00000380184
9606.ENSP00000402084,WEE1,Protein WEE1; human protein in STRING interactome,9606.ENSP00000402084
9606.ENSP00000222271,COMP,Protein COMP; human protein in STRING interactome,9606.ENSP00000222271
9606.ENSP00000263094,ABCA7,Protein ABCA7; human protein in STRING interactome,9606.ENSP00000263094
9606.ENSP00000356562,XPR1,Protein XPR1; human protein in STRING interactome,9606.ENSP00000356562
9606.ENSP00000283243,PLA2R1,Protein PLA2R1; human protein in STRING interactome,9606.ENSP00000283243
9606.ENSP00000292303,CCR5,Protein CCR5; human protein in STRING interactome,9606.ENSP00000292303
9606.ENSP00000364349,ATF6B,Protein ATF6B; human protein in STRING interactome,9606.ENSP00000364349
9606.ENSP00000261405,VWF,Protein VWF; human protein in STRING interactome,9606.ENSP00000261405
9606.ENSP00000354927,MAP3K3,Protein MAP3K3; human protein in STRING interactome,9606.ENSP00000354927
9606.ENSP00000357727,S100A9,Protein S100A9; human protein in STRING interactome,9606.ENSP00000357727
9606.ENSP00000416066,SERPINA1,Protein SERPINA1; human protein in STRING interactome,9606.ENSP00000416066
9606.ENSP00000284818,LY96,Protein LY96; human protein in STRING interactome,9606.ENSP00000284818
9606.ENSP00000244669,APOBEC2,Protein APOBEC2; human protein in STRING interactome,9606.ENSP00000244669
9606.ENSP00000259206,IL1RN,Protein IL1RN; human protein in STRING interactome,9606.ENSP00000259206
9606.ENSP00000339467,RHOG,Protein RHOG; human protein in STRING interactome,9606.ENSP00000339467
9606.ENSP00000361626,YBX1,Protein YBX1; human protein in STRING interactome,9606.ENSP00000361626
9606.ENSP00000482647,ARHGEF18,Protein ARHGEF18; human protein in STRING interactome,9606.ENSP00000482647
9606.ENSP00000343957,IFNAR2,Protein IFNAR2; human protein in STRING interactome,9606.ENSP00000343957
9606.ENSP00000295897,ALB,Protein ALB; human protein in STRING interactome,9606.ENSP00000295897
9606.ENSP00000262189,KMT2C,Protein KMT2C; human protein in STRING interactome,9606.ENSP00000262189
9606.ENSP00000274532,TIMD4,Protein TIMD4; human protein in STRING interactome,9606.ENSP00000274532
9606.ENSP00000386541,PSMD14,Protein PSMD14; human protein in STRING interactome,9606.ENSP00000386541
9606.ENSP00000290573,HK2,Protein HK2; human protein in STRING interactome,9606.ENSP00000290573
9606.ENSP00000482259,CCL4,Protein CCL4; human protein in STRING interactome,9606.ENSP00000482259
9606.ENSP00000263851,IL7,Protein IL7; human protein in STRING interactome,9606.ENSP00000263851
9606.ENSP00000316029,TLN1,Protein TLN1; human protein in STRING interactome,9606.ENSP00000316029
9606.ENSP00000296795,TLR3,Protein TLR3; human protein in STRING interactome,9606.ENSP00000296795
9606.ENSP00000364650,LYZL1,Protein LYZL1; human protein in STRING interactome,9606.ENSP00000364650
9606.ENSP00000309124,OLR1,Protein OLR1; human protein in STRING interactome,9606.ENSP00000309124
9606.ENSP00000216160,TAB1,Protein TAB1; human protein in STRING interactome,9606.ENSP00000216160
9606.ENSP00000217961,STS,Protein STS; human protein in STRING interactome,9606.ENSP00000217961
9606.ENSP00000483403,GHR,Protein GHR; human protein in STRING interactome,9606.ENSP00000483403
9606.ENSP00000391826,IGF2,Protein IGF2; human protein in STRING interactome,9606.ENSP00000391826
9606.ENSP00000296980,IL22RA2,Protein IL22RA2; human protein in STRING interactome,9606.ENSP00000296980
9606.ENSP00000480035,IGHV3-72,Protein IGHV3-72; human protein in STRING interactome,9606.ENSP00000480035
9606.ENSP00000364512,G6PC2,Protein G6PC2; human protein in STRING interactome,9606.ENSP00000364512
9606.ENSP00000361554,TIE1,Protein TIE1; human protein in STRING interactome,9606.ENSP00000361554
9606.ENSP00000364145,PFKFB1,Protein PFKFB1; human protein in STRING interactome,9606.ENSP00000364145
9606.ENSP00000358414,HMGCS2,HMG-CoA synthase 2; mitochondrial ketogenesis enzyme,9606.ENSP00000358414
9606.ENSP00000365227,AIF1,Protein AIF1; human protein in STRING interactome,9606.ENSP00000365227
9606.ENSP00000201586,SULT2B1,Protein SULT2B1; human protein in STRING interactome,9606.ENSP00000201586
9606.ENSP00000245932,VASP,Protein VASP; human protein in STRING interactome,9606.ENSP00000245932
9606.ENSP00000377245,KEAP1,Protein KEAP1; human protein in STRING interactome,9606.ENSP00000377245
9606.ENSP00000497444,LRPAP1,LDL receptor-related protein associated protein 1; LRP1 chaperone,9606.ENSP00000497444
9606.ENSP00000360918,CH25H,Protein CH25H; human protein in STRING interactome,9606.ENSP00000360918
9606.ENSP00000219476,TSC2,Protein TSC2; human protein in STRING interactome,9606.ENSP00000219476
9606.ENSP00000386433,ZNF638,Protein ZNF638; human protein in STRING interactome,9606.ENSP00000386433
9606.ENSP00000252595,SLC27A1,Fatty acid transport protein 1; long-chain fatty acid uptake,9606.ENSP00000252595
9606.ENSP00000399376,PRNP,Protein PRNP; human protein in STRING interactome,9606.ENSP00000399376
9606.ENSP00000209668,ADH1A,Protein ADH1A; human protein in STRING interactome,9606.ENSP00000209668
9606.ENSP00000380948,ITGB2,Protein ITGB2; human protein in STRING interactome,9606.ENSP00000380948
9606.ENSP00000495951,KITLG,Protein KITLG; human protein in STRING interactome,9606.ENSP00000495951
9606.ENSP00000311492,ISX,Protein ISX; human protein in STRING interactome,9606.ENSP00000311492
9606.ENSP00000297679,HSD3B7,Protein HSD3B7; human protein in STRING interactome,9606.ENSP00000297679
9606.ENSP00000256319,ERG28,Protein ERG28; human protein in STRING interactome,9606.ENSP00000256319
9606.ENSP00000422607,ACSL1,Protein ACSL1; human protein in STRING interactome,9606.ENSP00000422607
9606.ENSP00000222330,GSK3A,Protein GSK3A; human protein in STRING interactome,9606.ENSP00000222330
9606.ENSP00000288490,DGKI,Protein DGKI; human protein in STRING interactome,9606.ENSP00000288490
9606.ENSP00000468236,APOC4,Protein APOC4; human protein in STRING interactome,9606.ENSP00000468236
9606.ENSP00000296545,IL15,Protein IL15; human protein in STRING interactome,9606.ENSP00000296545
9606.ENSP00000264867,PPARGC1A,Protein PPARGC1A; human protein in STRING interactome,9606.ENSP00000264867
9606.ENSP00000312988,NFKBIB,Protein NFKBIB; human protein in STRING interactome,9606.ENSP00000312988
9606.ENSP00000363817,RXRB,Protein RXRB; human protein in STRING interactome,9606.ENSP00000363817
9606.ENSP00000352601,LRP10,Protein LRP10; human protein in STRING interactome,9606.ENSP00000352601
9606.ENSP00000343405,SEC24C,Protein SEC24C; human protein in STRING interactome,9606.ENSP00000343405
9606.ENSP00000380150,CARD11,Protein CARD11; human protein in STRING interactome,9606.ENSP00000380150
9606.ENSP00000444810,FKBP5,Protein FKBP5; human protein in STRING interactome,9606.ENSP00000444810
9606.ENSP00000385269,ELAVL1,Protein ELAVL1; human protein in STRING interactome,9606.ENSP00000385269
9606.ENSP00000352252,H3C12,Protein H3C12; human protein in STRING interactome,9606.ENSP00000352252
9606.ENSP00000317674,APOL1,"Apolipoprotein L1; trypanosome lytic factor, associated with kidney disease",9606.ENSP00000317674
9606.ENSP00000322898,EBF1,Protein EBF1; human protein in STRING interactome,9606.ENSP00000322898
9606.ENSP00000381133,FGL1,Protein FGL1; human protein in STRING interactome,9606.ENSP00000381133
9606.ENSP00000409555,HERPUD1,Protein HERPUD1; human protein in STRING interactome,9606.ENSP00000409555
9606.ENSP00000363827,HSPG2,Protein HSPG2; human protein in STRING interactome,9606.ENSP00000363827
9606.ENSP00000351015,NF1,Protein NF1; human protein in STRING interactome,9606.ENSP00000351015
9606.ENSP00000386559,CD8A,Protein CD8A; human protein in STRING interactome,9606.ENSP00000386559
9606.ENSP00000420269,ADH7,Protein ADH7; human protein in STRING interactome,9606.ENSP00000420269
9606.ENSP00000498321,MYD88,Protein MYD88; human protein in STRING interactome,9606.ENSP00000498321
9606.ENSP00000356563,PEX3,Protein PEX3; human protein in STRING interactome,9606.ENSP00000356563
9606.ENSP00000357452,PMVK,Protein PMVK; human protein in STRING interactome,9606.ENSP00000357452
9606.ENSP00000419027,PCCB,Protein PCCB; human protein in STRING interactome,9606.ENSP00000419027
9606.ENSP00000415769,ITIH3,Protein ITIH3; human protein in STRING interactome,9606.ENSP00000415769
9606.ENSP00000466259,ACLY,Protein ACLY; human protein in STRING interactome,9606.ENSP00000466259
9606.ENSP00000361066,NCOA3,Protein NCOA3; human protein in STRING interactome,9606.ENSP00000361066
9606.ENSP00000003100,CYP51A1,Protein CYP51A1; human protein in STRING interactome,9606.ENSP00000003100
9606.ENSP00000424183,LAMTOR3,Protein LAMTOR3; human protein in STRING interactome,9606.ENSP00000424183
9606.ENSP00000313419,CD19,Protein CD19; human protein in STRING interactome,9606.ENSP00000313419
9606.ENSP00000444935,PAFAH1B3,Protein PAFAH1B3; human protein in STRING interactome,9606.ENSP00000444935
9606.ENSP00000364246,PLA2G2D,Protein PLA2G2D; human protein in STRING interactome,9606.ENSP00000364246
9606.ENSP00000369689,CALML5,Protein CALML5; human protein in STRING interactome,9606.ENSP00000369689
9606.ENSP00000263967,PIK3CA,Protein PIK3CA; human protein in STRING interactome,9606.ENSP00000263967
9606.ENSP00000302079,C3AR1,Protein C3AR1; human protein in STRING interactome,9606.ENSP00000302079
9606.ENSP00000310572,PSMC5,Protein PSMC5; human protein in STRING interactome,9606.ENSP00000310572
9606.ENSP00000368538,TNFRSF4,Protein TNFRSF4; human protein in STRING interactome,9606.ENSP00000368538
9606.ENSP00000380334,NCF4,Protein NCF4; human protein in STRING interactome,9606.ENSP00000380334
9606.ENSP00000292401,AZGP1,Protein AZGP1; human protein in STRING interactome,9606.ENSP00000292401
9606.ENSP00000337572,DGKH,Protein DGKH; human protein in STRING interactome,9606.ENSP00000337572
9606.ENSP00000337446,STARD3,Protein STARD3; human protein in STRING interactome,9606.ENSP00000337446
9606.ENSP00000263253,EP300,Protein EP300; human protein in STRING interactome,9606.ENSP00000263253
9606.ENSP00000318147,EDEM3,Protein EDEM3; human protein in STRING interactome,9606.ENSP00000318147
9606.ENSP00000420927,PDK2,Protein PDK2; human protein in STRING interactome,9606.ENSP00000420927
9606.ENSP00000320147,EZH2,Protein EZH2; human protein in STRING interactome,9606.ENSP00000320147
9606.ENSP00000494750,ACTB,Protein ACTB; human protein in STRING interactome,9606.ENSP00000494750
9606.ENSP00000278616,ATM,Protein ATM; human protein in STRING interactome,9606.ENSP00000278616
9606.ENSP00000318165,OS9,Protein OS9; human protein in STRING interactome,9606.ENSP00000318165
9606.ENSP00000262629,TYROBP,Protein TYROBP; human protein in STRING interactome,9606.ENSP00000262629
9606.ENSP00000397297,NTF3,Protein NTF3; human protein in STRING interactome,9606.ENSP00000397297
9606.ENSP00000329357,SP1,Protein SP1; human protein in STRING interactome,9606.ENSP00000329357
9606.ENSP00000317904,GYS1,Protein GYS1; human protein in STRING interactome,9606.ENSP00000317904
9606.ENSP00000377958,CCT4,Protein CCT4; human protein in STRING interactome,9606.ENSP00000377958
9606.ENSP00000342056,CS,Protein CS; human protein in STRING interactome,9606.ENSP00000342056
9606.ENSP00000285093,ACAA2,Protein ACAA2; human protein in STRING interactome,9606.ENSP00000285093
9606.ENSP00000302728,GUSB,Protein GUSB; human protein in STRING interactome,9606.ENSP00000302728
9606.ENSP00000264613,CP,Protein CP; human protein in STRING interactome,9606.ENSP00000264613
9606.ENSP00000385432,SAR1B,Secretion associated Ras-related GTPase 1B; chylomicron secretion,9606.ENSP00000385432
9606.ENSP00000338010,IL21R,Protein IL21R; human protein in STRING interactome,9606.ENSP00000338010
9606.ENSP00000378868,A1CF,Protein A1CF; human protein in STRING interactome,9606.ENSP00000378868
9606.ENSP00000296557,ARFIP1,Protein ARFIP1; human protein in STRING interactome,9606.ENSP00000296557
9606.ENSP00000311224,ACOT1,Protein ACOT1; human protein in STRING interactome,9606.ENSP00000311224
9606.ENSP00000367312,SEL1L2,Protein SEL1L2; human protein in STRING interactome,9606.ENSP00000367312
9606.ENSP00000345571,E2F1,Protein E2F1; human protein in STRING interactome,9606.ENSP00000345571
9606.ENSP00000264409,GPAT3,Protein GPAT3; human protein in STRING interactome,9606.ENSP00000264409
9606.ENSP00000401888,RAF1,Protein RAF1; human protein in STRING interactome,9606.ENSP00000401888
9606.ENSP00000368880,FOXO1,Protein FOXO1; human protein in STRING interactome,9606.ENSP00000368880
9606.ENSP00000341208,STAT5A,Protein STAT5A; human protein in STRING interactome,9606.ENSP00000341208
9606.ENSP00000485552,SAA2-SAA4,Protein SAA2-SAA4; human protein in STRING interactome,9606.ENSP00000485552
9606.ENSP00000262301,LMF1,Lipase maturation factor 1; required for LPL and HL folding,9606.ENSP00000262301
9606.ENSP00000228510,MVK,Mevalonate kinase; catalyzes mevalonate phosphorylation in isoprenoid pathway,9606.ENSP00000228510
9606.ENSP00000301764,DDB1,Protein DDB1; human protein in STRING interactome,9606.ENSP00000301764
9606.ENSP00000369927,AKR1C3,Protein AKR1C3; human protein in STRING interactome,9606.ENSP00000369927
9606.ENSP00000264381,BCHE,Protein BCHE; human protein in STRING interactome,9606.ENSP00000264381
9606.ENSP00000302324,RNASE3,Protein RNASE3; human protein in STRING interactome,9606.ENSP00000302324
9606.ENSP00000312150,TRIB1,Tribbles pseudokinase 1; regulates hepatic lipogenesis and VLDL production,9606.ENSP00000312150
9606.ENSP00000320935,SLC2A4,Protein SLC2A4; human protein in STRING interactome,9606.ENSP00000320935
9606.ENSP00000264110,ATF2,Protein ATF2; human protein in STRING interactome,9606.ENSP00000264110
9606.ENSP00000264246,CD80,Protein CD80; human protein in STRING interactome,9606.ENSP00000264246
9606.ENSP00000428340,ANGPT1,Protein ANGPT1; human protein in STRING interactome,9606.ENSP00000428340
9606.ENSP00000296327,SLC51A,Protein SLC51A; human protein in STRING interactome,9606.ENSP00000296327
9606.ENSP00000306117,DDX19A,Protein DDX19A; human protein in STRING interactome,9606.ENSP00000306117
9606.ENSP00000417901,GPHN,Protein GPHN; human protein in STRING interactome,9606.ENSP00000417901
9606.ENSP00000327336,BGN,Protein BGN; human protein in STRING interactome,9606.ENSP00000327336
9606.ENSP00000366915,KLF5,Protein KLF5; human protein in STRING interactome,9606.ENSP00000366915
9606.ENSP00000348416,TJP1,Protein TJP1; human protein in STRING interactome,9606.ENSP00000348416
9606.ENSP00000499129,PDIA4,Protein PDIA4; human protein in STRING interactome,9606.ENSP00000499129
9606.ENSP00000370430,PNPLA4,Protein PNPLA4; human protein in STRING interactome,9606.ENSP00000370430
9606.ENSP00000228463,SELPLG,Protein SELPLG; human protein in STRING interactome,9606.ENSP00000228463
9606.ENSP00000426909,RACK1,Protein RACK1; human protein in STRING interactome,9606.ENSP00000426909
9606.ENSP00000265171,EGF,Protein EGF; human protein in STRING interactome,9606.ENSP00000265171
9606.ENSP00000360268,ALDH18A1,Protein ALDH18A1; human protein in STRING interactome,9606.ENSP00000360268
9606.ENSP00000272286,ABCG8,ATP-binding cassette transporter G8; heterodimer with ABCG5 for sterol excretion,9606.ENSP00000272286
9606.ENSP00000348056,UBE2I,Protein UBE2I; human protein in STRING interactome,9606.ENSP00000348056
9606.ENSP00000284981,APP,Protein APP; human protein in STRING interactome,9606.ENSP00000284981
9606.ENSP00000479955,CCL18,Protein CCL18; human protein in STRING interactome,9606.ENSP00000479955
9606.ENSP00000232501,NPRL2,Protein NPRL2; human protein in STRING interactome,9606.ENSP00000232501
9606.ENSP00000379097,AREG,Protein AREG; human protein in STRING interactome,9606.ENSP00000379097
9606.ENSP00000362123,PLA2G12B,Protein PLA2G12B; human protein in STRING interactome,9606.ENSP00000362123
9606.ENSP00000316338,BAIAP2,Protein BAIAP2; human protein in STRING interactome,9606.ENSP00000316338
9606.ENSP00000381698,SHARPIN,Protein SHARPIN; human protein in STRING interactome,9606.ENSP00000381698
9606.ENSP00000384363,GDPD3,Protein GDPD3; human protein in STRING interactome,9606.ENSP00000384363
9606.ENSP00000370542,SDC1,Protein SDC1; human protein in STRING interactome,9606.ENSP00000370542
9606.ENSP00000301295,NLRP4,Protein NLRP4; human protein in STRING interactome,9606.ENSP00000301295
9606.ENSP00000333919,BTLA,Protein BTLA; human protein in STRING interactome,9606.ENSP00000333919
9606.ENSP00000384364,NPY,Protein NPY; human protein in STRING interactome,9606.ENSP00000384364
9606.ENSP00000393847,PLA2G10,Protein PLA2G10; human protein in STRING interactome,9606.ENSP00000393847
9606.ENSP00000380450,NOXO1,Protein NOXO1; human protein in STRING interactome,9606.ENSP00000380450
9606.ENSP00000298316,ARF6,Protein ARF6; human protein in STRING interactome,9606.ENSP00000298316
9606.ENSP00000256010,NTS,Protein NTS; human protein in STRING interactome,9606.ENSP00000256010
9606.ENSP00000297323,ADCY1,Protein ADCY1; human protein in STRING interactome,9606.ENSP00000297323
9606.ENSP00000361004,IL13RA2,Protein IL13RA2; human protein in STRING interactome,9606.ENSP00000361004
9606.ENSP00000223023,WASL,Protein WASL; human protein in STRING interactome,9606.ENSP00000223023
9606.ENSP00000435534,CCKBR,Protein CCKBR; human protein in STRING interactome,9606.ENSP00000435534
9606.ENSP00000381250,APOF,Apolipoprotein F; inhibitor of cholesteryl ester transfer protein,9606.ENSP00000381250
9606.ENSP00000361083,ADIRF,Protein ADIRF; human protein in STRING interactome,9606.ENSP00000361083
9606.ENSP00000326031,PPP1CA,Protein PPP1CA; human protein in STRING interactome,9606.ENSP00000326031
9606.ENSP00000364801,HSPA1B,Protein HSPA1B; human protein in STRING interactome,9606.ENSP00000364801
9606.ENSP00000297504,ABCB8,Protein ABCB8; human protein in STRING interactome,9606.ENSP00000297504
9606.ENSP00000281834,TNFSF4,Protein TNFSF4; human protein in STRING interactome,9606.ENSP00000281834
9606.ENSP00000356070,MAPKAPK2,Protein MAPKAPK2; human protein in STRING interactome,9606.ENSP00000356070
9606.ENSP00000249075,LIF,Protein LIF; human protein in STRING interactome,9606.ENSP00000249075
9606.ENSP00000446252,SOD2,Protein SOD2; human protein in STRING interactome,9606.ENSP00000446252
9606.ENSP00000253063,SESN2,Protein SESN2; human protein in STRING interactome,9606.ENSP00000253063
9606.ENSP00000229795,MAPK14,Protein MAPK14; human protein in STRING interactome,9606.ENSP00000229795
